RNF14	1
GAS5-AS1	1
GTF2IP1	1
SYNGR2	1
C16orf13	1
C16orf11	1
CHMP1B	1
PMM2	1
PMM1	1
ZNF709	1
ZNF708	1
CAMK1	1
ZNF701	1
ZNF700	1
ZNF707	1
CAMK4	1
LOC339240	1
SPN	1
TCOF1	1
NUP98	1
XPC	1
SP2	1
SP4	1
SP6	1
LOC149950	1
RAB40C	1
RAB40B	1
GTSE1	1
OVCH2	1
OVCH1	1
SPPL2C	1
SPPL2B	1
UGCG	1
ATP2A1	1
ATP2A3	1
ITGA3	1
RIT1	1
DENND4A	1
DENND4C	1
SWAP70	1
LOC100132287	1
ZNF664-FAM101A	1
PHLDA2	1
LOC100652772	1
MRPL28	1
FBXL13	1
FBXL12	1
FBXL16	1
FAM169A	1
FBXL18	1
GHDC	1
H19	1
KANSL1-AS1	1
FAM212A	1
CHST8	1
HMGB3P1	1
COL4A3	1
CHST3	1
CHST7	1
ITGAX	1
ITGAL	1
ITGAM	1
FAM134C	1
ITGAE	1
FAM134A	1
TRERF1	1
SMAD5	1
SMAD6	1
SMAD7	1
SMAD2	1
SMAD3	1
MUS81	1
TMPRSS11A	1
IGF2R	1
ABHD14B	1
ZC3H10	1
SLC36A3	1
SLC36A1	1
GATM-AS1	1
ERICH1	1
C14orf119	1
HERC2P2	1
HERC2P4	1
TCEA2	1
TCEA3	1
TMLHE-AS1	1
CCDC113	1
ATP1A3	1
MGRN1	1
TMEM67	1
CRTAP	1
CBLC	1
IPO11	1
HPYR1	1
CPEB4	1
CPEB3	1
SIRPD	1
ABAT	1
RHEBL1	1
TP53TG1	1
GRINA	1
KISS1R	1
LOC284865	1
ATG4B	1
PHOX2A	1
LRGUK	1
UPK2	1
ANKFY1	1
SMKR1	1
ATP6V0E1	1
CFP	1
ADCY10P1	1
SIX1	1
LOC100506385	1
CNPY3	1
IGFBPL1	1
LINC00303	1
HMG20A	1
HMG20B	1
AAGAB	1
C3orf70	1
MRO	1
EFHA2	1
TIGD1	1
SYPL2	1
RFX5	1
RFX1	1
RFX2	1
RFX3	1
APC	1
TMEM179B	1
ETV3L	1
UQCRC2	1
XPNPEP1	1
GGCX	1
GGCT	1
LHCGR	1
MSL3P1	1
DPYSL5	1
HBE1	1
OSR2	1
C15orf26	1
C15orf27	1
GJA5	1
PMS2P1	1
PMS2P3	1
PRR7-AS1	1
KDM3B	1
SEZ6L	1
TMC6	1
EIF2B4	1
EIF2B5	1
EIF2B3	1
PRKAR2A	1
PRKAR2B	1
TXNIP	1
S1PR4	1
QPRT	1
IFT140	1
MLF2	1
CDRT15P1	1
TMEM14A	1
MECOM	1
RSPH1	1
TPBGL	1
C9orf129	1
C9orf123	1
LOC646719	1
CLIC6	1
PHACTR4	1
CLIC5	1
NLGN2	1
CLIC3	1
PHACTR3	1
CLIC1	1
KRTAP2-3	1
KRTAP2-1	1
KIAA0020	1
ASGR1	1
ASGR2	1
TMEM141	1
MIR4706	1
MIR4703	1
SOWAHD	1
OR5AN1	1
PKD1P1	1
ZMAT2	1
C19orf24	1
C19orf25	1
NR1D2	1
ZNF7	1
ZNF3	1
TIPIN	1
LOC284294	1
SBDS	1
VCL	1
VCP	1
CPLX3	1
CPLX1	1
SEPT7L	1
PBX4	1
NSUN7	1
NSUN6	1
TUBG2	1
FAM71F1	1
FAM71F2	1
TARP	1
AOAH-IT1	1
TIMM44	1
PAGR1	1
RAD9A	1
ERGIC3	1
ERGIC1	1
B3GAT3	1
FAM66D	1
FAM66C	1
PLN	1
CALM2	1
TTC30A	1
TTC30B	1
CALM1	1
GSDMA	1
GSDMC	1
UPK1A	1
UPK1B	1
MBNL3	1
CLCN7	1
CLCN6	1
BRD8	1
BRD4	1
BRD2	1
BRD3	1
DOLPP1	1
DNAJA1	1
PTPN13	1
GALR3	1
CSF2RB	1
CSF2RA	1
C16orf71	1
SEH1L	1
MRPL22	1
LRFN4	1
GAB2	1
GAB3	1
LOC100506844	1
GAB1	1
C2orf81	1
C2orf82	1
ZNF853	1
NPTX1	1
ZNF850	1
KIRREL3-AS2	1
NDRG4	1
ZSCAN2	1
SRSF4	1
SRSF7	1
CHD1L	1
SRSF3	1
SRSF2	1
DNAJB13	1
RAPH1	1
VIL1	1
MSMB	1
RNF139	1
GID4	1
CISD3	1
LINC00623	1
VILL	1
LPAR2	1
HAPLN4	1
ZNF589	1
ASUN	1
LINC00626	1
PSD	1
CAMKK1	1
NPTXR	1
ARHGAP5-AS1	1
MYO1D	1
MYO1C	1
MYO1B	1
CHMP5	1
DENND6A	1
OR52N4	1
PGBD5	1
OR52N1	1
SULT6B1	1
LY6G6C	1
HOXA13	1
PPAPDC1B	1
LY6G6F	1
PPIAL4A	1
KRTAP19-3	1
FAM160B1	1
NUBP2	1
TSSK6	1
TSSK4	1
ZNF326	1
TSSK3	1
FAM214A	1
FAM214B	1
SRY	1
LGALS4	1
AKIRIN2	1
EIF2AK2	1
HN1	1
MIR181B2	1
FAM136A	1
ASAP1	1
ASAP3	1
PLAUR	1
FLJ34208	1
LRRC27	1
LRRC25	1
LRRC24	1
LRRC23	1
SEMA6D	1
GCNT2	1
C14orf132	1
LPCAT2	1
LPCAT1	1
PIGG	1
TBC1D3	1
PIGL	1
PIGO	1
PIGQ	1
PIGR	1
TMEM194B	1
PIGU	1
PIGX	1
PIGY	1
ANKLE1	1
CSNK1G2	1
TAX1BP3	1
ALPP	1
RHPN1	1
SRRM1	1
BBIP1	1
SRRM2	1
CCDC175	1
CCDC176	1
CCDC177	1
PDK2	1
COL4A3BP	1
LNPEP	1
ALPI	1
SEC61A2	1
ALPL	1
PTGS2	1
DDHD2	1
CKAP2	1
LOC284080	1
PUF60	1
ZFAND4	1
ZFAND3	1
SUPT3H	1
PLVAP	1
SLC39A13	1
LOC100507410	1
SLC39A14	1
MIR4518	1
CTAGE11P	1
NTRK1	1
NTRK2	1
NTRK3	1
ARHGAP23	1
ARHGAP21	1
ARHGAP27	1
ARHGAP26	1
SAP18	1
EVI5	1
LOC150197	1
DDIT3	1
MICALCL	1
FAM76A	1
ATG2B	1
GPR3	1
BMP4	1
BMP1	1
DR1	1
C1orf35	1
GOLGA8S	1
SWT1	1
TERF2	1
DNAJC19	1
GOLGA8A	1
GOLGA8B	1
RASSF1	1
PTOV1	1
CT45A3	1
CT45A2	1
CT45A4	1
RASSF7	1
VMO1	1
RSAD1	1
ATP5C1	1
CHD3	1
MIR639	1
CHD4	1
MRP63	1
CHD8	1
MIR636	1
GATA3-AS1	1
LINC00324	1
TTC4	1
IGBP1P1	1
C3orf52	1
TTC9	1
DYNC1LI1	1
ETHE1	1
MPG	1
PRDM14	1
PRDM11	1
SLC22A31	1
AVP	1
POLRMT	1
SGSM3	1
SPC24	1
MCPH1	1
GRASP	1
C4orf32	1
SRD5A1	1
AKAP17A	1
FAM49B	1
ZFP36L2	1
GGA3	1
C15orf40	1
C10orf95	1
MIR545	1
PKD2	1
PKD1	1
LOC100287225	1
SPRYD3	1
PRKACA	1
PSMB8	1
PSMB7	1
PSMB6	1
PSMB5	1
ARTN	1
PSMB3	1
NCALD	1
ZNF136	1
PFKFB2	1
HDHD1	1
TMA7	1
HDHD3	1
TALDO1	1
RMI2	1
CORO7	1
SNORD22	1
SNORD26	1
KCNK5	1
KCNK7	1
MLH3	1
KCNK1	1
MLH1	1
PTGFRN	1
C9orf142	1
VPS13D	1
ACOT13	1
VPS13A	1
VPS13C	1
VPS13B	1
MIR4725	1
KIAA0556	1
NUP160	1
ELTD1	1
TMEM164	1
EVI2A	1
EVI2B	1
MIR541	1
NICN1	1
SMIM11	1
PLBD2	1
GNA14	1
GRIN2A	1
GRIN2D	1
GNA11	1
IL3RA	1
SH2B3	1
TAP1	1
TAP2	1
IL6ST	1
PPIP5K2	1
OGDH	1
ACTG2	1
C11orf34	1
BRWD1-IT2	1
C11orf30	1
SEMG2	1
LOC284276	1
RPL13AP20	1
LOC100289511	1
TAS2R19	1
TAS2R14	1
TAS2R10	1
MACROD1	1
FSD2	1
AKAP5	1
AKAP7	1
DBNL	1
AKAP3	1
ZNF833P	1
TPI1	1
LOC284412	1
PSTK	1
NFU1	1
RRP1B	1
LOC730183	1
LOC100130015	1
PMFBP1	1
INTS1	1
OVGP1	1
CWC25	1
LTC4S	1
VSX1	1
H3F3A	1
VSX2	1
CCL20	1
CCL24	1
CCL27	1
CCL26	1
ALPK1	1
ALPK3	1
MAU2	1
C8orf47	1
C8orf46	1
C8orf44	1
PHRF1	1
TP53I3	1
CUX1	1
CYSTM1	1
DNAJC8	1
CSNK1A1	1
DNAJC4	1
CAMSAP3	1
DNAJC7	1
DNAJC1	1
DNAJC3	1
RRP12	1
SLC18A2	1
GOSR1	1
STRC	1
RALBP1	1
MAP3K6	1
SPOPL	1
ZNF831	1
ZNF830	1
SNORA68	1
SNORA69	1
SNORA65	1
SNORA62	1
LRIF1	1
IPO13	1
ATOH7	1
INTS4	1
CD200R1	1
RNF150	1
ATOH8	1
CTF1	1
TBPL1	1
LDLR	1
IFITM4P	1
TRIM8	1
IL2RA	1
ZFYVE21	1
ZFYVE20	1
RAB33A	1
TPCN1	1
IL2RG	1
SLC17A5	1
ZFYVE28	1
TAS2R3	1
SLC17A2	1
UBFD1	1
SETDB2	1
C16orf52	1
PDDC1	1
AP5B1	1
FMO3	1
ERC1	1
BAD	1
ZNF205	1
SLC37A3	1
CDK18	1
SLC37A1	1
TOB1	1
PMPCB	1
SLC37A4	1
CDK12	1
CDK13	1
CDK10	1
TMEM255A	1
ST5	1
ST7	1
NOS1AP	1
STH	1
ZNF302	1
BFSP1	1
P2RY8	1
P2RY2	1
MMP24	1
P2RY1	1
MTERFD2	1
MTERFD1	1
HOXB13	1
RPL15	1
LOC100507433	1
RND1	1
RND2	1
NCL	1
CTNNBIP1	1
PPP3CB	1
PPP3CC	1
TCAIM	1
LRRC43	1
MMP23B	1
LRRC47	1
LOC284648	1
B3GNT4	1
B3GNT7	1
FNDC8	1
B3GNT1	1
B3GNT2	1
FNDC4	1
FNDC5	1
FAM133CP	1
PWWP2A	1
TEX28	1
DAAM1	1
HLA-DRB6	1
HLA-DRB5	1
CCDC151	1
CCDC154	1
CCDC155	1
WRAP73	1
TUFT1	1
SOCS2-AS1	1
LRRC4B	1
MTCH2	1
SYT3	1
SYT6	1
SYT7	1
RHO	1
LOC285847	1
FUBP1	1
LOC100133331	1
COLQ	1
SCHIP1	1
CEP104	1
CTBP1-AS1	1
YJEFN3	1
GNAI2	1
NES	1
CNTROB	1
TEX21P	1
OXT	1
DUPD1	1
C1orf52	1
C1orf50	1
MANSC1	1
LOC100129250	1
GPR141	1
EME1	1
FCF1	1
ATP6V0A1	1
GUCA1A	1
GUCA1B	1
KRT75	1
KRT77	1
KRT76	1
SMCR7L	1
EMD	1
C17orf107	1
C17orf104	1
KRT79	1
KRT78	1
LOC100289230	1
BRIP1	1
ZSWIM8-AS1	1
LOC283038	1
TTC25	1
DOT1L	1
PATL2	1
CARS	1
PODXL2	1
ENO1	1
ENO2	1
ENO3	1
MIR3180-5	1
AGPAT4-IT1	1
FAXC	1
LLGL1	1
SLC22A17	1
ACOX1	1
SLC22A12	1
SLC22A13	1
SLC22A11	1
NSMCE1	1
NSMCE2	1
CFD	1
OBSCN	1
PTK7	1
RABGAP1	1
PRKAA1	1
GAL3ST1	1
SORBS3	1
GAL3ST2	1
IL18RAP	1
ARHGDIG	1
C3orf35	1
NANP	1
USH1G	1
MIR877	1
MIR875	1
TANC2	1
C15orf62	1
C15orf60	1
EBF4	1
HBA1	1
FFAR3	1
LMNA	1
FFAR1	1
ENDOV	1
MDP1	1
DDX21	1
SPG11	1
DDX28	1
ZNF92	1
ZNF93	1
SAC3D1	1
FBXO18	1
FKBP15	1
UBE2J2	1
FKBP11	1
TBX21	1
FBXO10	1
FAM3C	1
RAET1L	1
SFTA3	1
NACA2	1
SNORD48	1
PROX1	1
CNGB1	1
TRUB1	1
SNORD41	1
FAM153C	1
PARD6B	1
PLA2G6	1
SNORD92	1
ATPAF2	1
CCDC77	1
ATPAF1	1
KRTAP1-4	1
KRTAP1-5	1
CCDC70	1
MIR4748	1
FPR3	1
OR2G6	1
NACAD	1
TMEM105	1
SMPDL3B	1
GHITM	1
LOC100127888	1
TRANK1	1
CSHL1	1
SPEN	1
ZCWPW1	1
SPEG	1
MANEAL	1
STOML2	1
FBLIM1	1
TIMM8B	1
NT5C	1
NT5E	1
LGALS9B	1
NKAIN1	1
MAP1A	1
MAP1B	1
LBX2	1
LOC151475	1
CCM2	1
LINC00593	1
LINC00592	1
MAP1S	1
IMMP1L	1
SPICE1	1
FRMD6	1
DSCR9	1
DSCR8	1
GNAS	1
GNAZ	1
GNAL	1
HLTF	1
AGFG2	1
CYP26C1	1
DPF2	1
DPF3	1
RPL18A	1
MR1	1
KRT3	1
KRT2	1
KRT7	1
CRYGN	1
KRT4	1
CRYGB	1
KRT8	1
CRYGD	1
RRNAD1	1
VPS41	1
ECT2L	1
DAG1	1
TAS2R30	1
TAS2R31	1
NMNAT1	1
EPB41L5	1
ACSS2	1
ACSS1	1
PLEKHM1	1
PLEKHM2	1
PLEKHM3	1
VPS4A	1
GMEB1	1
SLC43A2	1
SETD5-AS1	1
VHL	1
WNT3	1
LRRN4	1
WNT6	1
LOC100506388	1
PPP1R15A	1
TREML1	1
GPAA1	1
PALB2	1
SNORA46	1
SNORA47	1
SNORA44	1
ST8SIA4	1
SNORA40	1
SPDYE5	1
SPDYE6	1
ROGDI	1
SPDYE3	1
ST8SIA2	1
INSR	1
HIST2H2BF	1
ZNF812	1
SPTBN4	1
ZNF816	1
KLF13	1
ARPC4-TTLL3	1
KLF17	1
TFAP2E	1
MCCD1	1
PCNA	1
SLC44A2	1
SLC44A4	1
ZBTB7C	1
PCNT	1
CD99P1	1
HOXA-AS3	1
RPA4	1
DNPH1	1
RPA1	1
RPA3	1
CXorf40B	1
NDUFS3	1
NDUFS5	1
NDUFS8	1
COQ4	1
COQ7	1
COQ3	1
LOC100506801	1
HBM	1
ZRANB1	1
FAM132A	1
PCDHGB3	1
PCDHGB1	1
BOK	1
PCDHGB7	1
PCDHGB6	1
PCDHGB5	1
HBZ	1
RREB1	1
DENND2C	1
DENND2A	1
PPT1	1
GAGE5	1
GAGE4	1
WHSC1L1	1
RBM12B-AS1	1
GPR101	1
LOC145474	1
TP53AIP1	1
GPR107	1
BRICD5	1
PIANP	1
SAFB	1
GRXCR1	1
ZNF367	1
KCTD20	1
LOC399753	1
TRNP1	1
H2AFV	1
LOC202181	1
ALS2CR11	1
UBOX5-AS1	1
H2AFX	1
RNF8	1
RNF7	1
RNF4	1
RNF5	1
H2AFJ	1
GSTA4	1
PPP1R21	1
CLTB	1
TMEM59L	1
DPEP1	1
ADRBK2	1
C7orf31	1
PCOLCE	1
FAS-AS1	1
OR6V1	1
KIAA1430	1
MIR517C	1
MAP7D1	1
LOC100129480	1
BAIAP2	1
ACTR3	1
ACTR2	1
CLUAP1	1
GPANK1	1
WBSCR27	1
GNRHR	1
PDE3B	1
HYDIN	1
GBX1	1
CNR2	1
GNL3L	1
GP1BA	1
GP1BB	1
MIR3682	1
GTDC2	1
LOC606724	1
C19orf81	1
HHEX	1
H2BFWT	1
TGS1	1
C1orf74	1
ANKS1A	1
IDUA	1
SPERT	1
LINC00102	1
ACTRT3	1
TINF2	1
PITPNM1	1
PITPNM2	1
ZNF596	1
ADAM17	1
CEBPA-AS1	1
CPNE9	1
MEPE	1
TYW1	1
HAGH	1
CPNE1	1
RAB4B-EGLN2	1
GDEP	1
PYCARD	1
PTPRB	1
LOC729609	1
AAK1	1
FAM101B	1
SNRPC	1
SNRPG	1
SHANK1	1
SNRPE	1
ADAM1A	1
FAM170B-AS1	1
RGS9BP	1
PLAC8L1	1
UCP2	1
LIMS3L	1
ZDHHC14	1
ZDHHC16	1
ZDHHC12	1
PRKAG1	1
PRKAG2	1
ZDHHC19	1
ZDHHC18	1
PCSK4	1
PCSK5	1
HIPK1	1
HIPK4	1
LEMD1	1
FENDRR	1
NCAN	1
NAPG	1
C3orf14	1
LARP1	1
SRG7	1
ISM1	1
DDX49	1
COL15A1	1
TC2N	1
DDX41	1
TMEM45A	1
DDX43	1
DDX42	1
LOC401321	1
LOC401320	1
DDX47	1
DDX46	1
ZGPAT	1
ATMIN	1
ELAVL1	1
ELAVL3	1
CDKN1B	1
LSM14A	1
UBE2D2	1
UBE2D3	1
SNORD65	1
MLL2	1
TARS2	1
MLL4	1
SNORD69	1
SAP130	1
APOD	1
APOE	1
APOM	1
NDUFV2	1
APOH	1
FAM151A	1
FOXJ1	1
FOXJ2	1
CCDC54	1
SNORD91A	1
TMEM129	1
TMEM128	1
MIR4764	1
MIR219-1	1
VPRBP	1
PREPL	1
SULT4A1	1
CABP5	1
CABP4	1
CABP2	1
SLC35B1	1
USE1	1
CNRIP1	1
ATP5L2	1
MBOAT2	1
MBOAT1	1
SH3BP5-AS1	1
SPSB3	1
SPSB2	1
HINT2	1
HINT3	1
SLC25A51	1
UNC79	1
CDC34	1
CDC37	1
OR2A1	1
ALAS2	1
RTN4R	1
S100A9	1
S100A8	1
OR2A7	1
S100A5	1
S100A4	1
PTTG2	1
S100A6	1
S100A1	1
S100A3	1
LONRF2	1
TCFL5	1
EIF5	1
CDCA7L	1
MIR520D	1
C20orf203	1
C20orf202	1
C20orf201	1
SPIN2B	1
LINC00266-1	1
MORC2	1
ARL2-SNX15	1
CYP27A1	1
CCDC42B	1
VPS25	1
ATP13A1	1
VPS28	1
DYNC1I2	1
SKA1	1
RAI1	1
GRID2IP	1
PRKRA	1
FAM197Y2	1
CBWD6	1
C1orf110	1
CBWD3	1
C1orf116	1
C1orf114	1
ADAT3	1
LGALS3BP	1
TTBK2	1
E2F3	1
E2F2	1
ZNFX1	1
C6orf89	1
MAGEF1	1
ACBD7	1
PPP1R13B	1
ACBD5	1
LOC100996455	1
SNORA23	1
BRI3BP	1
TUSC2	1
SNORA28	1
SNORA29	1
IZUMO1	1
EPHX4	1
WNT10A	1
WNT10B	1
FAM168A	1
LOC100129046	1
IL36A	1
URB2	1
URB1	1
IL36B	1
IL36G	1
IFITM3	1
IFITM2	1
IFITM1	1
HPCAL1	1
LIPE	1
HPCAL4	1
RIMBP3C	1
GAGE2D	1
LIPH	1
DFFA	1
GAGE2B	1
GAGE2C	1
REV3L	1
SEC24A	1
SEC24C	1
SEC24B	1
LOC100131096	1
LOC100131094	1
CSMD2	1
C16orf96	1
MRPL41	1
C16orf92	1
C16orf93	1
HGFAC	1
C16orf91	1
TRIP6	1
MRPL48	1
ZNF699	1
SNORD115-6	1
POM121C	1
LOC100271702	1
RILP	1
ITGB2-AS1	1
ARFGAP3	1
LAMB2	1
ATP7A	1
COPZ1	1
NEK4	1
RUVBL1	1
GPR162	1
SNORD58C	1
DHPS	1
SHF	1
COX7A1	1
CCDC8	1
PHEX	1
MIR938	1
MTHFD2	1
TBP	1
MIR550A3	1
NSD1	1
PITPNA-AS1	1
PGAM1P5	1
NUDCD1	1
OR1D5	1
PRPF8	1
IFI27L2	1
OR1D2	1
GMNN	1
ADSL	1
SAMD4B	1
MPLKIP	1
SLX4	1
AZI2	1
AZI1	1
LOC646498	1
ZNF346	1
ZNF345	1
ZNF438	1
LOC100288637	1
EPYC	1
NUDT13	1
DLL3	1
NUDT17	1
FRMD6-AS1	1
NUDT18	1
FRMD6-AS2	1
TM6SF1	1
TM6SF2	1
IFI6	1
RTCA	1
STX5	1
ACTL8	1
STX7	1
LOC646278	1
SLC4A11	1
LOC400680	1
STAB1	1
LOC400684	1
TP73-AS1	1
KIAA0232	1
LGI4	1
TRMT2A	1
ECE1	1
TRMT2B	1
DRG2	1
ARHGAP40	1
LOC100506776	1
PHACTR2	1
PCBP1-AS1	1
AURKB	1
LOC494127	1
SPTY2D1-AS1	1
TXLNG	1
CDC42EP2	1
CDC42EP1	1
CD27-AS1	1
TCP11	1
TBKBP1	1
WFIKKN2	1
ABI2	1
ABI3	1
ABI1	1
LINC00162	1
NKTR	1
KRT39	1
CACNA1G-AS1	1
ACADVL	1
RAB4B	1
NCR3LG1	1
KRT32	1
KRT35	1
KRT37	1
KRT36	1
LOC148413	1
CHN1	1
IL27	1
MIR653	1
KIF2A	1
MIR656	1
KIF2B	1
ATP6AP1	1
CLINT1	1
FLJ35390	1
BRCA1	1
PRY2	1
ARIH2OS	1
ACOT7	1
ACOT4	1
H2BFM	1
ADCY5	1
ADCY2	1
LOC100130776	1
ADCY9	1
KIF22	1
RAB42	1
MIR3155A	1
IL21R-AS1	1
FAM208A	1
FAM208B	1
PTPLAD2	1
C12orf4	1
XRCC1	1
XRCC2	1
PITPNA	1
XRCC6	1
SMURF1	1
SMURF2	1
MEIS3	1
MEIS2	1
TFRC	1
TFR2	1
ESPNL	1
USP32P2	1
RSL1D1	1
PAPD4	1
DDX60	1
AMN1	1
IL13RA1	1
LMNB1	1
LRBA	1
MRPS28	1
MRPS26	1
MRPS27	1
MRPS25	1
MRPS21	1
LCMT2	1
KCNA6	1
KCNA2	1
OPTN	1
MIR1470	1
ZHX2	1
JMJD8	1
ZHX1	1
TSACC	1
CCDC38	1
SLFN14	1
CCDC30	1
FOXD2	1
SLFN11	1
SLFN13	1
APPL1	1
PLA2G2C	1
PLA2G2E	1
MEMO1	1
GOT1	1
COX7B	1
AATK-AS1	1
CYFIP2	1
NS3BP	1
MPRIP	1
KGFLP2	1
GUSBP3	1
C11orf96	1
C11orf95	1
GUSBP9	1
CHORDC1	1
MLLT6	1
UVRAG	1
WDR37	1
MLLT3	1
PHOSPHO2	1
GLT8D1	1
SYNJ2	1
OR2T10	1
WDR31	1
PDZK1	1
ZNHIT2	1
RPS15AP10	1
MRGPRD	1
MRGPRF	1
GTPBP4	1
GTPBP6	1
GTPBP1	1
GTPBP3	1
NFATC2IP	1
GTPBP8	1
LINC00457	1
BCL9	1
BCL3	1
BLID	1
PLK1	1
PLK2	1
PLK5	1
LRFN3	1
LYRM2	1
LYRM7	1
LYRM5	1
FAAH2	1
KLHL21	1
NKX2-4	1
ART4	1
OAS3	1
OAS2	1
TTYH3	1
SPAG11B	1
CCIN	1
SERPINB9	1
SERPINB8	1
CSNK1G1	1
SERPINB1	1
SERPINB2	1
SERPINB6	1
PCGF1	1
PCGF3	1
PCGF5	1
PCGF6	1
LOC613038	1
C6orf62	1
NFS1	1
C22orf42	1
EXD3	1
EXD2	1
CCDC82	1
ELP6	1
ELP5	1
ELP4	1
ASPHD1	1
GAS2	1
LINC00851	1
DPPA3	1
DEK	1
CCDC84	1
KLHDC3	1
LRP5L	1
UBAP2	1
UBAP1	1
POLL	1
DHRS4-AS1	1
RNASET2	1
ASXL2	1
TRIM50	1
ZNF252P-AS1	1
PAR4	1
NEUROG3	1
GBA2	1
ZBTB32	1
ZBTB34	1
ZBTB37	1
SMC1A	1
KLHL31	1
COL18A1-AS2	1
COL18A1-AS1	1
SGTB	1
RPS6KA2-IT1	1
TRIM47	1
GBAS	1
TRIM42	1
PEX3	1
PEX5	1
PEX6	1
IVL	1
REG4	1
ACE	1
AP2A2	1
NEB	1
RINL	1
ATP5I	1
ATP5H	1
HFE	1
GNAI3	1
ATP5D	1
GPR146	1
ZNF213	1
GPR143	1
EPPIN-WFDC6	1
AFMID	1
GPR149	1
F8A1	1
TRAK2	1
CITED4	1
DAGLB	1
PFDN6	1
TOP1MT	1
GAGE12I	1
DTNB	1
NFKBID	1
DTNA	1
PRB1	1
PRB2	1
PRB3	1
PRB4	1
GAGE12F	1
LOC729176	1
HIRA	1
MIR191	1
RIN3	1
RIN2	1
PDE4DIP	1
RPS11	1
RPS10	1
RPS15	1
RPS14	1
CLPS	1
LATS1	1
FOXD2-AS1	1
LOC100507003	1
CLPB	1
PUSL1	1
SRCIN1	1
C2orf27A	1
CRABP2	1
C2orf27B	1
SLC9A3R2	1
C7orf76	1
PLCXD1	1
ZNF415	1
ZNF414	1
ZNF410	1
GLIPR2	1
MAZ	1
SSSCA1	1
MCOLN1	1
RASA1	1
RASA2	1
ACTN3	1
PTPRU	1
PTPRT	1
PTPRS	1
CLP1	1
PRAMEF8	1
PTPRF	1
TUFM	1
PTPRA	1
PLAC8	1
PVRIG	1
PTPRJ	1
CPD	1
MIR4263	1
CPQ	1
MIR4265	1
GAPVD1	1
N6AMT1	1
SLC5A11	1
BANK1	1
DOC2A	1
LOC729737	1
PWRN2	1
TAF1B	1
GPR151	1
RRP7A	1
RPGRIP1	1
ABLIM1	1
ABLIM3	1
LINC00630	1
UBXN7	1
LINC00636	1
LINC00634	1
LINC00635	1
LOC284009	1
RMRP	1
LOC284551	1
HMGN5	1
LOC541473	1
EFTUD2	1
EFTUD1	1
MAP1LC3A	1
CPPED1	1
ERVV-1	1
GGTLC2	1
BRCC3	1
SNORD115-20	1
SNORD115-22	1
GDI2	1
GDI1	1
CBY3	1
ERLIN2	1
SBSN	1
APITD1	1
KRT17	1
KRT15	1
KRT13	1
WDR33	1
IL15RA	1
KRT19	1
KRT18	1
FGF9	1
GIGYF2	1
NBPF4	1
NBPF3	1
TLE6	1
NBPF1	1
SPTA1	1
LINC00852	1
NUDT16L1	1
PLP1	1
PLP2	1
ZFP69B	1
PROB1	1
CRYZL1	1
LOC100270804	1
SERF2	1
LOC254896	1
PCDHB11	1
TM9SF3	1
LOC100129361	1
C10orf12	1
MIR129-1	1
SYNJ2-IT1	1
NAT6	1
FAIM2	1
FAIM3	1
MEPCE	1
CEND1	1
CCBL1	1
CCBL2	1
KCNC4	1
TMEM259	1
KCNC3	1
TMEM256	1
TMEM254	1
PGM5P2	1
KIAA2026	1
GXYLT1	1
CPSF7	1
CPSF2	1
CDK8	1
LOC257358	1
IFT81	1
APOBR	1
SIPA1L1	1
TTLL5	1
LTBP4	1
ARIH2	1
LTBP1	1
SUFU	1
APC2	1
LRWD1	1
SLC35F2	1
MBD5	1
MBD6	1
LMAN1L	1
CMTM6	1
CMTM7	1
CMTM5	1
COL11A2	1
LOC100132741	1
TSPAN14	1
TSPAN16	1
REXO4	1
SLC25A19	1
SLC25A17	1
SLC25A15	1
SLC25A12	1
CHRFAM7A	1
LOC100133161	1
LOC645249	1
CCDC17	1
FOXF1	1
NDUFA12	1
TMUB1	1
MIR3908	1
MIR3907	1
DYNLRB2	1
KIAA1644	1
CDHR2	1
SYNCRIP	1
MIR518B	1
ZNF280C	1
ZNF280B	1
ZNF280A	1
MIR518D	1
VIT	1
HSD17B7	1
ALG8	1
PDXK	1
STAR	1
ALG1	1
TTLL6	1
PDZD7	1
LTBP2	1
TTLL3	1
CCNE2	1
INSL6	1
INSL3	1
RAB11A	1
FIG4	1
RAB11B	1
GCC1	1
CLDN3	1
CLDN4	1
CLDN7	1
RASGEF1C	1
RASGEF1A	1
SMYD4	1
SMYD5	1
SMYD2	1
RTN3	1
ZNF268	1
C6orf48	1
IRF7	1
IRF6	1
IRF4	1
IRF8	1
C6orf47	1
NADKD1	1
LY75	1
SNX29	1
SNX22	1
LINC00282	1
CLK2	1
RUNDC1	1
GPER	1
ONECUT1	1
TECR	1
PANX1	1
PANX3	1
LOC100129083	1
MRPL20	1
ZBTB12	1
ZBTB17	1
ZBTB14	1
MIR205	1
RCOR1	1
ADAP1	1
PDZD2	1
C1orf159	1
MTO1	1
DDX19A	1
DDX19B	1
LINC00462	1
LINC00461	1
KLHL11	1
ACVR2B	1
KLHL17	1
KLHL18	1
DAB2IP	1
MIR100HG	1
SPATA32	1
TRIM69	1
MTOR	1
TRIM62	1
UNK	1
TRIM65	1
TRIM67	1
OMG	1
ITK	1
WFDC6	1
C2orf61	1
SNORA81	1
CNBD2	1
C2orf66	1
C7orf61	1
IGIP	1
ELN	1
HIP1	1
SNHG15	1
ARAP3	1
BIK	1
SNHG12	1
LOC100130451	1
LOC728190	1
FAM229A	1
HEMK1	1
PAQR5	1
PTCHD3P1	1
PYDC1	1
THEM4	1
SLK	1
HMHA1	1
CIDEB	1
CIDEC	1
PHYH	1
PMS2P5	1
PPM1A	1
NOTCH4	1
MSMP	1
ZNF655	1
TCTEX1D2	1
ZNF653	1
ZNF652	1
PPP1R42	1
HSF2	1
HSF5	1
CRLF1	1
NISCH	1
PRPF4B	1
RAPGEF4	1
RAPGEF6	1
RAPGEF1	1
RLN3	1
MIR941-3	1
MIR941-2	1
MIR941-1	1
MIR941-4	1
RNF130	1
ZNF384	1
ZNF383	1
ZNF382	1
POC1B	1
RORC	1
PARK2	1
NXPE2	1
MST1P2	1
KRTAP3-2	1
KRTAP3-1	1
SNRPD2	1
GRK6	1
SLTM	1
SFI1	1
LOC100132354	1
LOC100132356	1
KPNA7	1
MIR5194	1
MIR5193	1
IFT43	1
HCG17	1
ERVFRD-1	1
UNC119B	1
CRX	1
NOP14-AS1	1
TNFRSF17	1
NAPRT1	1
CRK	1
LOC440335	1
LOC100506730	1
TSGA10IP	1
QPCT	1
PC	1
B4GALT1	1
B4GALT2	1
B4GALT5	1
B4GALT4	1
B4GALT7	1
FCN2	1
SGOL1	1
LINC00619	1
GPR89C	1
LINC00612	1
GPR89A	1
LINC00615	1
CR2	1
TNFRSF1B	1
LGMN	1
CYP19A1	1
SPRN	1
LOC284023	1
POLR2J4	1
GPD1L	1
POLR2J2	1
PTPN2	1
ARNTL2	1
EHMT1	1
NBPF24	1
MARK4	1
STOX1	1
FOSL2	1
RPPH1	1
CD68	1
EFCAB10	1
ACTR3C	1
ACTR3B	1
WDR13	1
WDR11	1
OR7A17	1
WDR18	1
PF4	1
FAM204A	1
C1orf216	1
USP9X	1
ZMYND15	1
ZMYND12	1
ZMYND10	1
ZMYND11	1
BCL9L	1
CLEC3B	1
CGGBP1	1
MIR101-2	1
ZFP41	1
C10orf32	1
LOC100292680	1
PKN3	1
HSPB9	1
RHOBTB3	1
RHOBTB1	1
IL21R	1
DIS3L2	1
HTT-AS1	1
MIR567	1
LOC100630923	1
KCNE2	1
KCNE3	1
NGDN	1
ERBB2IP	1
LOC100379224	1
LDLRAD1	1
LDLRAD3	1
HPCA	1
CYP2F1	1
A2MP1	1
LINC00568	1
NSFP1	1
CSNK1D	1
WNT16	1
LIG1	1
LIG3	1
DEFB131	1
IREB2	1
ISCU	1
EHBP1L1	1
FNTA	1
FNTB	1
BOLL	1
LOC100505702	1
STAMBPL1	1
NKX6-2	1
NKX6-1	1
KCTD13	1
KCTD17	1
BARHL1	1
KCTD14	1
KRTAP10-7	1
KRTAP10-6	1
KRTAP10-5	1
KRTAP10-4	1
KRTAP10-3	1
ADORA2A-AS1	1
ZKSCAN5	1
ZKSCAN4	1
ATP13A3	1
GLIS2	1
GLIS1	1
SLC25A35	1
CHCHD10	1
SLC25A31	1
C1orf233	1
SLC25A38	1
TUBA1B	1
AJAP1	1
TMEM180	1
BCR	1
HCAR3	1
HCAR2	1
HCAR1	1
TAF5	1
TAF3	1
TAF2	1
TAF1	1
G6PC	1
TAF8	1
TSPAN32	1
TSPAN33	1
KIAA2018	1
AIF1	1
DSCAML1	1
AGPS	1
ZER1	1
STOM	1
ALG9	1
SMIM3	1
KRTAP19-2	1
FNIP2	1
SSBP2	1
SMIM7	1
AKAP8L	1
SMIM9	1
SMIM8	1
C9	1
TCF25	1
PDCD4	1
TCF20	1
FLJ31662	1
PDCD1	1
PRUNE	1
LOC100128164	1
PBLD	1
OR6C6	1
GCAT	1
LOC647859	1
C7orf50	1
ZNF107	1
GFI1	1
SMU1	1
SREBF2	1
LINC00260	1
LINC00263	1
MXI1	1
TXNDC17	1
CIC	1
IRAK1BP1	1
CIT	1
AJUBA	1
TAF6L	1
DAO	1
TATDN1	1
LOC100506083	1
FUK	1
DAP	1
C1orf170	1
CUBN	1
GAPDHS	1
MPHOSPH10	1
MTAP	1
BICD1	1
DOC2GP	1
SEC22C	1
BBS1	1
LOC339807	1
ANKDD1B	1
C2orf44	1
C2orf42	1
NYX	1
NIPA2	1
NIPA1	1
KHDC3L	1
FAM127A	1
LOC100130476	1
PPP4C	1
PIK3CD	1
PIK3CG	1
ZSWIM5	1
TMEM59	1
TMEM57	1
TMEM54	1
SCLY	1
TMEM52	1
MGC15885	1
JMJD1C-AS1	1
MEG9	1
MEG8	1
ZNF677	1
ZNF676	1
PRRG2	1
SNN	1
WHSC1	1
LOC100996291	1
PARP12	1
ERI3	1
KTI12	1
PARP11	1
MAG	1
ACLY	1
LOC100190986	1
EVL	1
CSDE1	1
ZNF454	1
BACH2	1
LOC100132111	1
LSR	1
KCNIP2	1
PRSS54	1
PRSS50	1
PRSS53	1
LIN28A	1
AVPI1	1
OTUD7B	1
MOGAT2	1
SENP6	1
RPS6KA1	1
RPS6KA2	1
PSMD11	1
PSMD13	1
PSMD12	1
MINPP1	1
METTL2A	1
VAPA	1
NPHP3	1
GALNT4	1
MGC27345	1
CTH	1
LOC100506713	1
LOC100506710	1
EXOSC10	1
PCOLCE-AS1	1
ARF3	1
ARF1	1
ARF4	1
LOC400558	1
PRADC1	1
RGPD2	1
SP110	1
TRMT44	1
LINC00674	1
PQLC2	1
MOB4	1
LINC00671	1
RAB11FIP5	1
RAB11FIP4	1
BPIFA3	1
BPIFA1	1
METTL23	1
HMGB3	1
EEF1A2	1
CHP2	1
ARL10	1
SPNS2	1
ARL15	1
LOC550113	1
LOC550112	1
MIR1203	1
SCP2D1	1
CLIP3	1
CLIP1	1
CLIP4	1
DHRS7B	1
CDC37L1	1
MND1	1
CD44	1
FGFR1OP	1
TBL1X	1
RAB25	1
RAB26	1
PIK3C2B	1
CALR	1
MIR371B	1
CALU	1
MIR371A	1
FAR1	1
ACTR1A	1
CHPF	1
WDR74	1
WDR77	1
PPP2R3B	1
NTAN1	1
BTN2A3P	1
NQO1	1
SFMBT1	1
APOC4-APOC2	1
PRPF3	1
LOC100128338	1
ZNF487P	1
GSTTP1	1
GSTTP2	1
C5orf48	1
ZFP69	1
C5orf45	1
ZFP64	1
PIP4K2A	1
ZFP62	1
C5orf42	1
PIP4K2B	1
RFFL	1
LOC728012	1
LEFTY1	1
ARRDC5	1
EGOT	1
ARRDC2	1
FAM45A	1
CCDC64B	1
FAM45B	1
SNORD115-37	1
RABGAP1L	1
PAK4	1
PAK6	1
MIR543	1
STRADB	1
CBX8	1
NUBPL	1
LOC115110	1
GAST	1
CYP2D6	1
LCN10	1
LCN12	1
TNS3	1
TRAF3IP2	1
TNS1	1
TNS4	1
AHCTF1P1	1
ARID2	1
SPRR4	1
COLEC11	1
SPRR3	1
KLC1	1
LOC90784	1
CD164L2	1
MIR759	1
GLYCTK	1
CALML6	1
COX18	1
GAS8	1
PFN3	1
TMEM217	1
CREM	1
SHISA3	1
TRIM3	1
TRIM2	1
SHISA8	1
COX15	1
COX16	1
GAS6	1
PDGFRB	1
ANKRD13A	1
PPA2	1
MIR5010	1
HEXB	1
CSF1R	1
LOC100507387	1
PGA5	1
ETF1	1
FBXW9	1
SIPA1	1
C22orf32	1
FBXW4	1
FBXW5	1
CYP4F35P	1
FBXW7	1
CDCP1	1
TGFBR2	1
CDCP2	1
SH3RF3	1
TPM3P9	1
SMNDC1	1
TPMT	1
PCIF1	1
MYD88	1
BABAM1	1
SH3PXD2B	1
SNORD88A	1
TUB	1
SH3PXD2A	1
DAK	1
LYSMD1	1
AGRN	1
NFYA	1
CA4	1
SMARCA2	1
MIR181D	1
SMARCA4	1
LOC388152	1
POMZP3	1
FYB	1
SYCN	1
PACRGL	1
OLAH	1
FYN	1
HERC2P10	1
MIR98	1
MIR3940	1
CPB2-AS1	1
FLJ35946	1
RUFY3	1
RUFY2	1
FCGR2C	1
LOC100129518	1
CYTH1	1
CYTH3	1
DPH2	1
MYH7B	1
SPAST	1
WIBG	1
LINC00242	1
C20orf166-AS1	1
KCNQ1DN	1
CKM	1
DCN	1
ACSM3	1
ACSM4	1
LINC00424	1
EIF4ENIF1	1
C20orf173	1
GAS6-AS1	1
TRIM26	1
CREB3	1
TRIM22	1
TRIM23	1
FLRT1	1
PNKD	1
GNPAT	1
C21orf33	1
KAT8	1
KAT5	1
KAT7	1
NKAP	1
QRFP	1
AES	1
DNAJC28	1
DNAJC24	1
REP15	1
NTSR1	1
PROSAPIP1	1
DTD1	1
ARHGAP8	1
ARHGAP9	1
ARHGAP6	1
ICOSLG	1
ARHGAP1	1
FAM196B	1
SHOC2	1
TMEM79	1
OR4D10	1
FLJ42351	1
ANXA11	1
CYP4Z1	1
FAM86A	1
FAM66A	1
HSPA4L	1
CCT6P3	1
CCT6P1	1
HEMGN	1
MRPL4	1
RPUSD1	1
RPUSD2	1
RPUSD3	1
ZNF613	1
MIR4517	1
ZNF619	1
EIF4EBP1	1
EIF4EBP3	1
EIF4EBP2	1
MS4A14	1
BAG1	1
BAG4	1
SH2D1B	1
CSDC2	1
EIF1AD	1
ATXN1L	1
ZNF385C	1
ZNF385B	1
LOC100131726	1
CPSF3L	1
SNORD50A	1
ATXN10	1
RAP1GAP2	1
MYL12B	1
CKMT2	1
RPS6KC1	1
RILPL1	1
RILPL2	1
VARS	1
LDHAL6B	1
ECM1	1
SMCR8	1
SMCR9	1
SMCR7	1
LYPD5	1
LYPD3	1
CALCOCO1	1
NAP1L4	1
CATSPER1	1
RGS4	1
WTAPP1	1
RGS6	1
RGS3	1
RGS8	1
RGS9	1
PEAK1	1
LOC151009	1
LINC00656	1
LINC00657	1
CATSPERD	1
ACTN1-AS1	1
LOC100133445	1
KANK4	1
KANK2	1
KANK3	1
RDH12	1
CYBASC3	1
DEDD2	1
FAM178B	1
FAM178A	1
LUM	1
MGARP	1
KIAA1841	1
CDK2AP1	1
ENOSF1	1
PTP4A1	1
ZSCAN25	1
ZSCAN20	1
ZSCAN21	1
LOC100130987	1
CD28	1
ADAM21	1
CD22	1
C9orf24	1
IFI35	1
TDRD7	1
ABHD8	1
MYLIP	1
ABHD6	1
PA2G4	1
ABHD5	1
TWF1	1
NKIRAS2	1
WDR55	1
TWF2	1
WDR53	1
WDR52	1
EIF4G3	1
FTSJD2	1
FTSJD1	1
AKAP14	1
PSG6	1
PSG7	1
PSG2	1
HOXC9	1
USHBP1	1
SSU72	1
LOC100499227	1
FAM200A	1
OR4F6	1
C5orf60	1
LSM1	1
GATSL1	1
POLR2G	1
MIR3179-1	1
POLR2A	1
MIR642A	1
POLR2L	1
AKR7A2	1
AKR7A3	1
POLR2I	1
F11R	1
POLR2J	1
TLK2	1
USP54	1
USP53	1
USP50	1
BATF2	1
ASCC1	1
MIR522	1
ZNF137P	1
MIR524	1
DDA1	1
TYRO3P	1
LOC100499489	1
MAPK14	1
MAPK15	1
SHKBP1	1
FZD1	1
FZD2	1
FZD5	1
FZD6	1
CACNB3	1
FZD9	1
CACNB1	1
CYP2B6	1
C10orf76	1
TBRG1	1
PTPMT1	1
ASH1L	1
HIST1H1T	1
PLCD4	1
PLCD1	1
ZNF518B	1
ZNF518A	1
HIST1H1A	1
HIST1H1C	1
ITFG3	1
SOS1	1
TACC1	1
TACC3	1
JRKL-AS1	1
TMEM234	1
TMEM237	1
KIF20B	1
TMEM230	1
GNMT	1
CAB39	1
CKMT1A	1
CKMT1B	1
ANKHD1	1
GNAT2	1
BCL2L15	1
BCL2L10	1
BCL2L12	1
LAMB2P1	1
TMIGD2	1
SNORA16A	1
KERA	1
ZNF556	1
ZNF554	1
ZNF555	1
SCARNA21	1
HSD11B1	1
CHD1	1
OR2AT4	1
DEFB129	1
LOC100505812	1
WASH1	1
TVP23C	1
CACNG1	1
ILF3-AS1	1
CHD5	1
LEMD1-AS1	1
PCDH8	1
RPL26L1	1
RPL39	1
RPL36	1
TAB2	1
TAB1	1
RPL35	1
RPL30	1
ATF5	1
LOC100132273	1
HYDIN2	1
ZNF286A	1
ATF3	1
ZNF286B	1
HSF1	1
LOC642852	1
SMARCC1	1
SUMO2	1
PSPC1	1
SUMO4	1
TMCO6	1
KIAA0317	1
MIR519E	1
SNORA7A	1
FAM96A	1
KIAA0319	1
EEF2K	1
BLOC1S6	1
BLOC1S5	1
SDF4	1
BLOC1S3	1
BLOC1S2	1
PTGER4	1
PPP2R4	1
MIR3960	1
SLC38A4	1
B3GALT6	1
SLC38A6	1
SLC38A2	1
SLC38A9	1
KIAA1598	1
STK4	1
CSF3R	1
CYP3A7	1
CYP3A5	1
CXCL17	1
CXCL16	1
UBE4B	1
LINC00229	1
HCN3	1
LINC00226	1
UNC5B-AS1	1
LINC00222	1
SNRNP27	1
YBX2	1
LRIT2	1
GOLGA7B	1
PTGDS	1
STIP1	1
NKG7	1
POM121L4P	1
TBC1D23	1
CDC25C	1
TBC1D20	1
INGX	1
TNFRSF9	1
TBC1D25	1
C6orf1	1
TNFRSF4	1
TBC1D29	1
TBC1D28	1
FUNDC2	1
GUCY2C	1
GUCY2D	1
FIBCD1	1
SENP3	1
SENP1	1
LOC283683	1
ING4	1
ING5	1
LOC283688	1
RNF40	1
POC1A	1
CEP170B	1
VASH1	1
WDFY4	1
WDFY3	1
GFPT2	1
ECHDC2	1
ECHDC1	1
WDR83OS	1
ACP5	1
ACP6	1
TPI1P3	1
ACP1	1
SDCCAG8	1
TFAMP1	1
ANKRD36	1
FSBP	1
NCOA2	1
TMEM11	1
NCOA6	1
NCOA7	1
NCOA4	1
FLJ10038	1
FAM194A	1
FAM194B	1
CISH	1
LCOR	1
MECR	1
BSG	1
P4HTM	1
GSG2	1
GSG1	1
LOC389043	1
RCAN3AS	1
LRIG3	1
PRAM1	1
ACPT	1
SREK1	1
AK8	1
ACPP	1
GTF2IRD1P1	1
AK3	1
PRRC1	1
TBCD	1
TBCC	1
TBCB	1
TBCA	1
SARS	1
CDIP1	1
FLJ42627	1
ERF	1
ERG	1
HAND1	1
ZNF491	1
ZNF490	1
PRR15L	1
HERPUD2	1
ERI2	1
MTRNR2L8	1
DIP2A-IT1	1
CAD	1
MTRNR2L4	1
SNAR-C4	1
SLC24A6	1
MDC1	1
NCR3	1
FBN3	1
HTATSF1P2	1
BRMS1L	1
PLEKHM1P	1
MEX3C	1
FLJ40194	1
MEX3A	1
AOAH	1
IL17RC	1
BTRC	1
MATK	1
PET100	1
FRYL	1
IDI2	1
MGC27382	1
LOC440354	1
SCRT1	1
UBLCP1	1
CTAGE6P	1
ANKRD36B	1
MTMR8	1
MXRA8	1
NAAA	1
LOC389906	1
TSC22D4	1
FCHSD1	1
LOC200772	1
VAT1	1
RAB33B	1
HIGD2A	1
TRAIP	1
UBA52	1
DND1	1
ASIP	1
CD2BP2	1
MESDC2	1
KCNJ2-AS1	1
SRGAP2D	1
KATNA1	1
EXOSC2	1
EXOSC3	1
EXOSC1	1
IBSP	1
EXOSC7	1
EXOSC4	1
DNASE2B	1
MIR5196	1
GGACT	1
ADAMTSL4	1
ADAMTSL5	1
TULP2	1
TULP3	1
TULP1	1
TULP4	1
DISC1	1
C9orf43	1
PGCP1	1
OR2A12	1
OR2A14	1
SNAP47	1
EEF1E1	1
PSMB11	1
PSMB10	1
PAOX	1
SCYL1	1
STXBP2	1
STXBP6	1
OR4D9	1
SKP1	1
S1PR1	1
OR4D5	1
S1PR5	1
TMEM200B	1
FANCG	1
CFLAR	1
FANCE	1
HNRNPAB	1
CCZ1	1
HAS1	1
HAS3	1
CA5B	1
HNRNPA0	1
MIR3911	1
TAPT1-AS1	1
ARSB	1
LRRFIP2	1
LOC283143	1
TFIP11	1
TRAPPC6A	1
HOXA5	1
HOXA4	1
CDK5	1
CDK6	1
CDK7	1
IGLL1	1
CDK9	1
HOXA9	1
LPAR5	1
C12orf68	1
SPECC1	1
LIMS2	1
ST13P4	1
DMBX1	1
SUN1	1
SUN5	1
HSPD1	1
NARFL	1
NFKBIL1	1
LOC100130357	1
FUT2	1
LIAS	1
PRKCB	1
PRKCD	1
PRKCG	1
HIST1H3B	1
HIST1H3A	1
RER1	1
SGSM2	1
SGSM1	1
PRKCQ	1
HIST1H3H	1
SEC11A	1
SCRIB	1
ZNF793	1
USP17L28	1
ZNF799	1
WWP2	1
WWP1	1
PPIL1	1
PPIL2	1
PPIL6	1
LOC100507600	1
LOC339524	1
CCDC97	1
CCDC91	1
CCDC92	1
ZNF571	1
ZNF573	1
ZNF575	1
DOCK10	1
ZNF577	1
ZNF578	1
FAM25A	1
PRTN3	1
LOC100505761	1
CTSH	1
CTSE	1
KCNAB3	1
KCNAB2	1
DSCR3	1
RPL10	1
RPL12	1
RPL13	1
FGFR4	1
SAV1	1
GPATCH3	1
CTSW	1
PCYT1A	1
C5AR2	1
PCYT1B	1
INCA1	1
SYP	1
KRTAP23-1	1
PRRX2	1
NFIA	1
TNRC6A	1
EMB	1
C4orf3	1
ZNF826P	1
AP2S1	1
AFF4	1
AFF1	1
PDPR	1
CARD8	1
ALDH16A1	1
THRSP	1
STK40	1
ERP29	1
GCKR	1
PHKA2	1
UBA7	1
UBA5	1
UBA2	1
ZNF131	1
PHF23	1
ABCA10	1
UBE2H	1
UBE2K	1
LINC00207	1
LOC100506123	1
UBE2A	1
UBE2B	1
UBE2F	1
UBE2Z	1
RPAIN	1
UBE2T	1
UBE2W	1
LIPT2	1
LIPT1	1
ILK	1
LOC283335	1
LOC100506023	1
RASL12	1
C1orf85	1
SPG7	1
MTG1	1
TEX33	1
RABEP2	1
RABEP1	1
NDUFA6	1
NDUFA7	1
NDUFA2	1
NDUFA8	1
GPR64	1
FLT3LG	1
GPR61	1
INE2	1
RPLP0P2	1
GPR68	1
MAEA	1
KIAA1967	1
SNRK	1
IL5	1
VWA5A	1
PAXBP1-AS1	1
GNS	1
SAT2	1
DTX1	1
DTX2	1
BIRC8	1
BIRC7	1
BIRC6	1
AIP	1
EIF6	1
OXR1	1
GNE	1
ANKRD12	1
EVPLL	1
ANKRD11	1
TMEM35	1
NSF	1
SIMC1	1
STRA6	1
NT5C2	1
OTOP1	1
SNORD115-7	1
POU3F1	1
SNORD115-1	1
HAGHL	1
KRTAP4-12	1
FAM53B	1
FAM53C	1
SDS	1
COX6A2	1
ANO10	1
POGZ	1
SNORD28	1
AHCY	1
SP100	1
PARG	1
DHDDS	1
AOC2	1
TIMP3	1
PEX11G	1
NRCAM	1
EPO	1
KCNK2	1
PI4K2A	1
HIBADH	1
FAM155A	1
NHLRC2	1
NHLRC1	1
CXorf58	1
NHLRC4	1
CXorf56	1
SYCE2	1
MAP3K14-AS1	1
FAM221B	1
SEC23IP	1
SEMA7A	1
IP6K2	1
IP6K1	1
OTUD6A	1
LIN9	1
DDX6	1
INADL	1
TLR7	1
PAR1	1
MYO15A	1
TLR9	1
MYADML	1
SLC7A8	1
ZNF212	1
NFKBIB	1
HLA-B	1
TRAK1	1
FMN1	1
HLA-E	1
SPRR1B	1
MMS19	1
DKFZP586I1420	1
SLC5A10	1
LOC729732	1
PRSS36	1
TFE3	1
DLX4	1
UBXN6	1
PRSS38	1
UBXN1	1
DLX2	1
DLX3	1
TFEB	1
HIST1H2BE	1
HIST1H2BI	1
HIST1H2BK	1
SNX11	1
PSMD6-AS2	1
VAV1	1
VAV3	1
TNFAIP2	1
ECI2	1
IPO7	1
NRBP2	1
SMCHD1	1
JAZF1	1
TP63	1
NR6A1	1
C6orf164	1
MARS2	1
FOSL1	1
LOC255512	1
GABPB2	1
GABPB1	1
PYGO2	1
PHYHD1	1
ANKRD34A	1
PAQR4	1
FERMT3	1
TOMM70A	1
FADS6	1
SIL1	1
SYNGR1	1
WDR90	1
SYNGR4	1
MIR515-1	1
PRPH2	1
WDR86-AS1	1
AWAT1	1
CARNS1	1
C5orf28	1
C5orf27	1
C5orf24	1
RFTN2	1
RFTN1	1
USP6NL	1
AACSP1	1
LINC00565	1
ALDH6A1	1
USP14	1
USP19	1
SSBP4	1
OR2A20P	1
DPYD-AS1	1
IL27RA	1
UNC45B	1
BHLHA9	1
IFFO1	1
FABP5P3	1
FAM86FP	1
JPH2	1
TYK2	1
AMZ1	1
SUPT5H	1
RETN	1
TMEM87B	1
LOC100130370	1
RPTN	1
FOXN3-AS1	1
OR10S1	1
SLC9C1	1
SLC35E2B	1
ARHGEF11	1
AP1M1	1
SLITRK2	1
ARHGEF15	1
ARHGEF18	1
LOC100093631	1
PIK3C2A	1
SH3GL1P2	1
HLTF-AS1	1
D2HGDH	1
MITD1	1
CEP76	1
RHBDD2	1
ZNF777	1
KLC4	1
MIR376A2	1
MIR376A1	1
ZNF771	1
SERF1A	1
FBXW10	1
SERF1B	1
USP17L7	1
USP17L8	1
GPLD1	1
TST	1
CHCHD2	1
RPL7A	1
MTHFSD	1
LCTL	1
OR7A10	1
LOC100287177	1
ZNF513	1
GDF15	1
ZNF517	1
GDF11	1
TMTC1	1
TSPYL2	1
RPH3AL	1
SLC39A9	1
MSTN	1
SLC39A3	1
SLC39A5	1
SLC39A7	1
PSIP1	1
GZMM	1
FAM90A2P	1
TMX2	1
MYH11	1
MYH14	1
MYH16	1
REL	1
PIK3AP1	1
MAP4K4	1
HMBS	1
SLCO4A1	1
MIR155HG	1
OR6K3	1
OR6K2	1
DNM1P35	1
PPEF2	1
SCAF1	1
SCAF8	1
TMEM63A	1
TMEM63B	1
NTN1	1
NTN4	1
NTN5	1
ATAD2B	1
PLGLA	1
RBM6	1
RBM5	1
RBM3	1
B4GALNT1	1
B4GALNT2	1
B4GALNT3	1
MIR3656	1
LINC00489	1
AP1S2	1
NDE1	1
LINC00486	1
MIR3659	1
LINC00482	1
NUDC	1
PGP	1
IVNS1ABP	1
NUMBL	1
SLC9C2	1
NDUFC1	1
NDUFC2	1
NUP210P1	1
COA4	1
LOC390660	1
COA1	1
COA3	1
MRS2	1
MIR520C	1
SLC45A2	1
PITRM1-AS1	1
ARSD	1
DMXL1	1
C12orf65	1
NOL9	1
OGT	1
ARMCX4	1
CEPT1	1
CA6	1
RBMX	1
FUT6	1
FUT4	1
PNMT	1
FUT1	1
IFRD2	1
MIA	1
GSTA3	1
SNRK-AS1	1
ZNF705A	1
FBLN5	1
LOC100132831	1
DDX39B	1
NDUFC2-KCTD14	1
C2orf72	1
SEC14L1P1	1
PXT1	1
C1orf86	1
C2orf74	1
TCERG1	1
SCD5	1
CGNL1	1
SIGLEC10	1
SIGLEC11	1
GTF2F1	1
PAFAH1B1	1
PAFAH1B3	1
GH1	1
GH2	1
LOC100131564	1
SFN	1
EID2	1
GATAD1	1
PML	1
SRRM2-AS1	1
NCKAP5L	1
STARD9	1
ADAL	1
SF3A2	1
TNKS2	1
MIR33B	1
ZNF181	1
ZNF189	1
ZNF23	1
ZNF22	1
BLVRB	1
GLTPD2	1
GLTPD1	1
WBP2NL	1
LYNX1	1
SNORA9	1
HS6ST1	1
SNORA1	1
SNORA3	1
SCN5A	1
PROSC	1
SNORA6	1
LOC143666	1
CAPZB	1
UBL4B	1
ZNF235	1
ZNF233	1
ZNF230	1
RNF113A	1
INO80E	1
FBXL19-AS1	1
CERCAM	1
FAM35A	1
RANBP6	1
RANBP1	1
AGAP1	1
AGAP3	1
AGAP5	1
GXYLT2	1
TRPT1	1
TSPO	1
CSPP1	1
SLC23A2	1
SLAMF7	1
CN5H6.4	1
TGFB3	1
C17orf99	1
C17orf98	1
FGD4	1
C17orf97	1
C17orf96	1
LOH12CR1	1
F13A1	1
MIR4285	1
UIMC1	1
HDGFRP2	1
HDGFRP3	1
KRTAP5-2	1
C6orf106	1
YWHAQ	1
YWHAH	1
FCRL1	1
FCRL2	1
FCRL3	1
FCRL4	1
FCRL5	1
GTF2IRD2B	1
LOC100134259	1
CHRM4	1
CHRM1	1
MGAT1	1
MIR22HG	1
MGAT5	1
SLC20A2	1
CHST10	1
SLC20A1	1
CHST15	1
VAMP4	1
MMP1	1
KCNE1	1
CAPRIN2	1
CAPRIN1	1
CREBZF	1
CCL28	1
CBFA2T3	1
H3F3C	1
WNK2	1
WNK1	1
TEX26-AS1	1
TNIP2	1
TNIP3	1
TNIP1	1
USP34	1
USP35	1
SHMT1	1
USP37	1
ZAN	1
PLD5	1
PLD6	1
MORN3	1
PLD3	1
RPL23AP64	1
FRA10AC1	1
LDLRAD4	1
DOCK8	1
SCO1	1
RRP8	1
ZNF75A	1
DOCK6	1
KIF26B	1
ALPK2	1
FAM184A	1
SLC9A4	1
SLC9A1	1
SLC9A2	1
SEC1P	1
TNRC18	1
SLC9A8	1
EIF5AL1	1
SCNN1D	1
ARHGEF35	1
ARHGEF33	1
SEC13	1
CLEC9A	1
ARHGEF39	1
GIMAP8	1
GIMAP5	1
GIMAP7	1
DACT3-AS1	1
LOC286059	1
GIMAP2	1
SCUBE2	1
SCUBE3	1
SCUBE1	1
ESR1	1
LOC221122	1
MYOM3	1
SMN2	1
COX10-AS1	1
SMIM10	1
EARS2	1
PHF15	1
RPP30	1
SMIM18	1
TBX3	1
LOC100507300	1
FBXO3	1
TBX6	1
CTNND1	1
FBXO9	1
KLRF2	1
OR4F29	1
TMEM38A	1
ZNF536	1
LOC643837	1
NAV3	1
MIR608	1
QSER1	1
BDP1	1
NT5DC2	1
LCE2C	1
LCE2B	1
LCE2A	1
LCE2D	1
PRSS3	1
ATL1	1
OOEP	1
RUSC2	1
MIR5090	1
PPIH	1
PPIE	1
PPIB	1
PPIA	1
CCNB1IP1	1
MIR4322	1
RNMTL1	1
C21orf119	1
SNTB2	1
LOC729966	1
SNTB1	1
CORO1B	1
CORO1A	1
FLJ25328	1
ERMP1	1
GBP1P1	1
MOXD1	1
PIN4	1
LOC338651	1
WASF1	1
WASF2	1
FAS	1
NPAS4	1
NPAS1	1
FAU	1
THEMIS2	1
LLPH	1
HNRNPA2B1	1
TTC34	1
LOC648691	1
LOC100287846	1
LOC441454	1
LZIC	1
MIDN	1
SNRNP40	1
LOC284100	1
FAM166A	1
RGP1	1
TSPAN1	1
HECTD3	1
HECTD4	1
MAN2B1	1
CCS	1
OAT	1
TSPAN9	1
OR5A1	1
FSTL3	1
FLII	1
RALGAPA1	1
LRRC37B	1
NUF2	1
COG3	1
COG2	1
CHTOP	1
GPR22	1
ANKUB1	1
GPR20	1
C12orf42	1
C12orf44	1
NFAT5	1
KCNMB2	1
KCNMB4	1
MSTO1	1
UBB	1
UBC	1
ANKRD52	1
SCGB2A2	1
BEND3P3	1
ANKRD55	1
AKR1A1	1
ATAD3C	1
NPRL3	1
NPRL2	1
AMH	1
KBTBD4	1
ATAD3A	1
AMN	1
MAT2B	1
PCBP4	1
PCBP1	1
RNF224	1
AMT	1
SIRT3	1
SIRT2	1
CARD10	1
MED31	1
NHSL1	1
PAK1IP1	1
SEZ6L2	1
FSD1	1
FAM57A	1
RBM27	1
POU6F2-AS1	1
EPHA8	1
MIR1250	1
MIR1253	1
SLC22A24	1
OR51V1	1
LINC00493	1
ZEB1-AS1	1
FGF18	1
KDM6A	1
FGF11	1
FGF17	1
SNORD121B	1
DSCAM-AS1	1
VAMP1	1
ZGLP1	1
COL9A2	1
FAM225A	1
FAM225B	1
FLJ39739	1
VCAM1	1
LIMD1	1
SEMA3B	1
SEMA3G	1
PAPPA2	1
ARHGAP11A	1
MIR125A	1
DESI2	1
DESI1	1
ZNF250	1
ARL3	1
ARL2	1
ZNF254	1
LGALS14	1
CRCT1	1
RRM2	1
RRM1	1
ZC3H12B	1
ZC3H12D	1
TSR1	1
FAM35BP	1
TSR2	1
TG	1
KCNJ11	1
KCNJ16	1
KCNJ15	1
KCNJ14	1
MLXIPL	1
TMX1	1
TAPBPL	1
NAGA	1
DAZAP1	1
DAZAP2	1
CYP4A11	1
OR2M1P	1
LOC100507173	1
C1QTNF2	1
OR56B4	1
C1QTNF1	1
C1QTNF7	1
C1QTNF4	1
C1QTNF5	1
KCNT1	1
CREB3L3	1
CREB3L1	1
TLCD2	1
C17orf72	1
PGAP2	1
MFAP5	1
OR2L5	1
MFAP3	1
NDUFAB1	1
PVRL1	1
CDC42SE2	1
CDC42SE1	1
VAC14	1
TMEM186	1
ASH1L-AS1	1
FLG2	1
NELFA	1
APRT	1
LOC100507564	1
ZFYVE27	1
C19orf52	1
C19orf57	1
C19orf55	1
SNAP23	1
LITAF	1
ATF7IP2	1
C11orf49	1
TAX1BP1	1
PRR14	1
MSGN1	1
PRR19	1
C11orf44	1
TNFSF13	1
TNFSF12	1
TNFSF11	1
SLC17A7	1
DIRAS1	1
CLPSL2	1
MAPT-IT1	1
PUM1	1
SFXN2	1
SPAG16	1
RAD1	1
CRYBA2	1
IFNL1	1
IFNL3	1
IFNL4	1
CCT3	1
LINC00035	1
BPIFC	1
LINC00520	1
BMS1P1	1
UBALD1	1
RIMKLA	1
LOC100506963	1
ZC3H3	1
S100A7L2	1
ZC3H6	1
RIPPLY2	1
C16orf55	1
CROT	1
FLJ42969	1
SLC4A5	1
TNFRSF10A	1
SLC4A2	1
DCTN2	1
DCTN3	1
DCTN1	1
SLC4A9	1
SLC4A8	1
DCTN4	1
DCTN5	1
KCMF1	1
FAM186B	1
LOC100130331	1
KNTC1	1
WFDC10A	1
CCDC144C	1
PLEKHD1	1
BROX	1
PLCL2	1
BPHL	1
RNF24	1
RNF26	1
ZNF732	1
ZNF883	1
LOC100499405	1
ZNF738	1
C1GALT1C1	1
RADIL	1
LDLRAP1	1
FAM211A	1
MIR432	1
IGSF3	1
CTNNB1	1
MOB1A	1
SCGB1B2P	1
HMOX2	1
MYOF	1
TMEM41A	1
LOC401074	1
TMEM41B	1
CNOT8	1
CNOT2	1
CNOT1	1
CNOT6	1
CNOT4	1
DDX11L9	1
ITGB2	1
ITGB6	1
YARS2	1
CDK19	1
ATN1	1
KRT19P2	1
USP38	1
LCE4A	1
NLGN4Y-AS1	1
NR2C1	1
RPP14	1
KCNA10	1
LARS2-AS1	1
GNPDA1	1
MIR4696	1
MAN1B1	1
UBE2G1	1
GCM1	1
RASAL3	1
LBP	1
SMAGP	1
FGR	1
SLC12A4	1
USP36	1
MORN5	1
EXT2	1
EXT1	1
POU5F1P3	1
ATP1B4	1
LOC100506100	1
ATP1B2	1
POU5F1P4	1
ATP1B1	1
TFB1M	1
PSMC3	1
MORN2	1
C14orf169	1
SPTY2D1	1
TCTA	1
SNX2	1
OCM	1
RPL27A	1
SNX8	1
CCDC127	1
CCDC125	1
SLC11A2	1
CCDC121	1
ASMT	1
KHSRP	1
ITPKC	1
LINC00663	1
MYT1	1
MGEA5	1
L1TD1	1
PHKG2	1
PHKG1	1
ITPK1	1
ORAI3	1
SNORA70B	1
ORAI1	1
SNORA70D	1
SNHG3	1
FNIP1	1
SMIM1	1
UHRF1BP1L	1
TUBB2A	1
RNASEH2A	1
ERVK13-1	1
SMIM4	1
NEIL1	1
NEIL2	1
PIWIL1	1
PCCA-AS1	1
PGAM4	1
PGAM2	1
FABP1	1
MXD4	1
MXD3	1
MXD1	1
AKR1C3	1
SPDYC	1
C1QBP	1
MED20	1
DNMBP	1
ASL	1
ATP6V0B	1
GKN2	1
LOC100862671	1
COL5A3	1
ENAM	1
NAT10	1
TAAR1	1
LOC388692	1
NELFCD	1
NPY5R	1
ALDH2	1
UHRF1BP1	1
NEU4	1
NPFF	1
RCE1	1
NEU1	1
C18orf8	1
DUSP5P1	1
UVSSA	1
UQCR11	1
RPRD1B	1
SNORD30	1
VSTM5	1
VSTM4	1
SNORD31	1
OPRL1	1
MIR377	1
RAD54B	1
MIR373	1
KLKP1	1
PRR3	1
PRR4	1
PRR7	1
DVL2	1
MED11	1
MED12	1
DVL1	1
ABCB7	1
ABCB6	1
MED18	1
MED19	1
ABCB9	1
C10orf137	1
PSME4	1
PSME3	1
ZNF69	1
MTSS1	1
MTFR1L	1
TLX2	1
CLEC4GP1	1
MIR205HG	1
ITSN2	1
APOC1P1	1
GRHPR	1
IST1	1
SLC30A5	1
SLC30A6	1
FURIN	1
EML2	1
GADD45B	1
EML4	1
ZYG11B	1
TAGLN2	1
TAGLN3	1
GJD3	1
HLA-DPB1	1
SPEF2	1
CETP	1
NARS2	1
NAIP	1
LOC100288079	1
NUPL2	1
GMPR	1
LOC100507117	1
CNN2	1
DHODH	1
MMP23A	1
MARCH2	1
GLUD2	1
EXOC3L4	1
NOP14	1
POM121	1
EIF5B	1
CTXN1	1
EIF5A	1
CCKBR	1
OR2A9P	1
MAML3	1
MAML1	1
TRPM4	1
LOC100128822	1
TRPM3	1
METRN	1
TUBB6	1
OXCT2	1
TUBB3	1
TUBB1	1
FAN1	1
HERC2	1
HERC5	1
HERC6	1
C19orf71	1
C19orf70	1
C19orf73	1
LOC147093	1
TMEM241	1
NYNRIN	1
C17orf59	1
COPRS	1
LOC100507066	1
TFDP2	1
TFDP1	1
EIF3C	1
MIS18A	1
MKNK2	1
LCLAT1	1
MKNK1	1
CDSN	1
CCR7	1
LOC151171	1
RAF1	1
BCAS3	1
DRAM2	1
OPRD1	1
LINC00052	1
CD86	1
ABCC6P1	1
SLC8A3	1
SLC8A2	1
BCL7B	1
BCL7A	1
ZBED1	1
BNIP3L	1
LOC149134	1
SCP2	1
EFNA2	1
MIR581	1
MIR580	1
GALNT16	1
LOC100130539	1
LRP1	1
LRP4	1
GALNT11	1
CDS2	1
LOC554206	1
HARS2	1
STIM1	1
ANTXR2	1
LIMK2	1
A2M-AS1	1
MAP6	1
MAP7	1
MAP4	1
TEAD3	1
CAMLG	1
C1orf186	1
TEAD4	1
FAM180A	1
FAM180B	1
PLEKHF1	1
BRI3	1
CHIT1	1
PPL	1
PSMG3-AS1	1
PPY	1
TMEM220-AS1	1
MRPS6	1
PSMC3IP	1
CLEC11A	1
EPHA10	1
ZNF718	1
THG1L	1
ZNF862	1
ZNF713	1
YY1AP1	1
TOM1L2	1
HLA-DQA2	1
GSS	1
GSR	1
LOC100506082	1
RPP38	1
CASP10	1
MIR1193	1
AFG3L2	1
UTS2R	1
LOC401052	1
TCHHL1	1
ALDH1L1-AS1	1
ANKMY1	1
XCL1	1
ALDH1L1-AS2	1
PTBP3	1
NNT	1
FAM19A4	1
FAM19A5	1
FAM19A3	1
HK2	1
HK1	1
LOC285540	1
CACNA2D2	1
LOC285548	1
ATP2B4	1
MSRA	1
XRN1	1
LCE6A	1
BATF	1
OR6T1	1
CORO7-PAM16	1
MACF1	1
LOC653786	1
DQX1	1
EED	1
MAPKAPK5	1
MAPKAPK3	1
GOLPH3	1
PPME1	1
SAMD7	1
PIK3R2	1
SAMD3	1
PDHB	1
SAMD8	1
PTPRN2	1
TIAL1	1
WTH3DI	1
SDCBP2-AS1	1
HSF2BP	1
SOX13	1
DENND5A	1
PTCRA	1
CATSPER2P1	1
LRRC18	1
AQP7P1	1
PPIAP30	1
SLC51A	1
SLC51B	1
CRLS1	1
RTN4RL1	1
RBKS	1
CCL1	1
IDE	1
TNFAIP8L2	1
CCDC101	1
TICAM2	1
DROSHA	1
OR6Q1	1
CCDC107	1
CGN	1
HIATL1	1
POLD1	1
POLD2	1
POLD4	1
LOC283214	1
REEP1	1
REEP3	1
REEP2	1
REEP5	1
LOC100289509	1
REEP6	1
CECR2	1
TSKU	1
SREK1IP1	1
TSKS	1
NUB1	1
ARL6IP4	1
CHRNA4	1
CHRNA6	1
CHRNA1	1
CHRNA2	1
CHRNA3	1
MAPK8IP1	1
MAPK8IP3	1
STAU2	1
PLAC1L	1
ID3	1
LOC644554	1
HP1BP3	1
CHGA	1
CD164	1
LEPREL4	1
LOC100268168	1
SEC31B	1
SEC31A	1
UBOX5	1
ANKRD6	1
ANKRD1	1
ANKRD2	1
AHDC1	1
GLI1	1
MPPE1	1
YME1L1	1
LONP2	1
COL8A2	1
PDGFB	1
LONP1	1
ORC3	1
AP5Z1	1
DMKN	1
CFLAR-AS1	1
RCC1	1
ACTB	1
SIGLEC5	1
SIGLEC6	1
LINC00317	1
SSPN	1
FGFR1OP2	1
HIST1H4B	1
ELANE	1
B2M	1
CCZ1B	1
NR0B2	1
PTPLB	1
NELFB	1
SPTLC1	1
MEI1	1
ABCD4	1
SIRPG	1
ZNF45	1
ZNF44	1
ZNF48	1
PRKAG2-AS1	1
GLUD1P7	1
TRAPPC9	1
TRAPPC1	1
TRAPPC3	1
RNASEH2B-AS1	1
BAK1	1
KIAA1279	1
PDCD11	1
PRRT2	1
CYP2U1	1
DGAT1	1
MTCP1	1
GRAP2	1
SOBP	1
LOC100128714	1
PSMG2	1
PSMG3	1
RRN3P3	1
RRN3P2	1
KSR2	1
LINC00202-1	1
GRAPL	1
TACR1	1
KCNH5	1
KCNH4	1
KCNH3	1
CCDC85B	1
ZNF296	1
LOC401557	1
C9orf114	1
LIN37	1
LOC100289187	1
NDUFAF7	1
NDUFAF3	1
NDUFAF2	1
MIR4717	1
MIR4324	1
FAHD1	1
AP3D1	1
TUG1	1
ILDR1	1
FAM71E1	1
SULT1A1	1
SULT1A3	1
SULT1A2	1
MIR558	1
SH2B2	1
NOL8	1
CHTF18	1
SH2B1	1
SAR1B	1
NOL6	1
C19orf12	1
NIPSNAP1	1
FAM156B	1
FAM156A	1
MIR19B2	1
DCAKD	1
CLPTM1	1
CDC42	1
PGLYRP3	1
PGLYRP2	1
PGLYRP1	1
CHAF1A	1
SYCE1L	1
BIN2	1
ARHGEF38-IT1	1
DPYD	1
YLPM1	1
CDCA7	1
CDCA5	1
TIMM50	1
GFAP	1
UTS2	1
FAM108C1	1
TNFAIP8L2-SCNM1	1
VPS53	1
LOC390705	1
SRRD	1
FLJ31306	1
TCL1B	1
MIR3153	1
CYB5B	1
DEFA11P	1
MAPT-AS1	1
IGDCC3	1
SYTL3	1
BRK1	1
OR10K1	1
LOC100272216	1
MTMR9LP	1
VOPP1	1
PLEKHH3	1
ESRP2	1
ESRP1	1
RELN	1
RELA	1
HDGF	1
PRX	1
ZMPSTE24	1
MRPL34	1
MRPL32	1
MRPL33	1
MRPL30	1
CARD9	1
CLEC17A	1
LOC100506874	1
UBE2R2	1
C17orf103	1
ESX1	1
FAM69A	1
KLK4	1
KLK5	1
KLK6	1
KLK7	1
KLK8	1
KLK9	1
THOC5	1
LOC643623	1
ORM2	1
ZNF843	1
ZNF844	1
C16orf90	1
ZNF846	1
RHBDL1	1
PARP16	1
HSD3B7	1
HSD3B2	1
MAX	1
LOC100129034	1
MAVS	1
MIR612	1
NUP88	1
FOXP3	1
FOXP1	1
COPS3	1
SAA4	1
COPS4	1
COPS5	1
MIR1178	1
ZNF597	1
ZNF595	1
ZNF598	1
ZNF599	1
CRY2	1
ZFR2	1
FLJ14186	1
PLCH1	1
FDFT1	1
NLN	1
NUDT8	1
NUDT2	1
NUDT6	1
SEPN1	1
TK1	1
PHLDB3	1
CTBP2	1
LARS	1
OPN1MW2	1
MEF2C	1
MEF2B	1
ELOVL2-AS1	1
DDRGK1	1
LCORL	1
ZNF334	1
ARGFXP2	1
TEX19	1
ZNF331	1
RPLP2	1
LOC729739	1
TEX12	1
CD300LG	1
MALAT1	1
LRRC3C	1
NOTCH2NL	1
ZNF804A	1
NDFIP1	1
FAM81A	1
MTMR14	1
MTMR12	1
RPS6KL1	1
CELSR3	1
LOC100133091	1
LRRC39	1
CYP24A1	1
LRRC31	1
LY6G5C	1
LY6G5B	1
MFN2	1
ZNF33A	1
FAM117A	1
FAM117B	1
SVIL	1
TATDN2	1
TCEB3	1
CEP57L1	1
C20orf196	1
C20orf194	1
CLCNKA	1
CLCNKB	1
PURB	1
VPREB1	1
KRTAP6-3	1
CCDC164	1
ST3GAL3	1
ST3GAL1	1
ST3GAL6	1
ST3GAL5	1
GALNS	1
SNORA74A	1
SNORA74B	1
TJAP1	1
MAGEA11	1
SNORD15A	1
SLC16A1	1
ARHGAP32	1
ARHGAP33	1
ARHGAP35	1
BOLA3-AS1	1
ARHGAP39	1
CMKLR1	1
LYVE1	1
SH3RF3-AS1	1
UQCRQ	1
UQCRB	1
CACNA1I	1
GPS2	1
CACNA1A	1
CACNA1B	1
CACNA1E	1
CACNA1F	1
CACNA1G	1
FLCN	1
BMP8A	1
BMP8B	1
HOTAIR	1
RBM41	1
RBM48	1
NPY1R	1
MIR150	1
PQBP1	1
MIR152	1
TTC17	1
ARGFX	1
RP9P	1
LINC00338	1
LINC00336	1
TTC18	1
C4orf27	1
C4orf26	1
SLC31A1	1
SLC31A2	1
ZFP92	1
ZFP90	1
RICTOR	1
PPM1G	1
THEM5	1
PPM1D	1
ABCF1	1
PPM1M	1
LOC100130705	1
DNASE1L1	1
PJA2	1
DALRD3	1
PRKAB2	1
PRKAB1	1
SIKE1	1
KPRP	1
LOC286114	1
PTH2	1
PTPN6	1
GINS3	1
PROK1	1
GINS4	1
DDR2	1
LRCH4	1
C19orf48	1
NNMT	1
RNF146	1
MBD3L5	1
PTDSS1	1
PTDSS2	1
AGBL4	1
AGBL2	1
CYP2S1	1
C15orf32	1
LOC553103	1
ADPRM	1
ADI1	1
PSMA2	1
LOC100505648	1
GTF2A1L	1
PSMA1	1
PSMA5	1
C3	1
PSMA8	1
ZNF100	1
FBXO46	1
SH3BP5L	1
KRTAP15-1	1
EXPH5	1
KCNJ2	1
SNORD17	1
TRAFD1	1
SFRP4	1
SFRP5	1
KCNJ9	1
KCNJ8	1
NRADDP	1
AGPAT5	1
C9orf135	1
AGPAT2	1
WAPAL	1
KIAA1217	1
KIAA1211	1
TMEM156	1
FOXO4	1
NIP7	1
PEX10	1
PEX13	1
PEX12	1
PEX14	1
PEX16	1
EIF1B	1
PP2D1	1
C22orf29	1
ELK2AP	1
C19orf35	1
LOC201651	1
PGA4	1
C19orf38	1
FAM154B	1
PPP1CA	1
MPPED1	1
C11orf24	1
WBP2	1
COL6A3	1
COL6A2	1
LOC100289561	1
KLK10	1
KLK11	1
SRP9	1
FAM71B	1
OGG1	1
PI3	1
VSIG10	1
HIF1AN	1
SLC34A1	1
LOC100133286	1
SLC34A2	1
CREBRF	1
PPP1R16A	1
BLNK	1
MIR3177	1
UBR3	1
UBR2	1
UBR1	1
UBR5	1
SOCS7	1
PCNA-AS1	1
SOCS2	1
PPP2CA	1
CCNY	1
LOC728819	1
SPG20OS	1
CCNO	1
CCNJ	1
VPS72	1
NPAP1	1
PCM1	1
TBRG4	1
LRRK1	1
PTH	1
ABHD11	1
ABHD12	1
TGFB1I1	1
FN3K	1
FAM108A1	1
PTS	1
MRPL11	1
C16orf62	1
MRPL17	1
MRPL18	1
CDC25B	1
UAP1	1
ARPC4	1
TMPRSS12	1
TMPRSS13	1
DCUN1D2	1
ZNF821	1
SNORA77	1
ITPR3	1
ZNF829	1
SNORA70	1
AMPH	1
USMG5	1
LRIG2	1
LRIG1	1
LOC643648	1
ERCC6L2	1
MTTP	1
CASKIN2	1
CASKIN1	1
IL17RE	1
RNF123	1
A1CF	1
RNF121	1
FOXR1	1
MIR103A1	1
MIR103A2	1
FAM217A	1
OPN3	1
NCOR2	1
NCOR1	1
UCP3	1
AVEN	1
MIR455	1
NBN	1
CLHC1	1
TMEM30C	1
MSS51	1
CORT	1
PHLPP2	1
LDOC1L	1
EMILIN2	1
PIAS2	1
DDX12P	1
PIAS4	1
HIVEP2	1
HIVEP3	1
FAM115C	1
TEX38	1
EOGT	1
ZNF318	1
LOC100506472	1
PIFO	1
OVOL3	1
OVOL1	1
P2RX1	1
P2RX5	1
M1AP	1
P2RX7	1
P2RX6	1
NUPR1L	1
HADHB	1
RPS19BP1	1
RMDN3	1
ALS2	1
LRRC57	1
DENND1C	1
LRRC58	1
LRRC59	1
DIS3	1
NSUN5P2	1
SDHA	1
SEPT5-GP1BB	1
ZCCHC13	1
ERRFI1	1
ZCCHC10	1
FLVCR2	1
AP1M2	1
RGPD5	1
CCDC146	1
CCDC141	1
CDRT1	1
RGPD8	1
CYP3A43	1
SAMD14	1
SAMD12	1
DLG4	1
SAMD10	1
TKTL1	1
RAB3IP	1
RSF1	1
RAET1K	1
LOC100288570	1
PTGR2	1
FBXO17	1
MTUS2	1
IFRD1	1
CEP112	1
GMIP	1
OSBPL7	1
TUBB4B	1
TUBB4A	1
ARHGAP15	1
ARHGAP12	1
STARD6	1
SAP25	1
PTRHD1	1
C1QL1	1
GABRG3	1
C1orf21	1
FGL2	1
AHSA2	1
PPP1R3G	1
GSTO2	1
GSTO1	1
SND1-IT1	1
RING1	1
NPC1L1	1
TTC33	1
TTC31	1
FAM153A	1
TTC38	1
ITPRIP	1
SLC22A20	1
DDTL	1
CIRBP-AS1	1
LOC100130238	1
MINOS1	1
SETX	1
CCBE1	1
ZNF83	1
ZNF81	1
TMPPE	1
ZNF84	1
SS18	1
HOPX	1
AADACL4	1
PFN1	1
CAPZA1	1
SCARF2	1
SCARF1	1
RAB2A	1
GTF2H2B	1
GTF2H2C	1
LMO4	1
GEMIN7	1
GEMIN4	1
GEMIN5	1
C3orf45	1
C4orf46	1
PBRM1	1
TRPC4AP	1
MIR4740	1
KIF9-AS1	1
ERBB3	1
LARP1B	1
NWD1	1
MCRS1	1
SYN3	1
ST8SIA6-AS1	1
ZNF121	1
GJB1	1
GJB7	1
GRIN3B	1
VWCE	1
PSMC2	1
GCHFR	1
PSMC4	1
PSMC5	1
KIF18B	1
CPVL	1
IFT172	1
SNORD33	1
FN3KRP	1
NCLN	1
C9orf156	1
APITD1-CORT	1
TGM1	1
LIN7C	1
LIN7B	1
TGM5	1
MIR4755	1
TGM7	1
MARCH5	1
MARCH4	1
MARCH3	1
TMEM179	1
FOXI1	1
TMEM175	1
MARCH9	1
CLSTN1	1
EIF3J	1
SLX1A	1
EIF3A	1
SLX1B	1
ALMS1P	1
FGFBP2	1
FGFBP1	1
ARMC10	1
HBA2	1
NOL10	1
ELSPBP1	1
CDKN2B	1
CDKN2C	1
CDKN2A	1
CDKN2D	1
EDEM2	1
EDEM1	1
NTPCR	1
SAP30L	1
UBTD2	1
TAS1R3	1
CCL2	1
NFATC2	1
RPL37A	1
CCL7	1
TAS2R20	1
CCL8	1
MIR7-3HG	1
CSDAP1	1
FAM73B	1
GTF2E2	1
CYP26B1	1
RRBP1	1
PPP1R14B	1
OR2AG2	1
OR2AG1	1
TCTE1	1
LOC728875	1
LOC100130000	1
SDSL	1
RALY	1
PCDH12	1
ALKBH6	1
ALKBH7	1
VPS51	1
ALKBH2	1
ALKBH3	1
RALA	1
OR10G4	1
SCD	1
OR10G8	1
LSM3	1
DBF4B	1
LOC284933	1
PVR	1
SNORA5A	1
DNAJB1	1
SNORA5B	1
DNAJB4	1
AMDHD2	1
TRMT5	1
NRON	1
SLC2A1-AS1	1
KISS1	1
LOC643669	1
NIPAL4	1
EPB41	1
SNORA54	1
SNORA56	1
FAM65B	1
GRIK4	1
GRIK5	1
RNF141	1
FGF14	1
GLRA1	1
SKOR1	1
PHB2	1
NENF	1
MGLL	1
FAM219B	1
FAM219A	1
CD320	1
ASMTL-AS1	1
XPR1	1
PACSIN3	1
GREM1	1
COPE	1
INTU	1
GJA10	1
MIR181A2HG	1
SMA4	1
NRIP1	1
OR52M1	1
NRIP3	1
GSTP1	1
VTI1A	1
TEKT2	1
TRIM10	1
CDKN2AIP	1
PIDD	1
ATF7IP	1
TOMM6	1
PPP1R3F	1
TOMM5	1
TMEM191A	1
GOPC	1
NSG1	1
LUC7L3	1
LUC7L2	1
FAM131A	1
FAM131C	1
TRMU	1
KIAA1551	1
CDO1	1
PPP1R37	1
PPP1R36	1
PPP1R35	1
TRPS1	1
MCMDC2	1
LRRC70	1
LRRC71	1
LRRC73	1
NME4	1
NME5	1
NME6	1
NME7	1
INPP5F	1
NME3	1
INPP5K	1
RAPGEF4-AS1	1
CHURC1-FNTB	1
MSANTD1	1
HELT	1
EPB49	1
EPB42	1
HELZ	1
GSKIP	1
MATR3	1
MYADM	1
RBAK	1
GFOD1	1
SMA5	1
SMG1P1	1
VPS37D	1
VPS37C	1
VPS37B	1
VPS37A	1
PNPLA3	1
PNPLA2	1
PNPLA7	1
PNPLA6	1
PNPLA5	1
GUCA2B	1
RPL13P5	1
CLUH	1
PINLYP	1
FOS	1
LOC400657	1
SFPQ	1
ATG13	1
ATG14	1
LOC254100	1
LOC100507463	1
KIAA0754	1
SCT	1
SAFB2	1
HMGN2P46	1
MIR3690	1
COL12A1	1
CXCL2	1
VSTM2L	1
SEC14L3	1
SEC14L2	1
VSTM2B	1
SEC14L4	1
PTAFR	1
SNED1	1
PHTF2	1
RBM8A	1
CAST	1
LINC00115	1
WBP1L	1
MKNK1-AS1	1
VCPIP1	1
THRAP3	1
ZBTB9	1
UAP1L1	1
IL19	1
C5orf47	1
GSTM1	1
GSTM2	1
GSTM5	1
KRT9	1
GAGE2A	1
EFHD1	1
LOC647323	1
AEBP1	1
LBX2-AS1	1
AEBP2	1
NOXA1	1
RCHY1	1
GDF9	1
CBR1	1
GDF6	1
CBR3	1
DSTNP2	1
ANXA1	1
TPST1	1
POU5F1	1
MCM2	1
POU5F2	1
ZDHHC21	1
ZDHHC22	1
MCM8	1
SQSTM1	1
EPC1	1
C3orf20	1
WNT9B	1
WNT9A	1
ARRDC1	1
SSX5	1
LOC100507266	1
PKMYT1	1
THAP9-AS1	1
MROH8	1
KIFAP3	1
CYP4Z2P	1
MROH6	1
MROH1	1
ABCA11P	1
ZNF142	1
BCS1L	1
LOC100505687	1
DDX31	1
PYGB	1
COX8A	1
PYGL	1
PFAS	1
DDX3X	1
C20orf27	1
VWA8	1
VWA7	1
TMF1	1
RANGAP1	1
KCNN4	1
OR4F13P	1
KCNN1	1
ANKHD1-EIF4EBP3	1
TRAF3IP2-AS1	1
C9orf174	1
C9orf171	1
PKIA	1
C9orf173	1
MST1L	1
GRIP1	1
UPF1	1
GRIP2	1
SLC19A1	1
CCDC65	1
NIT2	1
VDR	1
KRT5	1
FOXK1	1
RAX2	1
TYSND1	1
CCDC69	1
RFXANK	1
TMEM110	1
MIS12	1
TMEM115	1
TMEM116	1
CRYGC	1
SLC35A4	1
SLC35A5	1
GPRIN1	1
SH2D5	1
SH2D7	1
FAF1	1
ASIC4	1
PGM1	1
ASIC3	1
ABCB10	1
CYHR1	1
APLF	1
TCEANC2	1
HLA-F-AS1	1
SLC25A44	1
SLC25A45	1
SLC25A47	1
CDC27	1
CDC26	1
RBPMS	1
NUP153	1
PDZD4	1
FAM150A	1
OR2F1	1
FAM105A	1
FAM150B	1
BEST2	1
LIN54	1
LIN52	1
PDZD9	1
PDZD8	1
EPN2-IT1	1
SORCS3	1
LINC00582	1
GPKOW	1
KIAA1614	1
SPDYE8P	1
TNPO2	1
MAPK3	1
MAPK7	1
BCO2	1
KCNG3	1
GEMIN8P4	1
STAG3L4	1
KIAA1804	1
BCOR	1
VWA3B	1
VWA3A	1
METTL8	1
CCL11	1
CCL13	1
GPBP1L1	1
VPS36	1
METTL4	1
METTL5	1
METTL6	1
TAS2R43	1
STAT5B	1
STAT5A	1
TAS2R40	1
FDX1L	1
TAS2R46	1
LRRC14B	1
KCTD1	1
OR10A2	1
KCTD7	1
OR10A7	1
C1orf109	1
GLTSCR1L	1
OR56B1	1
PLEKHN1	1
ZC3HC1	1
NRAS	1
PXK	1
SLC38A10	1
ESF1	1
ROPN1	1
SNORD116-12	1
SNORD116-15	1
SNORD116-16	1
FOXD4L2	1
FOXD4L3	1
PACS1	1
LOC100286922	1
SBNO2	1
PCSK1N	1
RNF167	1
RNF165	1
RNF168	1
GAGE10	1
ZBTB42	1
ZBTB43	1
ZBTB44	1
BRAF	1
ZBTB46	1
ZBTB47	1
PDPK1	1
CTC1	1
P4HA3	1
ANP32D	1
ANP32A	1
FDXR	1
UQCC	1
TAT	1
LOC439994	1
NTNG2	1
RPF2	1
ZFYVE16	1
TAZ	1
MRPL55	1
MRPL50	1
MRPL52	1
MIR411	1
MIR410	1
THY1	1
MIR412	1
ZNF688	1
ZNF689	1
TRIQK	1
ZNF682	1
MIR137HG	1
PCDHGC4	1
PCDHGC5	1
IQCE	1
IQCD	1
IQCK	1
MUC16	1
IQCH	1
TRAF3IP1	1
OR52K1	1
OR52K2	1
POP7	1
GPR119	1
POP4	1
OR2L2	1
GPR113	1
MMP14	1
SZRD1	1
MMP11	1
MMP12	1
MMP13	1
LRRN2	1
MYO18B	1
PRG4	1
NF1	1
LOC338963	1
CDAN1	1
IL5RA	1
ST3GAL6-AS1	1
FAM133B	1
IFITM5	1
ZC2HC1C	1
NCAPD2	1
PPP1R10	1
PPP1R18	1
C14orf180	1
LOC100507032	1
IQCH-AS1	1
TCN1	1
ZNF425	1
ZNF420	1
SIRPB1	1
ATXN2	1
ATXN3	1
ATXN1	1
SOAT2	1
SRGAP1	1
NXF1	1
SNORA45	1
DLK2	1
GPRC5A	1
TSC1	1
NEDD8	1
NEDD9	1
STRIP2	1
NEDD1	1
SMC3	1
GPRIN2	1
LOC646268	1
LOC254128	1
SPDYE1	1
LTB	1
LTA	1
ALG11	1
SHISA5	1
MICALL1	1
SNORD116-26	1
AHSP	1
ARL8B	1
ARL8A	1
C1orf68	1
TTC7B	1
TTC7A	1
C1orf64	1
TRIM9	1
COX19	1
LOC349196	1
TWIST2	1
PEAR1	1
PFN4	1
KRT40	1
IL32	1
IL31	1
NKPD1	1
LOC100506314	1
HMBOX1	1
TRIM5	1
RHPN1-AS1	1
PTK2B	1
THEG5	1
LOC100508120	1
HYOU1	1
AMPD3	1
DPY19L1P1	1
RAB5A	1
RAB5C	1
GSTM2P1	1
PROM1	1
NHEJ1	1
KPTN	1
SCARB1	1
ERAP2	1
ERAP1	1
HULC	1
EMR1	1
EMR2	1
EMR3	1
LRRN4CL	1
ZBTB7A	1
DDX58	1
ANXA6	1
CSRNP1	1
DDX54	1
GATS	1
GATM	1
FAM129C	1
TXNRD2	1
RNPS1	1
BUB3	1
PRR15	1
UBE2E1	1
UBE2E2	1
CNGA3	1
NCF1C	1
PLA2G15	1
EGLN1	1
DNAH1	1
PLA2G10	1
MYBPC3	1
RPL7L1	1
MGC45922	1
FLG	1
TMEM134	1
TMEM138	1
FOXE1	1
FOXE3	1
LAG3	1
ALG1L9P	1
ATRX	1
FAM177B	1
MGC34796	1
CDKL4	1
CDKL3	1
TBX10	1
USF1	1
SPDYE2	1
FBXO24	1
SLC35C2	1
PCAT1	1
GNB5	1
AMBRA1	1
GNB1	1
OPN1LW	1
C11orf84	1
C11orf87	1
C11orf80	1
MUCL1	1
FAM107B	1
OR2T29	1
MCMBP	1
CRHR2	1
KIAA1683	1
IQGAP2	1
SLIRP	1
MIR409	1
TBC1D3P2	1
PCMTD2	1
FAM159A	1
RP9	1
C1S	1
C1R	1
CCNB3	1
CCNB1	1
OR1F2P	1
FIBP	1
CSTF3	1
LOC100289092	1
ILF3	1
COQ2	1
POU2F2	1
TAS2R60	1
POU2F1	1
UPK1A-AS1	1
C1orf122	1
SYMPK	1
FCHO2	1
TOB2P1	1
SOX30	1
C6orf99	1
PZP	1
CLN3	1
QPCTL	1
CLN8	1
SNORA19	1
CLNK	1
MUC22	1
RNF185	1
RNF186	1
TCF7L1	1
TCF7L2	1
BMPR2	1
PNPO	1
ZBTB26	1
ZBTB24	1
ZBTB25	1
APBB1IP	1
MIR146A	1
HRAS	1
FLJ25758	1
CLRN1-AS1	1
FLJ14107	1
SKI	1
KRTAP9-9	1
CHCHD1	1
MS4A2	1
KRTAP9-2	1
KRTAP9-3	1
SYT12	1
SYT16	1
SYT15	1
HEG1	1
ZFAS1	1
MS4A8B	1
RIC8B	1
RIC8A	1
ZNF143	1
DDT	1
PCDHGA8	1
PCDHGA9	1
PCDHGA2	1
PCDHGA3	1
PCDHGA6	1
SNORD88B	1
CDC14A	1
GPR179	1
ATP6V1G2	1
PHF8	1
PHF7	1
GPR173	1
PHF2	1
LOC338817	1
INPP4B	1
TCHH	1
GAGE7	1
STRN4	1
SCGB2A1	1
RPL29P2	1
LOC153684	1
BMS1P4	1
ERN2	1
RPS26	1
RPS25	1
RIMBP2	1
RIMBP3	1
PHC2	1
RPS28	1
ATRN	1
OR1E2	1
MVB12B	1
NDP	1
MVB12A	1
NFYC	1
HSD11B1L	1
ZNF404	1
ZNF408	1
ARPC5L	1
GPSM2	1
C2CD3	1
ITPK1-AS1	1
CBL	1
C20orf26	1
SLC22A5	1
MIR181C	1
TERC	1
VPS33A	1
RMST	1
TERT	1
GYLTL1B	1
GPX4	1
ZNF365	1
FRMPD2P1	1
EFCAB5	1
EFCAB6	1
DRD4	1
CASP8	1
EFCAB2	1
PICALM	1
SLC25A3P1	1
SETD1A	1
GLG1	1
UPB1	1
TRMT12	1
TRMT13	1
LINC00624	1
ST7-AS2	1
PKD1L3	1
MYC	1
ENTPD7	1
ENTPD5	1
ENTPD1	1
KRT23	1
KRT20	1
SNAPC3	1
SNAPC4	1
HYAL2	1
RSPH10B	1
TRPC5OS	1
TNFRSF10D	1
SNORD115-18	1
SNORD115-14	1
SNORD115-17	1
SNORD115-11	1
MCIN	1
LOC728392	1
LANCL2	1
PILRA	1
PILRB	1
LANCL1	1
SRP19	1
ODF2	1
ODF4	1
EFEMP2	1
LOC100506990	1
TAS2R9	1
LINC00840	1
KIF3C	1
HADH	1
SDC4P	1
YY1P2	1
ASPH	1
LOC339442	1
LOC100996307	1
HNRNPH1	1
MIR891B	1
SGOL1-AS1	1
MRPS34	1
MRPS36	1
TBC1D4	1
MRPS33	1
TBC1D7	1
HSPA12A	1
LOC100630918	1
LIMD1-AS1	1
RBM17	1
BOLA2B	1
TBXA2R	1
ABHD16A	1
PDSS2	1
PDSS1	1
UNC13D	1
UNC13A	1
KCNB1	1
KIAA2013	1
HNRNPUL2	1
HNRNPUL1	1
DEGS2	1
CLEC6A	1
CNTLN	1
PAIP2	1
PAIP1	1
EMP2	1
BEND6	1
TMSB4X	1
CCDC24	1
DCAF12	1
DCAF10	1
BLZF1	1
LSM10	1
DPEP2	1
LOC595101	1
TRMT10B	1
SLC35E1	1
SLC35E2	1
KCTD21	1
LZTS2	1
NEDD8-MDP1	1
LOC440288	1
MAP7D3	1
MAP7D2	1
KIAA1432	1
TBX5-AS1	1
HEPHL1	1
LOC729603	1
G3BP1	1
MYOZ2	1
MYOZ3	1
FAM101A	1
TTC39B	1
MXRA7	1
KIAA1656	1
IFNAR1	1
OSTCP1	1
GPM6B	1
APBB2	1
APBB3	1
ANXA2P1	1
NOB1	1
IRAK2	1
OR7D2	1
IFI27	1
UNKL	1
WDR6	1
DIAPH1	1
DIAPH2	1
WRN	1
SMARCD2	1
GATA4	1
GATA3	1
GATA1	1
CCND3	1
IPCEF1	1
TCF19	1
LSP1	1
RPS27L	1
LOC284950	1
MTL5	1
SEPT7P2	1
MIR23B	1
UROD	1
GABBR1	1
SERPINE2	1
C5orf4	1
SOX18	1
IRG1	1
TNNT3	1
MIR3689C	1
SOX10	1
SOX12	1
ISCA2	1
EPPK1	1
DMAP1	1
SNX31	1
SNX30	1
SNX32	1
PDLIM4	1
PDLIM5	1
DPCD	1
PDLIM2	1
CHRAC1	1
FTX	1
INSIG2	1
INSIG1	1
TNK1	1
ZDHHC2	1
ZDHHC6	1
FAM207A	1
DENND5B-AS1	1
C1orf145	1
HES2	1
HES5	1
CAPNS1	1
KLHL22	1
TMEM80	1
GABRR2	1
SMO	1
TAF12	1
TAF10	1
POLM	1
THRA	1
POLK	1
SART1	1
TRIM52	1
MDK	1
NDUFV1	1
CCNDBP1	1
CROCCP3	1
CROCCP2	1
C2orf16	1
C2orf15	1
MRPL45P2	1
GGH	1
IL17D	1
IL17B	1
SLC25A41	1
LOC375196	1
WDR62	1
LOC399815	1
NREP	1
ENO1-AS1	1
GPR152	1
F2	1
GPR150	1
GPR156	1
GPR155	1
F8	1
HTR3E	1
TMEM8A	1
FAM89B	1
TMEM151A	1
HS2ST1	1
EI24	1
SGMS2	1
SGMS1	1
RPTOR	1
SHBG	1
QKI	1
PPFIA2	1
TM4SF5	1
HSD17B8	1
R3HDM4	1
ZNF648	1
SLC25A2	1
ZNF646	1
MIR518C	1
DYNLRB1	1
HSD17B4	1
CREB5	1
FAM105B	1
ALDH3B2	1
TONSL	1
NUP155	1
KPNB1	1
SNORD111B	1
MIR5186	1
ABR	1
SPATA5L1	1
ACTR6	1
PER3	1
ATP4A	1
PRCC	1
IER5	1
LOC100287042	1
ZNF398	1
FAM228B	1
LOC401109	1
CYB561D2	1
ZNF461	1
IL1RL1	1
HUWE1	1
NUDT22	1
LOC100653515	1
LOC646999	1
FAM173B	1
FAM173A	1
ZNF705G	1
ZNF705D	1
SPIN3	1
CEP192	1
UTP14C	1
TNFRSF25	1
TEX264	1
GDAP1L1	1
LOC100506746	1
CLECL1	1
SLX4IP	1
C1QC	1
C1QB	1
C1QA	1
LOC100131067	1
RNMT	1
ELMO1	1
DDAH2	1
HUS1B	1
OR5K4	1
VSIG4	1
CRELD1	1
OR5K1	1
OR5K2	1
NOS3	1
SLC29A2	1
GLE1	1
RSC1A1	1
PLXDC2	1
PLXDC1	1
C6orf201	1
CSK	1
C6orf203	1
MIR600HG	1
CNOT10	1
MRAP	1
GALNT8	1
MKI67IP	1
TELO2	1
GALNT6	1
GALNT2	1
PRKCQ-AS1	1
FAM103A1	1
DMWD	1
WNT3A	1
FILIP1L	1
ZFHX4	1
RFC1	1
RFC3	1
ZFHX2	1
KIF14	1
SH3BP5	1
SH3BP2	1
MCFD2	1
CBX7	1
CBX6	1
CBX5	1
CBX4	1
CBX3	1
CBX2	1
CBX1	1
NLRP1	1
WDR26	1
RAB18	1
WDR24	1
WDR25	1
RAB12	1
RAB15	1
SP140	1
PPP1R12B	1
RQCD1	1
NAGLU	1
ACADSB	1
IGF2BP1	1
ALDH18A1	1
TDRKH	1
KIF1B	1
KIF1C	1
SPATC1	1
H3F3AP4	1
ZFP36	1
ZFP37	1
ATHL1	1
AATK	1
ERCC8	1
OR10Z1	1
CRNDE	1
MRPS17	1
AIM1L	1
CD247	1
MRPS12	1
NLRP12	1
CD248	1
PFKP	1
VIPR1	1
ATP8A1	1
TMEM249	1
LSM4	1
LSM7	1
TMEM240	1
WARS	1
MFSD7	1
MFSD6	1
LOC100128770	1
TAMM41	1
DCBLD2	1
CLEC4G	1
CLEC4F	1
CLEC4A	1
SSR1	1
SSR2	1
SSR4	1
COPS7A	1
NCDN	1
KAT6B	1
KAT6A	1
CACNG3	1
CACNG7	1
CASP8AP2	1
APOC4	1
APOC1	1
TCAM1P	1
SLC35G3	1
SLC35G6	1
SELENBP1	1
SCGB2B2	1
OR8G2	1
OR4D11	1
NSFL1C	1
KLHDC10	1
ST7-OT3	1
METTL9	1
ZNF770	1
SLC25A22	1
SLC25A23	1
SLC25A20	1
SLC25A21	1
COPB1	1
ISG20L2	1
CARM1	1
SPDYE2L	1
RASAL1	1
MIIP	1
TAS2R42	1
LOC619207	1
PCDHB4	1
MKS1	1
GNRH2	1
PGK1	1
RIMBP3B	1
SDHAP3	1
SMTNL1	1
SMTNL2	1
FAM22G	1
FAM22D	1
INSM2	1
RPAP3	1
FAM22A	1
AP4B1-AS1	1
OXA1L	1
TINAGL1	1
TNIK	1
PSTPIP1	1
TP53RK	1
POFUT2	1
GCSAM	1
POFUT1	1
SNX17	1
SNX15	1
SNX14	1
KCTD5	1
SEC23B	1
SNX10	1
SNX18	1
ICAM4	1
ICAM3	1
ICAM1	1
LINC00294	1
GTF2IRD2P1	1
CTDSP2	1
LINC00293	1
MARCKSL1	1
EPPIN	1
SNORA5C	1
LRTOMT	1
OCLN	1
EBNA1BP2	1
TMEM87A	1
VN1R10P	1
NEAT1	1
NEUROD4	1
MIR744	1
MIR211	1
URM1	1
LOC101055625	1
CHURC1	1
TBC1D9B	1
SLC3A2	1
TMTC4	1
LINC00474	1
LINC00475	1
LINC00476	1
C1orf168	1
MAP4K3	1
TRIM74	1
CDH15	1
TRIM72	1
SPATA20	1
SPATA21	1
OCEL1	1
ZNF204P	1
MICU1	1
TSNAX	1
C7orf49	1
RNU11	1
SON	1
C2orf71	1
NIPBL	1
GAK	1
IFNA22P	1
NRG1	1
XYLT2	1
SUV39H2	1
PARP1	1
XYLT1	1
LOC283731	1
OR7E12P	1
LOC100506321	1
CYC1	1
COMMD10	1
TFCP2	1
SPATA2L	1
HTR1D	1
HTR1F	1
CKAP5	1
MIR3198-2	1
PNMA6A	1
PNMA6D	1
GOLGA6L10	1
SPINT3	1
SPINT1	1
ITSN1	1
NDST1	1
NDST2	1
NDST3	1
PRAF2	1
ZNF668	1
ZNF660	1
ZNF662	1
ZNF663	1
ZNF665	1
SCAMP4	1
WAC-AS1	1
CELA3B	1
CRYBB2P1	1
C7orf41	1
TSPAN4	1
NXN	1
FAM193A	1
FAM193B	1
CHMP4A	1
ZNF445	1
ZNF443	1
EPT1	1
LOC401127	1
GFRA4	1
PRAC	1
GFRA3	1
SERAC1	1
PRSS46	1
RASD2	1
SLAIN2	1
C9orf3	1
PSENEN	1
VWA8-AS1	1
FAM175B	1
CPA4	1
CPA5	1
SLMAP	1
PVRL3	1
PVRL2	1
OS9	1
SNORA38	1
YEATS4	1
SH2D4B	1
STAG2	1
STAG3	1
IFT74	1
ASMTL	1
AP1G1	1
ARG2	1
TMEM50A	1
EHD4	1
EHD2	1
XKRX	1
OBFC1	1
LOC100271832	1
LOC100271836	1
LINC00662	1
TMED6	1
TMED5	1
SNX29P2	1
TMED3	1
TMED2	1
TMED9	1
HNRNPL	1
HNRNPM	1
HNRNPC	1
DIS3L	1
SNX9	1
SYDE2	1
HMGA1	1
MPHOSPH9	1
XKR8	1
GLUD1	1
TADA3	1
PALD1	1
C9orf16	1
CD55	1
AAR2	1
LINC00085	1
UGT1A8	1
UGT1A4	1
UGT1A5	1
UGT1A6	1
UGT1A7	1
UGT1A1	1
UGT1A3	1
RAB36	1
HJURP	1
DOK2	1
DOK3	1
C6orf223	1
C6orf226	1
CLASP2	1
C1orf200	1
PDIA2	1
RAB3A	1
ARMC9	1
ARMC6	1
LRG1	1
ARMC5	1
ARMC1	1
YPEL3	1
CCDC120	1
PDCD6IP	1
ZDHHC8P1	1
TTC21A	1
SRA1	1
C5orf56	1
SPATA5	1
RANGRF	1
PGM2L1	1
HIST1H4A	1
HSPA7	1
HSPA4	1
LOC100130872	1
HIST1H4H	1
LOC728024	1
FTSJ3	1
ABCC5-AS1	1
KIAA0907	1
HKDC1	1
CRBN	1
MIR554	1
MIR556	1
NET1	1
IRX5	1
IRX6	1
DANCR	1
MCM3AP-AS1	1
PCSK6	1
PPP2R2A	1
MUC6	1
CRB3	1
MUC4	1
LOC100128750	1
GK	1
CLEC2L	1
CLEC2A	1
CLEC2B	1
CTBP1	1
NTHL1	1
TSG101	1
ORAI2	1
HACL1	1
LOC100505716	1
LOC100505715	1
MFSD11	1
MFSD10	1
MFSD12	1
IQSEC1	1
IQSEC2	1
GPRASP2	1
XPO1	1
XPO5	1
XPO4	1
XPO7	1
XPO6	1
LOC400958	1
TTN	1
TTL	1
TNRC18P1	1
SOLH	1
FLJ33630	1
DNASE1L2	1
FAM90A25P	1
EPS15L1	1
GART	1
MLLT11	1
GARS	1
ZEB2	1
ATAD1	1
ATAD2	1
FRAT1	1
FRAT2	1
TMEM198	1
C22orf23	1
C22orf24	1
SESN1	1
SESN2	1
GHRL	1
SHROOM3	1
MIOS	1
PELI1	1
PELI3	1
PELI2	1
ATE1	1
DBNDD1	1
MYEOV	1
TTC27	1
CALB2	1
AKNAD1	1
GVINP1	1
RNASEH2C	1
FAM20C	1
ADARB1	1
CTHRC1	1
CES5AP1	1
MAGEA9	1
KIAA0125	1
OR6B1	1
NFX1	1
LINC00272	1
SLIT3	1
LINC00277	1
SLIT1	1
DTYMK	1
LINC00278	1
UCN2	1
FBXW4P1	1
NOLC1	1
MIR766	1
FXN	1
MIR769	1
SNW1	1
THAP4	1
THAP5	1
YRDC	1
CHID1	1
RPN1	1
RPN2	1
TRIM14	1
CYP4F8	1
MUC17	1
MIR494	1
LINC00483	1
MIR498	1
ARL2BP	1
ASB2	1
MAPKAP1	1
ASB1	1
ASB6	1
CHAD	1
CIRBP	1
SLC47A2	1
C2orf54	1
SLC16A10	1
DPY30	1
SPINK8	1
FNBP1L	1
CHM	1
TBL2	1
KHNYN	1
PDE8A	1
POM121L9P	1
TCTN1	1
TMEM42	1
MIR940	1
SERINC5	1
ASTE1	1
MED7	1
MNX1	1
ZNF600	1
ZNF607	1
PTEN	1
PIN1P1	1
TREX1	1
CAMTA2	1
CAMTA1	1
KXD1	1
PPP1R9B	1
GCA	1
OR1C1	1
TCF7	1
TCF3	1
GCK	1
ABTB2	1
NXPH3	1
NXPH2	1
KRTAP13-1	1
PRSS30P	1
AMPD2	1
OR2L13	1
RPS6KB1	1
SH3D21	1
RPS6KB2	1
ENKUR	1
CHPT1	1
PRELP	1
FUT8-AS1	1
GPCPD1	1
DPAGT1	1
TET1	1
SEPHS2	1
TET3	1
LOC440300	1
OR2F2	1
MIR1295A	1
ATXN2L	1
DLST	1
YOD1	1
F2RL1	1
XAB2	1
MRVI1-AS1	1
ST6GAL2	1
PRDX3	1
PRDX2	1
SNORA36A	1
LINC00642	1
LINC00641	1
LINC00640	1
OTUB1	1
OTUB2	1
AXIN1	1
ZNF252P	1
NRDE2	1
SULT2A1	1
PDIA3P	1
NDUFB2-AS1	1
NBPF14	1
NBPF11	1
NBPF10	1
RAD51L3-RFFL	1
DCAF7	1
ZSCAN32	1
ZSCAN31	1
ZFY	1
ZFX	1
C9orf37	1
GLUD1P3	1
ZFR	1
MIR4315-1	1
CD34	1
TXNDC9	1
CMC1	1
POLR3E	1
POLR3C	1
TOPORS	1
EP300	1
FAM46B	1
FAM46C	1
MED24	1
MIR4513	1
TUT1	1
CDNF	1
ASRGL1	1
WDR66	1
WDR65	1
PRMT2	1
PRMT3	1
SLC25A1	1
PRMT1	1
SLC25A6	1
SLC25A4	1
KIF5B	1
KIF5C	1
MASP1	1
NCMAP	1
PMS2CL	1
CCDC51	1
HSPG2	1
KAT2B	1
KAT2A	1
LARGE	1
CD209	1
HSPE1-MOB4	1
C6orf10	1
OR9K2	1
USP49	1
USP45	1
USP47	1
USP40	1
PPARGC1B	1
USP42	1
HCP5	1
CDK2AP2	1
MIR4766	1
CDK11A	1
CDK11B	1
SNAR-A12	1
FAM203A	1
SCRN3	1
SCRN2	1
MIR135A1	1
TNP2	1
ATOX1	1
NANOS3	1
NANOS2	1
UEVLD	1
CYP2E1	1
NEU2	1
LOC650226	1
RPS7	1
RPS6	1
ADAMTS13	1
RPS3	1
ADAMTS14	1
HCK	1
ZNF503-AS1	1
SLC52A1	1
DEF6	1
MIR4659A	1
MIR4659B	1
DEF8	1
NAPA-AS1	1
ARPP19	1
TMEM204	1
TMEM205	1
TMEM209	1
NUFIP1	1
LOC389458	1
GALT	1
USP5	1
C1orf56	1
IGSF23	1
CYP4F22	1
RPSA	1
TAPBP	1
SCARNA12	1
SCARNA10	1
SCARNA17	1
SCARNA16	1
SCARNA14	1
TMEM74B	1
FCGR3A	1
TCF23	1
FCGR3B	1
LOC100270746	1
ALDH1A3	1
PRICKLE3	1
RPL29	1
DEFB4B	1
RPL27	1
MKRN7P	1
SLC16A14	1
GLT25D1	1
SLC16A11	1
ATG7	1
ATG5	1
LOC100132247	1
EYA3	1
MPND	1
HPX	1
CALHM1	1
CALHM3	1
CALHM2	1
LOC649352	1
LOC642846	1
KRTAP13-4	1
HPN	1
KRTAP13-2	1
KRTAP13-3	1
CDCA8	1
WFDC11	1
ASAH2	1
ZNF358	1
SNORA11C	1
OAZ1	1
RAD54L	1
FAM26D	1
ZNF429	1
RSPH6A	1
VEZT	1
FXYD7	1
FXYD2	1
RBP7	1
FBP1	1
FBP2	1
MAFA	1
PLIN4	1
PLIN2	1
KDM4C	1
SMAP2	1
KDM4B	1
LINC00254	1
KDM4A	1
SNRNP35	1
URI1	1
CYP2A13	1
CCR10	1
CEBPZ	1
KRAS	1
ADAM6	1
ACYP1	1
ACYP2	1
MAF1	1
EEF1D	1
ACSL5	1
CHTF8	1
EIF4G2	1
C20orf166	1
ITGAD	1
CCR6	1
TRIM38	1
ANXA2R	1
TRIM31	1
TMEM120B	1
RPL3	1
TRIM35	1
TRIM34	1
LOC283693	1
CTIF	1
THAP10	1
LUC7L	1
KLRC4	1
SLC16A12	1
OR6Y1	1
WISP1	1
MNT	1
ZNF585A	1
ZNF585B	1
IL22RA2	1
FLYWCH2	1
FLYWCH1	1
RCN3	1
MICAL2	1
ANKRD26	1
ANKRD24	1
ANKRD23	1
ACO1	1
RHOB	1
RHOA	1
WFDC2	1
RHOG	1
RHOF	1
RHOD	1
INHA	1
TMEM66	1
TMEM61	1
TMEM68	1
ITM2C	1
KLHL42	1
ITM2A	1
KLHL40	1
CIR1	1
FLJ31813	1
PAXBP1	1
RPL8	1
OGFOD2	1
ZNF624	1
ZNF620	1
ZNF623	1
UGT2B15	1
NEURL4	1
TRIM36	1
MLXIP	1
ADC	1
G6PC2	1
ADK	1
PROX2	1
RASGRF1	1
CD151	1
ZNF484	1
IGFALS	1
PRM1	1
PRM3	1
BRE	1
CD200R1L	1
HCST	1
JUNB	1
JUND	1
HIST1H2AH	1
HIST1H2AC	1
OR8K5	1
PRPF18	1
HIGD1C	1
HIGD1B	1
SNORD7	1
TRAF3	1
KLB	1
TRAF7	1
HOOK2	1
HOOK3	1
TMPRSS6	1
TMPRSS7	1
ABCC12	1
ABCC10	1
LOC100507443	1
EMG1	1
DKC1	1
TBC1D10C	1
TBC1D10B	1
DNLZ	1
BPIFB4	1
PMAIP1	1
COMMD9	1
OARD1	1
COMMD2	1
COMMD7	1
COMMD5	1
MIR4294	1
MIR4295	1
METTL10	1
METTL16	1
LOC729852	1
ZMYM3	1
ZMYM6	1
ZMYM4	1
CAMK2G	1
CAMK2B	1
LOC100288778	1
RNASE11	1
TROAP	1
OR5A2	1
ZSCAN16	1
ANO8	1
ANO9	1
NUAK1	1
NRSN2	1
C9orf50	1
CELF3	1
CELF1	1
TANGO6	1
POLR1B	1
POLR1C	1
POLR1E	1
MAGOH2	1
MC4R	1
WDR43	1
WDR45	1
HCG22	1
WDR48	1
CTNS	1
JAK2	1
GRM4	1
GTF2I	1
DPY19L4	1
GRM2	1
NR1H3	1
NMRAL1	1
CHUK	1
CSGALNACT1	1
POLR2E	1
CSDA	1
C5orf15	1
SPDEF	1
CD14	1
POLR2F	1
C14orf37	1
EFCAB4A	1
CD19	1
ASH2L	1
PCDHGB8P	1
MKRN1	1
MKRN2	1
LHFPL4	1
SAMSN1-AS1	1
RGMA	1
NR2F6	1
NR2F1	1
GIMAP1-GIMAP5	1
DDB2	1
ELL2	1
ANKRD28	1
RIMS3	1
OR4F15	1
OR4F16	1
OR4F17	1
PAFAH2	1
CEP41	1
MCAT	1
ZYG11A	1
UPK3BL	1
APOBEC3F	1
APOBEC3A	1
APOBEC3B	1
LOC100130348	1
PRKD2	1
PRKD3	1
SLC7A7	1
FAM109B	1
BSND	1
CREG1	1
MIR499A	1
EIF2S3	1
LPIN2	1
LPIN1	1
PTPN20B	1
PTPN20A	1
KLF6	1
KLF3	1
KLF2	1
KLF1	1
MIR4802	1
TMEM222	1
TMEM223	1
TMEM220	1
TMEM221	1
N4BP1	1
N4BP3	1
N4BP2	1
MIR4800	1
HEATR3	1
TPH1	1
TPH2	1
MUSTN1	1
MAP3K10	1
MAP3K11	1
KRTAP5-3	1
MAP3K13	1
ZNF541	1
AGO3	1
SLC1A7	1
STXBP5L	1
FUCA2	1
RSPH4A	1
DHTKD1	1
OSBPL1A	1
DCTPP1	1
MICB	1
ENTHD1	1
RARA	1
RNF5P1	1
GNL1	1
DHRS9	1
DHRS4	1
DHRS1	1
RABIF	1
DYRK1A	1
NABP2	1
LOC100128682	1
MAS1L	1
JAKMIP3	1
CCNL2	1
DHRSX	1
GNLY	1
NOMO2	1
NOMO3	1
NOMO1	1
SMARCAL1	1
IMPA1	1
IMPA2	1
MTFP1	1
LEAP2	1
NMT1	1
HRG	1
PTTG1IP	1
OSBPL11	1
SLC2A8	1
SLC2A7	1
SLC2A5	1
SLC2A4	1
SLC2A3	1
SLC2A2	1
SLC2A1	1
PLAGL2	1
PLAGL1	1
FAM24B	1
OR6F1	1
TBC1D3F	1
MTDH	1
MADD	1
LINC00238	1
ZBTB8A	1
ZBTB8B	1
EXO5	1
CEACAM1	1
ATRIP	1
CEACAM4	1
CEACAM7	1
LRRTM2	1
CEACAM8	1
SLC46A2	1
SLC46A3	1
LOC100289341	1
GTF2IRD1	1
MYO5C	1
F12	1
LOC100506054	1
EXOG	1
EPAS1	1
UBE2Q2P3	1
FBRS	1
SEC24B-AS1	1
CREBBP	1
EFCAB6-AS1	1
TRNAU1AP	1
NODAL	1
GPR75	1
RCOR2	1
TIGD3	1
ADHFE1	1
TIGD7	1
TIGD6	1
INF2	1
PTPRCAP	1
SET	1
KIAA1958	1
OXSM	1
SUGP2	1
SUGP1	1
H1F0	1
RCL1	1
MRPS18A	1
MRPS18B	1
FIGNL1	1
PDF	1
PDC	1
CHAMP1	1
SKIV2L2	1
KNG1	1
NRARP	1
NR2C2	1
EXOC3L2	1
AMOTL1	1
LCN6	1
LCN2	1
PNPT1	1
SF3B1	1
SF3B3	1
AFG3L1P	1
PRKY	1
PRKX	1
SEMA6B	1
SEMA6C	1
CNIH3	1
AP4B1	1
NSMCE4A	1
PKI55	1
ADCK4	1
ADCK5	1
DNAJC16	1
RTBDN	1
ASF1A	1
ASF1B	1
ACBD6	1
MLN	1
MLL	1
NAT8B	1
MS4A6E	1
LMAN2	1
MLX	1
MIR1227	1
SCML4	1
NRM	1
PFKFB3	1
FAM195A	1
PFKFB4	1
ADD3	1
ADD1	1
PPP4R4	1
PPP4R1	1
PKD2L1	1
HIST1H1E	1
MIR1270-1	1
MAP3K3	1
MAP3K1	1
DEAF1	1
MAP3K7	1
MAP3K5	1
MARVELD1	1
NUP210	1
FMO2	1
ZNF207	1
LOC653653	1
FMO4	1
FMO5	1
IDH1	1
ZNF208	1
SETD9	1
SETD8	1
PRR14L	1
LOC100131234	1
SETD2	1
SETD5	1
SETD4	1
SETD7	1
SETD6	1
LOC146513	1
THADA	1
PRSS27	1
PRSS21	1
FLJ30403	1
EME2	1
AKNA	1
DUOX1	1
DUOX2	1
DUX2	1
GLYR1	1
SNORD117	1
ATP2B2	1
PCNXL3	1
PCNXL2	1
KRTAP4-1	1
KRTAP4-5	1
KRTAP4-6	1
ECH1	1
RRM2B	1
GBP5	1
SPRR2D	1
SPRR2G	1
SPRR2A	1
SPRR2C	1
SPRR2B	1
KRTAP12-1	1
KRTAP12-3	1
TP53	1
PGGT1B	1
MOGS	1
CDHR3	1
CDHR5	1
FARS2	1
STX1B	1
OR2A25	1
ALS2CR12	1
BTBD18	1
SRGN	1
GNG13	1
HARS	1
CTDNEP1	1
MIR497HG	1
KRT80	1
KRT81	1
KRT82	1
MASTL	1
KRT86	1
SNAR-A9	1
C19orf80	1
TSEN2	1
SNAR-A1	1
MAST1	1
MAST2	1
MAST3	1
QARS	1
WAS	1
CYP1A1	1
CYP1A2	1
C5orf34	1
LINC00578	1
FARSA	1
STX12	1
C9orf72	1
STX18	1
LINC00575	1
C9orf78	1
LIPA	1
CUTC	1
MOSPD3	1
IL23R	1
SHANK2-AS1	1
LIPG	1
RAB5B	1
TLN2	1
PCDHGA11	1
PCDHGA12	1
TLN1	1
DPP9	1
RSBN1L-AS1	1
GAGE2E	1
DPP3	1
SUOX	1
DPP7	1
SLCO2B1	1
GLTSCR1	1
COQ10A	1
NXNL1	1
IK	1
CYP2A7	1
CYP2A6	1
STK39	1
NTMT1	1
NOC3L	1
PCP2	1
GGNBP1	1
HIAT1	1
LOC728739	1
TMEM167B	1
LOC728730	1
OR10R2	1
FLJ45079	1
TRMT61A	1
DGCR8	1
RXFP1	1
CCDC88C	1
H2AFB1	1
ZNF782	1
ZNF785	1
PITRM1	1
RNASEK	1
ZNF788	1
MPEG1	1
OR2T8	1
QTRT1	1
OR2T6	1
OR2T4	1
OR2T3	1
PMEL	1
OR2T1	1
LOC339535	1
SCAND2P	1
C22orf43	1
CCDC80	1
CCDC87	1
FBXL6	1
ZNF569	1
ZNF567	1
ZNF564	1
ZNF563	1
ZNF560	1
STMN4	1
STMN1	1
RHOT2	1
ACRBP	1
RNH1	1
PGS1	1
MRPL43	1
FAM161B	1
TRAF6	1
UBE3C	1
IPP	1
TOP2B	1
GTF2H1	1
TRH	1
MRPL45	1
SDAD1	1
SNORD32A	1
TRAPPC4	1
SLC26A1	1
SLC26A6	1
FGF6	1
MTFR2	1
GET4	1
OLFML2B	1
OLFML2A	1
BCAM	1
SDC2	1
CYP4F30P	1
HTT	1
AMY1A	1
AMY1C	1
AMY1B	1
DIABLO	1
CWF19L1	1
NAA20	1
NAA25	1
RPL13A	1
KIAA1586	1
LOC284688	1
DUSP5	1
SNRNP70	1
LRRC8D	1
LRRC8A	1
RBL1	1
ELL	1
XRCC6BP1	1
STX4	1
MTF1	1
LEP	1
MSTO2P	1
TBC1D12	1
TOR4A	1
TBC1D14	1
TBC1D15	1
NUMA1	1
C21orf67	1
C21orf62	1
HSPA1B	1
FAM83H	1
GPR56	1
FAM83C	1
FAM83G	1
FAM83F	1
MIR101-1	1
C12orf71	1
IDH3G	1
DGKQ	1
DGKH	1
MIR200C	1
DGKA	1
NEK6	1
TMEM106C	1
TMEM106A	1
ATF4	1
ANKRD63	1
CLTCL1	1
ANKRD61	1
ANKRD65	1
NPM2	1
HSPA14	1
TXNDC15	1
ATF1	1
RHCE	1
TMEM25	1
TXNDC12	1
ZNF160	1
SCG5	1
SEMA4A	1
SEMA4F	1
SEMA4G	1
C10orf113	1
BYSL	1
C10orf111	1
C10orf114	1
C10orf118	1
CTAGE4	1
SCN4A	1
TMCO3	1
CDC42BPB	1
GIP	1
SCCPDH	1
GIF	1
NPL	1
GALNT10	1
TTI1	1
LRP5	1
AHR	1
GADD45GIP1	1
LOC652276	1
NPW	1
ZNF197	1
PDS5A	1
TSTD2	1
BNIPL	1
NR2C2AP	1
UBXN2A	1
VTA1	1
ZNF221	1
ZNF222	1
ZNF224	1
ZNF227	1
KCNQ2	1
LHX2	1
KCNQ1	1
ALDH8A1	1
HOXC12	1
VEGFB	1
BNIP1	1
LHX5	1
PDE4C	1
PSMB2	1
MFSD4	1
SNORD71	1
EMC3	1
EMC1	1
EMC6	1
OTUD5	1
OTUD3	1
AP3M1	1
AP3M2	1
SERHL2	1
AKAP12	1
MIB2	1
AKAP10	1
AKAP11	1
COL2A1	1
HTRA3	1
BSDC1	1
SKIDA1	1
S100Z	1
SNX12	1
EGLN2	1
MTOR-AS1	1
NASP	1
SPIB	1
GUCY2EP	1
MIR4787	1
MAP2K2	1
LOC100129726	1
LOC100129722	1
LOC641367	1
AKR7L	1
LOC285740	1
LOC100302640	1
LAPTM4A	1
CRIPAK	1
SPCS2	1
ANKH	1
WDR85	1
WDR86	1
WDR81	1
WDR82	1
SCAP	1
LOC100507537	1
ASB9P1	1
ACER3	1
HLA-DRA	1
SNAR-C3	1
SNAR-C2	1
IMPDH2	1
CXCR3	1
CXCR6	1
CXCR5	1
ATP6V0CP3	1
CLRN1	1
APPBP2	1
PTPN23	1
QRICH1	1
E4F1	1
GMCL1P1	1
EXOC6	1
EXOC4	1
ANK2	1
MGAT4A	1
CHRNG	1
MGAT4B	1
FRMD4B	1
FAM99A	1
CRAMP1L	1
EVA1B	1
C17orf76-AS1	1
OR9A2	1
C5AR1	1
TNRC6C	1
TNRC6B	1
OR9A4	1
USP20	1
ADAMTS7	1
LOC648987	1
ARHGEF9	1
CCSER2	1
ARHGEF2	1
ARHGEF3	1
RPL23AP53	1
CDH1	1
CDH3	1
CENPO	1
CENPM	1
CENPK	1
CENPH	1
SENP3-EIF4A1	1
CCDC43	1
ZG16	1
HYMAI	1
CLCF1	1
LDB1	1
CCDC41	1
SSH1	1
CCDC40	1
PDXDC1	1
MIF4GD	1
TSPY26P	1
PLEKHA4	1
PLEKHA7	1
PLEKHA1	1
PLEKHA2	1
HCN2	1
SEC63	1
TRIB3	1
DHX30	1
DHX32	1
DHX33	1
DHX34	1
DHX35	1
LCE1F	1
LCE1D	1
LCE1E	1
LCE1B	1
LCE1C	1
HRNR	1
LCE1A	1
MGAM	1
AS3MT	1
VN1R2	1
ZNF765	1
ZNF767	1
ZNF761	1
ZNF763	1
VNN2	1
VNN3	1
VNN1	1
RPP25	1
DSCR10	1
ECSIT	1
FAM185A	1
KLRG2	1
RNF144A-AS1	1
CILP2	1
DOPEY1	1
BDNF-AS	1
ZNF500	1
WDYHV1	1
MIR520G	1
ZNF507	1
ZNF506	1
NAA10	1
LOC100129917	1
TREM2	1
CD1B	1
RPL41	1
MYH6	1
MYH7	1
PION	1
FAM167B	1
ZNF847P	1
CELF6	1
ZNF347	1
VGLL4	1
KRTAP5-4	1
KRTAP5-5	1
CELF4	1
FGD3	1
PUS7	1
LOC644656	1
RLN1	1
UHRF1	1
UHRF2	1
CNNM2	1
PIP5K1C	1
HHLA3	1
KEAP1	1
LOC100288122	1
MYCBP2-AS1	1
ZBTB8OS	1
TANGO2	1
PHF14	1
POLA2	1
PHF17	1
PHF11	1
PHF13	1
PRSS1	1
MEGF8	1
SLC5A5	1
SLC5A6	1
TSLP	1
PRSS8	1
MEGF6	1
UBN1	1
RAVER1	1
PITHD1	1
NAA40	1
PPT2-EGFL8	1
ZBTB3	1
ZBTB2	1
ZBTB1	1
MAT2A	1
ATAD3B	1
ZBTB5	1
ZBTB4	1
CYP21A2	1
CARD11	1
NBR1	1
MIR3646	1
ABCC6	1
LOC284379	1
ABCC1	1
CUL4B	1
IMMT	1
GLCCI1	1
SLC6A3	1
NDUFB9	1
NDUFB8	1
NDUFB6	1
NDUFB5	1
SLC6A8	1
NDUFB2	1
NDUFB1	1
FAM213B	1
POM121L1P	1
KIAA1919	1
GPR32	1
NAALADL1	1
C12orf56	1
C12orf57	1
SUGT1	1
C12orf52	1
FAM50A	1
FMNL1	1
ANKS3	1
NEXN	1
TNFRSF8	1
AQP5	1
AQP2	1
ANKRD40	1
STX8	1
ZIC1	1
AQP8	1
UTS2D	1
MIR125B1	1
SCARNA8	1
PATZ1	1
SCARNA2	1
TAGAP	1
MRRF	1
EIF1B-AS1	1
SNHG4	1
SNHG7	1
PGM5-AS1	1
SNHG1	1
GUCY1B2	1
RNF215	1
RNF216	1
RNF213	1
RNF212	1
MED29	1
ACTL9	1
ENAH	1
MED22	1
ATRAID	1
MED26	1
CC2D1A	1
SEPT5	1
C10orf131	1
SEPT7	1
SEPT1	1
SEPT3	1
SEPT2	1
NKAPP1	1
KANSL1	1
LOC100128554	1
GK5	1
RBM34	1
CDK5R1	1
UBE2D4	1
CDK5R2	1
LOC100129148	1
RBM39	1
CCER1	1
PARP8	1
PARP4	1
PARP6	1
DNAJC5G	1
EPN3	1
EPN2	1
BTNL8	1
BCCIP	1
BTNL2	1
FGF21	1
NADK	1
LAGE3	1
ACTC1	1
DSN1	1
ZNF34	1
ZNF35	1
SPACA5B	1
SLC10A6	1
FHL1	1
UGGT1	1
BSPRY	1
RFPL3S	1
RAD51D	1
RAD51B	1
CTDSPL2	1
GAREML	1
GATAD2A	1
VTRNA1-3	1
VTRNA1-2	1
VTRNA1-1	1
HMGXB3	1
DIP2B	1
MYLPF	1
DCLRE1B	1
DCLRE1C	1
YES1	1
DCLRE1A	1
STAM2	1
FAM134B	1
ZCCHC7	1
ZCCHC6	1
RENBP	1
SPOP	1
OR2M4	1
OR2M7	1
OR2M3	1
OR2M2	1
SLC7A5P1	1
P2RX5-TAX1BP3	1
SLC7A5P2	1
C6orf132	1
ARID3C	1
CYP21A1P	1
ADPRHL2	1
LOC93432	1
DARS	1
TPI1P2	1
ATP2B1	1
PIH1D1	1
S100A10	1
S100A13	1
S100A14	1
S100A16	1
C19orf40	1
C19orf43	1
C19orf44	1
C19orf45	1
C19orf47	1
STUB1	1
GRK4	1
GRK5	1
GRK1	1
CAPN7	1
DLEU1	1
DLEU7	1
SEPT12	1
SPAG9	1
SPAG7	1
PRRC2A	1
KLHL7	1
KLHL5	1
KLHL8	1
KLHL9	1
FUT11	1
FUT10	1
PNLDC1	1
CIRH1A	1
KDELR2	1
KDELR1	1
LRRD1	1
ANKRD33	1
ST13	1
LOC730102	1
LYG1	1
LYG2	1
TCTN2	1
TCTN3	1
NKAPL	1
TNXB	1
TNXA	1
GRAMD3	1
PCTP	1
LOC728554	1
DCHS1	1
DCHS2	1
XRN2	1
PVT1	1
CMA1	1
NCOA1	1
PLEC	1
BSCL2	1
FGD5P1	1
GSTT2B	1
TMEM9B-AS1	1
SF3B14	1
RASA4CP	1
LOC100130894	1
SPOCK2	1
BTN3A1	1
PTX4	1
TENM1	1
TENM4	1
MIR512-2	1
MIR512-1	1
ZNF746	1
ZNF740	1
LCE3D	1
LCE3E	1
PHIP	1
AGTRAP	1
DNHD1	1
PABPC4	1
MPV17L2	1
SYNE1	1
SYNE2	1
SYNE4	1
TNFRSF13C	1
CAMKMT	1
ZNF521	1
JAZF1-AS1	1
ZNF526	1
ZNF525	1
JRK	1
RGL2	1
STEAP3	1
ARHGEF25	1
VPS11	1
GCLM	1
AVL9	1
GRHL1	1
C1GALT1	1
OSMR	1
WHAMM	1
MIR5088	1
NR3C2	1
NR3C1	1
IGFLR1	1
LOC729911	1
MIR4688	1
ULK4	1
PIM1	1
ZFPL1	1
IL18R1	1
MAN1C1	1
FAM138C	1
FAM138A	1
NOTO	1
RNLS	1
OR6C75	1
UBL7	1
STK19	1
UBL3	1
OR6C74	1
STK10	1
FKBP4	1
FKBP5	1
FKBP6	1
OR6C76	1
LOC100506190	1
FKBP2	1
FKBP8	1
NAPSA	1
TYROBP	1
PIK3R5	1
GABARAP	1
C14orf159	1
SV2C	1
SV2B	1
WIPI2	1
FDXACB1	1
AK2	1
NYAP1	1
GPR17	1
ATP6V1D	1
GPR15	1
ATP6V1F	1
CYP3A7-CYP3AP1	1
AK7	1
GPR19	1
ZG16B	1
PANK1	1
NPIP	1
PANK2	1
PANK4	1
KCNMA1	1
MIR654	1
PCYOX1L	1
HEATR5B	1
NFASC	1
ARNT2	1
MGC39372	1
ZNRF2	1
MLANA	1
GPX1	1
CBS	1
SLC22A6	1
GPX2	1
SLC22A1	1
PRDM2	1
MYBBP1A	1
IL11RA	1
FLNA	1
FLNB	1
FLNC	1
SLC22A8	1
EFCAB3	1
DENND5B	1
TNFRSF14	1
RCAN1	1
LETM1	1
WASH7P	1
LOC100128573	1
BRIX1	1
HIC2	1
RBM12	1
SAP30BP	1
ICA1L	1
SIT1	1
RBM19	1
PARVG	1
MIR122	1
MVP	1
BEND3	1
RXRB	1
LUST	1
OPRM1	1
CXorf23	1
RELL2	1
ABCA7	1
ABCA4	1
ABCA5	1
ABCA3	1
RFT1	1
NBEAL2	1
HARBI1	1
LOC100505619	1
MGC16142	1
PSMD6	1
PSMD1	1
PSMD3	1
RTP4	1
ZNF19	1
RTP1	1
ZNF14	1
ZNF16	1
ZNF10	1
ZNF12	1
PLEKHG4B	1
MYBPHL	1
PPP5D1	1
SPON2	1
KIAA1737	1
SCN8A	1
SAA3P	1
C10orf2	1
ST6GALNAC6	1
COPS7B	1
LOC642361	1
OR5E1P	1
DKK4	1
DKK3	1
KIF13A	1
KIF13B	1
AVPR1B	1
HPS6	1
HPS1	1
HPS3	1
EBLN1	1
TMEM55A	1
NFE2L3	1
NFE2L1	1
ZNF266	1
ZNF263	1
CLSPN	1
NCKIPSD	1
KIAA0226L	1
C17orf49	1
RPH3A	1
STK17A	1
AKD1	1
FCGRT	1
IAH1	1
ARID1A	1
DHRS4L2	1
YIPF3	1
EFR3B	1
YIPF4	1
YIPF7	1
CYB5R3	1
MIR4473	1
MIR4478	1
MIR4479	1
BTF3L4	1
YPEL1	1
C19orf60	1
MIR4490	1
MKL1	1
MKL2	1
DERL2	1
PRR24	1
CNPPD1	1
UNC93A	1
NLGN4X	1
MMS22L	1
MLLT10	1
EMR4P	1
DAP3	1
EIF4H	1
BCAR4	1
BCAR3	1
HOTTIP	1
LINC00518	1
CD99	1
HAT1	1
GBF1	1
LINC00514	1
S100A7A	1
CYB5RL	1
CLEC10A	1
EFNB3	1
HDAC3	1
THEMIS	1
PI4KA	1
HDAC6	1
HDAC9	1
HDAC8	1
TMEM161A	1
OXSR1	1
MIR597	1
NDC80	1
MEX3D	1
MIR593	1
CDT1	1
UCMA	1
LOC645212	1
TRAPPC10	1
TRAPPC13	1
TRAPPC12	1
CST6	1
CST4	1
AURKAPS1	1
PLA2R1	1
GMPPA	1
GMPPB	1
SNRPD2P2	1
SUMO1P1	1
MAS1	1
JOSD1	1
OXGR1	1
MIR210HG	1
UQCRBP1	1
CEP85L	1
KL	1
RAD52	1
RAD51	1
RAD50	1
AMIGO1	1
AMIGO2	1
USP1	1
USP2	1
USP4	1
LOC441081	1
USP6	1
FAM86C1	1
SOX9	1
RNF38	1
SOX7	1
ZNF721	1
CEBPB	1
CEBPA	1
CEBPG	1
CEBPE	1
CEBPD	1
RALGAPB	1
PPIEL	1
MAP3K14	1
HOXB-AS5	1
ZNF540	1
INTS3	1
KLRC3	1
KLRC2	1
ZC3H7B	1
ZC3H7A	1
C16orf88	1
LOC100507373	1
TPP1	1
CRNN	1
CTNNA1	1
SELRC1	1
JPX	1
SLC1A2	1
TGIF2	1
TGIF1	1
LOC388906	1
TOMM40	1
TM7SF3	1
MYL6	1
MYL5	1
BLCAP	1
ATP2C1	1
HELB	1
LINGO4	1
LINGO3	1
LINGO1	1
CERS1	1
MPP1	1
MPP7	1
MPP4	1
INHBC	1
INHBE	1
GP5	1
FAM210A	1
PRPSAP2	1
EXTL1	1
EXTL3	1
RGSL1	1
SNORD83A	1
MAN1A1	1
NIN	1
PSPH	1
DONSON	1
HDAC11	1
MYO5A	1
SNORA71B	1
SNORA71A	1
SNORA71D	1
PPRC1	1
GSPT1	1
CRTC1	1
FAM13B	1
OR13J1	1
FAM13A	1
LY86	1
SUMF1	1
TWSG1	1
ENTHD2	1
LOC400084	1
MICA	1
C14orf177	1
SURF1	1
HECA	1
SURF2	1
ZFAND2B	1
SURF4	1
SURF6	1
GBP2	1
GBP1	1
ACSF3	1
MAN2A1	1
GBP4	1
MB21D1	1
MB21D2	1
CORO2B	1
CORO2A	1
CCDC134	1
CCDC136	1
SPACA3	1
OTOA	1
SLURP1	1
APOPT1	1
USP17L15	1
ESPNP	1
STK36	1
STK38	1
OR6N1	1
OR6N2	1
LCK	1
SYN1	1
THEG	1
CD4	1
CD7	1
CD2	1
LOC727896	1
CEP164	1
CHRNB1	1
CHRNB3	1
CHRNB4	1
CYP7A1	1
CACUL1	1
AKR1B1	1
BTAF1	1
PLXNA3	1
PLXNA2	1
PDE4A	1
RHEB	1
PDE4D	1
LOC728323	1
BMPR1A	1
MAP2K4	1
AACS	1
NLRC5	1
NLRC3	1
MINK1	1
EFCAB14-AS1	1
ACY3	1
TSC22D3	1
MALT1	1
ATP5G2	1
COL18A1	1
SUCLG2	1
LAMTOR5	1
ALDOA	1
MIR369	1
TIA1	1
CYP2G1P	1
ARC	1
ABCC5	1
HAO2	1
ZNF625-ZNF20	1
COL20A1	1
NMT2	1
DNAH17	1
TMOD1	1
LOC100505676	1
MEIOB	1
ZNF79	1
BDNF	1
ZNF76	1
ZNF74	1
OCIAD2	1
RYR3	1
SNORD116-3	1
GOLGA1	1
GOLGA4	1
GOLGA5	1
GOLGA7	1
OSBPL10	1
ENPP6	1
CCDC62	1
DFFB	1
GIPC2	1
GIPC3	1
CSNK2A1	1
FLJ37453	1
MEGF11	1
CD2AP	1
PTGES3	1
ZZEF1	1
KDM5B	1
KDM5C	1
LOC100288069	1
UBE2L6	1
UBE2L3	1
DNM2	1
TGFA	1
CNFN	1
ZNF287	1
IFT122	1
BET1L	1
C9orf106	1
KIAA0040	1
ETV3	1
ETV2	1
ETV7	1
ETV6	1
BTBD9	1
RNF216-IT1	1
BTBD7	1
LOC144486	1
BTBD2	1
RAD23A	1
ZNF205-AS1	1
IKZF5	1
RFPL1-AS1	1
IKZF1	1
ADAMTS10	1
C11orf73	1
SACM1L	1
IL4I1	1
PLEKHG2	1
SPATS2	1
CST11	1
SLC13A4	1
SLC13A5	1
STON1	1
TCEAL7	1
PSPN	1
RGS14	1
RGS10	1
RGS11	1
PLEKHG5	1
IFNA5	1
AP1B1P1	1
PHF20L1	1
TIMM23	1
WIZ	1
UTP6	1
UTP3	1
VCAN	1
LOC100506241	1
BTN2A1	1
ELF5	1
ELF4	1
ZRSR2	1
MIR3148	1
UPK3B	1
KIAA1875	1
PRPS1	1
KRBOX1	1
BRPF1	1
TTLL11	1
GMPR2	1
LDHA	1
LDHC	1
ACAP3	1
OR10J5	1
SNF8	1
CFL1	1
DNM1L	1
C8orf82	1
PLAA	1
LINC00313	1
FP588	1
C1orf194	1
NFIC	1
H1FOO	1
SELK	1
GNGT2	1
PTRF	1
NFIX	1
