UBE2Q1	1	0
RNF14	1	0
UBE2Q2	1	0
RNF11	1	0
GTF2IP1	0	1
C16orf13	1	0
UCHL5	1	0
MZT2B	1	0
PMM2	1	0
FHIT	0	1
ZNF708	1	0
ZNF878	1	0
ZNF703	1	0
ZNF701	1	0
ZNF707	1	0
ZNF704	1	0
ZC3H13	1	0
ZC3H15	1	0
SPN	1	0
ZC3H18	1	0
LOC100507351	1	0
DHX9	1	0
TCOF1	1	0
XPC	1	0
GRINA	1	0
CEACAM6	1	0
SP4	1	0
SP6	1	0
GOLIM4	1	0
OPA1	1	0
RAB40B	1	0
COL7A1	1	0
OVCH2	1	0
OVCH1	1	0
SPPL2B	1	0
MYO3A	1	0
ITGA9	1	0
MYO3B	1	0
ATP2A2	1	0
ITGA1	1	0
ITGA3	1	0
ITGA5	1	0
ITGA7	1	0
DENND4A	1	0
DENND4C	1	0
SWAP70	1	0
PHLDA1	1	0
ZNF664-FAM101A	1	0
UFSP2	1	0
PAMR1	1	0
NWD1	1	0
FBXL13	1	0
FBXL15	1	0
HRH3	1	0
FBXL17	1	0
FAM169A	1	0
FAM169B	1	0
GHDC	1	0
SDK1	1	0
KIRREL3-AS2	1	0
THSD4	1	0
FAM212B	1	0
THSD1	1	0
CHST9	1	0
COL4A5	1	0
COL4A4	1	0
COL4A3	1	0
COL4A1	1	0
CHST3	1	0
CHST5	1	0
CHST7	1	0
ITGAX	1	0
NOG	1	0
PREP	1	0
CAMK1	1	0
ITGAM	1	0
HLF	1	0
FAM134C	1	0
ITGAE	1	0
SMAD9	1	0
LRPAP1	1	0
SMAD6	1	0
GOLPH3L	1	0
SMAD2	1	0
MUS81	1	0
AMMECR1L	1	0
TMPRSS11A	1	0
IGF2R	1	0
TMPRSS11F	1	0
FLJ16341	1	0
HAUS6	1	0
SLC36A3	1	0
SLC36A1	1	0
RNF112	1	0
C14orf119	1	0
ART5	1	0
HERC2P4	1	0
HERC2P7	1	0
TCEA2	1	0
ABCD1	1	0
TMLHE-AS1	0	1
OR6P1	1	0
CCDC117	1	0
RLF	1	0
CCDC113	1	0
ATP1A3	1	0
ATP1A1	1	0
MGRN1	1	0
CRTAP	1	0
SPHK1	1	0
CUEDC1	1	0
IPO13	1	0
CPEB4	1	0
CPEB3	1	0
SBSPON	1	0
RBMXL1	1	0
SIRPD	1	0
ZNF780A	1	0
ZNF41	1	0
IFT81	1	0
LOC100289495	1	0
IL10RA	0	1
SARDH	0	1
MCM10	1	0
IGFBPL1	1	0
ATG4B	0	1
PHOX2A	1	0
LRGUK	1	0
CFI	1	0
CFB	1	0
SMKR1	1	0
ATP6V0E2	1	0
SIX4	1	0
SIX6	1	0
MR1	1	0
LOC100506385	1	0
CNPY2	1	0
LINC00303	1	0
LINC00301	1	0
HMG20A	1	0
PHOSPHO2	1	0
LOC286177	1	0
C4orf19	1	0
C3orf70	1	0
ECEL1	1	0
CHFR	1	0
EFHA2	1	0
RFPL1	1	0
SYPL2	1	0
RFX5	1	0
RFX7	1	0
RFX1	1	0
RFX3	1	0
IBA57	1	0
TMEM179B	1	0
PDZK1	1	0
UQCRC2	1	0
XPNPEP2	0	1
TEN1-CDK3	1	0
TRAPPC2	0	1
PAPLN	1	0
PM20D2	1	0
KHDRBS3	1	0
ARPP21	1	0
GPR78	1	0
MSL3P1	1	0
TARS2	1	0
DPYSL3	1	0
OSTM1	1	0
KRTAP10-12	1	0
HBE1	1	0
IGFBP4	1	0
LOC286297	1	0
LOC729013	1	0
C15orf27	1	0
GJA4	1	0
CYP8B1	1	0
PMS2P4	1	0
PRR7-AS1	1	0
LOC100505658	1	0
KDM3A	1	0
PPP6R3	1	0
TMC6	1	0
TMC1	1	0
GPR15	1	0
EIF2B5	1	0
EIF2B2	1	0
EIF2B3	1	0
PRKAR2A	1	0
XRRA1	1	0
OR4D6	1	0
IFT140	1	0
TMEM14C	1	0
TMEM14A	1	0
MECOM	1	0
RSPH3	1	0
RSPH1	1	0
TPBGL	1	0
MYT1L	1	0
C9orf123	1	0
LOC646719	1	0
PHACTR4	1	0
CLIC5	1	0
OR2K2	1	0
CFHR4	1	0
NUP107	1	0
KRTAP2-1	1	0
KRTAP2-4	1	0
ASGR1	1	0
TMEM143	1	0
TMEM141	1	0
MIR4703	1	0
RTKN2	1	0
SOWAHA	1	0
SOWAHC	1	0
KIAA1199	1	0
PKD1P1	1	0
FER1L6	1	0
FER1L5	1	0
EPN2-AS1	1	0
ZCCHC18	1	0
C19orf21	1	0
ZMAT4	1	0
C19orf25	1	0
SMOC2	1	0
MYBL2	1	0
ITGB1BP2	1	0
VN1R10P	1	0
ZNF3	1	0
CTCFL	1	0
ZAP70	1	0
LOC284294	1	0
RAC1	1	0
FIGNL2	1	0
VCP	1	0
CPLX1	1	0
CPLX4	1	0
LOC389332	1	0
CADPS	1	0
PBX3	0	1
AIRE	1	0
NSUN2	1	0
NSUN4	1	0
NSUN6	1	0
WWC2-AS2	1	0
PRAMEF5	1	0
TUBG2	1	0
PRAMEF1	1	0
PTCH2	0	1
AOAH-IT1	1	0
PAGR1	1	0
ERGIC2	1	0
RRP7A	1	0
CDR2L	1	0
PDF	1	0
B3GAT1	1	0
FAM66B	1	0
FAM66A	1	0
CXCR5	1	0
LOC728537	1	0
CALM3	1	0
CALM1	1	0
GSDMB	1	0
GSDMD	1	0
UPK1B	1	0
DLGAP3	1	0
DLGAP4	1	0
MBNL3	1	0
SRSF10	0	1
CDX2	1	0
CLCN2	1	0
CLCN7	1	0
CLCN5	1	0
FBXL19	1	0
BRD8	1	0
BRD4	1	0
BRD1	1	0
BRD3	1	0
DNAJA1	1	0
PTPN12	1	0
PTPN14	1	0
GALR2	1	0
LYAR	1	0
CH25H	1	0
MRPL24	1	0
CSF2RA	1	0
MRPL20	1	0
MRPL23	1	0
USP17L3	1	0
FAAH2	1	0
GAB2	1	0
LOC100506844	1	0
IRS1	1	0
HABP4	1	0
C2orf83	1	0
SNORA81	1	0
ZSCAN9	1	0
NPTX1	1	0
C2orf88	1	0
FLJ46361	1	0
NDRG3	1	0
ZSCAN2	1	0
SRSF4	1	0
SRSF1	1	0
SRSF3	0	1
MZB1	1	0
HOXA5	1	0
DNAJB13	1	0
RAPH1	1	0
VIL1	1	0
MSMB	1	0
HLA-DQB2	1	0
RNF139	1	0
CISD3	1	0
SUPT20H	1	0
TSHZ2	1	0
TSHZ1	1	0
CHML	1	0
VILL	1	0
TRMT13	1	0
TIPARP	1	0
ASUN	1	0
KRTAP24-1	1	0
CAMKK2	1	0
NPTXR	1	0
ARHGAP5-AS1	1	0
MYO1F	1	0
MYO1D	1	0
SAP25	1	0
CHMP3	1	0
CHMP7	1	0
CHMP6	1	0
DENND6A	1	0
PGBD5	1	0
CTPS2	1	0
PGBD1	1	0
LY6G6C	1	0
PPAPDC1B	1	0
HOXA10	1	0
KRTAP19-2	1	0
KRTAP19-3	0	1
ATAT1	1	0
TSSK6	1	0
TSSK4	1	0
SRF	1	0
TSSK3	1	0
ZNF322	1	0
FAM214B	1	0
SRM	1	0
LGALS8	1	0
LGALS2	1	0
SRY	1	0
LGALS4	1	0
LOC399715	1	0
EIF2AK1	1	0
EIF2AK2	1	0
HN1	1	0
HP07349	1	0
FAM136A	1	0
LOC388948	1	0
ASAP1	1	0
ASAP3	1	0
PLAUR	1	0
TBC1D1	1	0
SLCO1B1	1	0
LRRC25	1	0
TPPP	1	0
LRRC23	1	0
KIAA1033	1	0
LPGAT1	1	0
PRKY	1	0
TIMM17B	1	0
TIMM17A	1	0
GCNT3	1	0
C14orf132	1	0
LPCAT2	1	0
LPCAT1	1	0
PIGA	1	0
PIGC	1	0
PIGM	1	0
PIGQ	1	0
TMEM194B	1	0
PIGU	1	0
PIGV	1	0
PIGW	1	0
PIGY	1	0
RMND1	1	0
ANKLE1	1	0
SERPINB9	1	0
ANKLE2	1	0
RHPN2	1	0
CCDC171	1	0
SRRM2	1	0
RAET1L	1	0
CCDC175	0	1
CCDC177	1	0
RGL1	1	0
PDK2	1	0
PDK4	1	0
LNPEP	1	0
ALPI	1	0
SEC61A1	1	0
ALPL	1	0
PTGS1	1	0
NAPRT1	1	0
ZFAND6	1	0
PUF60	1	0
ZFAND4	1	0
ZFAND1	1	0
SUPT3H	1	0
SLC39A13	1	0
MIR4513	1	0
SLC39A11	1	0
SLC39A14	1	0
INMT-FAM188B	1	0
CTAGE11P	1	0
NTRK1	1	0
NTRK2	1	0
NTRK3	1	0
ARHGAP23	1	0
SMAD4	1	0
ARHGAP21	1	0
ARHGAP27	1	0
ARHGAP25	1	0
D21S2088E	1	0
ARHGAP29	1	0
FLJ39739	0	1
DDIT4	1	0
RBFA	1	0
COL19A1	1	0
NKRF	1	0
AFTPH	1	0
ATG2A	1	0
MLYCD	1	0
BMP5	1	0
BMP3	1	0
BMP1	1	0
KIAA0586	1	0
DR1	1	0
LOC613037	1	0
GOLGA8S	1	0
TERF2	1	0
GOLGA8G	1	0
FEM1A	1	0
GOLGA8A	1	0
ROCK1P1	0	1
RASSF1	1	0
PTOV1	1	0
RASSF3	1	0
CT45A2	1	0
CT45A4	1	0
RASSF6	1	0
VMO1	1	0
LPPR2	1	0
ATP5C1	1	0
CHD3	1	0
CHD5	1	0
CHD4	1	0
CHD7	1	0
CHD9	1	0
MIR636	1	0
CAP2	1	0
NPC2	1	0
GATA3-AS1	1	0
LINC00327	1	0
C3orf58	1	0
RAB3GAP2	1	0
BHLHA15	1	0
C3orf52	1	0
TTC9	1	0
TTC8	1	0
DAG1	1	0
CHDH	1	0
TPRKB	1	0
PRDM16	1	0
LOC389043	1	0
PLSCR3	1	0
PRDM11	1	0
SLC22A31	1	0
HIST1H3A	1	0
SPC25	1	0
LMAN1	1	0
MPZ	1	0
GRPEL1	1	0
GRPEL2	1	0
FLJ42102	1	0
OR1S2	1	0
SRGAP2D	1	0
KRTAP5-10	1	0
SRGAP2C	1	0
QRSL1	1	0
MIR1227	1	0
BTG2	0	1
SLA2	1	0
SRD5A1	1	0
AKAP17A	1	0
ZFP36L1	1	0
GGA1	1	0
GGA2	1	0
TSNAXIP1	1	0
C15orf41	1	0
C4orf6	1	0
PKD1	1	0
LOC100287225	1	0
GJC1	0	1
PSMB9	1	0
PRKACB	1	0
STAMBPL1	1	0
PSMB5	1	0
PSMB3	1	0
ZNF136	1	0
HDHD1	1	0
FAM127A	1	0
SPG7	1	0
TDGF1	1	0
LOC339788	1	0
KCNK9	1	0
KCNK5	1	0
KCNK7	1	0
KCNK1	1	0
KCNK3	1	0
LOC100128787	1	0
C9orf142	1	0
NACC2	1	0
ACOT11	1	0
ACOT12	1	0
VPS13A	1	0
VPS13C	1	0
BEX5	1	0
BCORP1	1	0
SCAF11	1	0
NUP160	1	0
TMEM163	1	0
TMEM164	1	0
EVI2A	1	0
EVI2B	1	0
FOXN2	1	0
COL14A1	1	0
VWDE	1	0
GNA14	1	0
GRIN2A	1	0
GNA12	1	0
KLHDC8B	1	0
GRIN2D	1	0
MYO10	1	0
SH2B3	1	0
TAP1	1	0
SMIM10	1	0
SBF2	1	0
ADD2	1	0
TGIF2-C20orf24	1	0
PILRA	1	0
C11orf35	1	0
BRWD1-IT2	1	0
C11orf30	1	0
R3HDM1	1	0
LOC284276	1	0
LMBRD1	1	0
RPL13AP20	1	0
DAZ3	1	0
DAZ2	1	0
TAS2R19	1	0
SRFBP1	1	0
TAS2R10	1	0
BCAT1	1	0
MACROD2	1	0
FSD2	1	0
AKAP4	1	0
AKAP6	1	0
GTF2F1	1	0
ZNF833P	1	0
AKAP9	1	0
LOC284412	1	0
NFU1	0	1
RRP1B	1	0
LOC283194	1	0
TMEM98	1	0
TMEM132E	1	0
TMEM132D	1	0
TMEM132A	1	0
TMEM132C	1	0
CWC25	1	0
CCL28	1	0
H3F3C	1	0
H3F3B	1	0
VSX2	1	0
CCL22	1	0
CCL24	1	0
CCL26	0	1
ALPK3	1	0
TRIOBP	0	1
C8orf47	1	0
C8orf44	1	0
C8orf42	1	0
C8orf40	1	0
CUX2	1	0
CYSTM1	1	0
FSIP2	0	1
CSNK1A1	1	0
DNAJC4	1	0
DNAJC6	1	0
DZANK1	1	0
DNAJC3	1	0
DUX4L3	1	0
GOSR2	1	0
SLC18A2	1	0
PTPRVP	1	0
GOSR1	1	0
RALBP1	1	0
DEAF1	1	0
RAP1A	1	0
ZNF831	1	0
SNORA68	1	0
ZNF836	1	0
DCTN1-AS1	1	0
FAM91A2	1	0
HPYR1	1	0
ATOH7	0	1
ACAT2	1	0
LIMD2	1	0
LIMD1	1	0
ATOH8	1	0
LOC100505768	1	0
MECP2	1	0
NADSYN1	1	0
TRPV5	1	0
TSPY3	1	0
OR8S1	1	0
ZFYVE21	1	0
ZFYVE27	1	0
TPCN1	1	0
TPCN2	1	0
IL2RG	1	0
SLC17A5	1	0
ZFYVE28	1	0
SLC17A1	1	0
SLC17A3	1	0
C16orf58	1	0
SRBD1	1	0
TRPV3	1	0
C16orf52	1	0
LOC441025	1	0
C16orf54	0	1
SYCE1L	1	0
AP5B1	1	0
CCDC144B	1	0
ERC1	1	0
ERC2	1	0
BAD	1	0
BHMT2	1	0
IGSF9	1	0
COBLL1	1	0
CDK18	1	0
GFI1B	1	0
SLC37A4	1	0
CDK12	1	0
CDK10	1	0
TMEM255B	1	0
SULF1	1	0
CDK15	1	0
ST5	1	0
ST7	1	0
ATP6V1B1	1	0
NOS1AP	1	0
GPR128	1	0
BFSP2	0	1
ZNF302	1	0
ZNF300	1	0
YY1P2	1	0
P2RY8	1	0
MMP28	1	0
MMP25	1	0
MMP27	1	0
PASK	1	0
MMP21	1	0
MTERFD1	1	0
HVCN1	1	0
RPL36A	1	0
RND1	1	0
RND3	1	0
CTNNBIP1	1	0
PPP3CB	1	0
DCAF10	1	0
TCAIM	1	0
KIAA1549	1	0
LRRC41	1	0
LRRC43	1	0
LRRC47	1	0
LRRC49	1	0
LOC284648	1	0
B3GNT4	1	0
B3GNT7	1	0
FNDC9	1	0
B3GNT3	1	0
FNDC5	1	0
B3GNT8	1	0
FNDC1	1	0
ADRA2C	1	0
PWWP2B	1	0
PWWP2A	1	0
GINM1	1	0
CXCL1	1	0
HLA-DRB6	0	1
HLA-DRB5	1	0
CCDC153	1	0
LOC100505933	1	0
CCDC154	1	0
CCDC158	1	0
WRAP73	1	0
SYT8	0	1
MUTYH	1	0
LRRC4C	1	0
MTCH2	1	0
FN1	1	0
SYT2	1	0
SYT4	1	0
SYT7	1	0
TIAL1	1	0
RHD	1	0
TASP1	1	0
PCED1A	1	0
FUBP3	1	0
LOC100133331	1	0
41528	1	0
SCHIP1	1	0
41523	1	0
FAM189A2	0	1
41526	1	0
YJEFN3	1	0
NBL1	1	0
GNAI3	1	0
HSFX2	1	0
ANGPT2	1	0
ANGPT4	1	0
PALM3	1	0
OXT	1	0
MANSC4	1	0
OR5T2	1	0
LOC284865	1	0
LOC100289187	1	0
ICMT	1	0
PNKD	0	1
EME1	1	0
MPZL1	1	0
LINC00691	1	0
ATP6V0A1	1	0
LINC00696	1	0
GPR98	1	0
GUCA1A	1	0
KRT75	1	0
KRT76	1	0
KRT72	1	0
C17orf107	1	0
ATM	1	0
KRT79	1	0
KRT78	1	0
TBC1D5	1	0
SMPD1	1	0
ADAM33	1	0
SMPD3	1	0
BRIP1	1	0
ZSWIM8-AS1	1	0
RPL36A-HNRNPH2	1	0
ATP5A1	1	0
FLJ31306	1	0
TTC28	1	0
LINC00340	1	0
TTC24	1	0
TTC27	1	0
TTC22	1	0
PODXL2	1	0
IL6R	1	0
ENO1	1	0
ENO3	1	0
NPAT	1	0
TAOK3	1	0
USP30-AS1	1	0
LLGL2	1	0
SLC22A18	1	0
ADAM3A	1	0
ACOX2	1	0
SLC22A14	1	0
SLC22A12	1	0
SLC22A10	1	0
NSMCE1	1	0
NSMCE2	1	0
CBX3P2	1	0
PFDN1	1	0
PTK7	1	0
RABGAP1	1	0
PRKAA1	1	0
ITGB3BP	1	0
MCL1	1	0
SORBS1	0	1
GAL3ST3	1	0
GAL3ST2	1	0
ODC1	1	0
IL18RAP	1	0
ATG16L1	1	0
C3orf33	1	0
BCDIN3D-AS1	1	0
C3orf35	1	0
NANP	1	0
C3orf38	1	0
IL17REL	1	0
MATN3	1	0
MATN4	1	0
PCGEM1	1	0
AP2S1	1	0
PDSS2	1	0
C15orf60	1	0
C15orf61	1	0
KBTBD13	1	0
KBTBD12	1	0
EBF1	1	0
FFAR2	1	0
FFAR3	1	0
LMNA	1	0
UCP3	1	0
BDH2	1	0
ENDOU	1	0
DDX21	1	0
ACVR2B-AS1	1	0
DDX24	1	0
GULP1	1	0
RPL32P3	1	0
LOC100505695	1	0
CENPVP1	1	0
ZNF99	1	0
SAC3D1	1	0
FKBP15	1	0
UBE2J2	1	0
RAB3IP	1	0
TBX21	1	0
TBX20	1	0
FBXO10	1	0
FBXO16	1	0
FBXO17	1	0
PRB1	0	1
SFTA3	1	0
C9orf169	1	0
CNGB1	1	0
SNORD41	1	0
SLCO4C1	1	0
PARD6A	1	0
PLA2G6	1	0
PLA2G5	1	0
HNRNPUL1	1	0
ATPAF2	1	0
CCDC77	1	0
KRTAP1-3	1	0
KRTAP1-5	1	0
ERBB4	1	0
CCDC71	1	0
OR2G3	1	0
FPR1	1	0
FPR3	1	0
CCDC78	1	0
NACAD	1	0
TMEM101	1	0
LTN1	1	0
TMEM107	1	0
TMEM104	1	0
LOC100127888	1	0
TRANK1	1	0
LOC650293	1	0
CSHL1	1	0
ZCWPW2	1	0
FKBP1B	1	0
FKBP1A	1	0
MANEAL	1	0
PAIP2	1	0
DAXX	1	0
CDC16	1	0
MAP10	1	0
NKAIN4	1	0
NKAIN2	1	0
MAP1A	1	0
IGSF9B	1	0
LBX2	1	0
LOC151475	1	0
CCM2	1	0
LINC00592	1	0
LINC00597	1	0
CCP110	0	1
IMMP1L	1	0
FRMD6	1	0
FRMD1	1	0
DSCR9	1	0
MEF2BNB-MEF2B	1	0
GNAS	1	0
MED13L	1	0
PTCD2	1	0
GNAZ	1	0
GNAL	1	0
ZHX1-C8ORF76	1	0
AGFG1	1	0
LOC341056	1	0
DPF3	1	0
KRT3	1	0
KRT1	1	0
FST	1	0
CRYGN	1	0
KRT4	1	0
CRYGA	1	0
CRYGB	1	0
CLEC18B	1	0
DACT3	1	0
VPS45	1	0
VPS41	1	0
BCAP29	1	0
TMCC2	1	0
ECT2L	1	0
SDR42E1	1	0
TAS2R31	1	0
ALOX12B	0	1
TAS2R38	1	0
EPB41L1	1	0
ABCA10	1	0
EPB41L3	1	0
EPB41L5	1	0
ACSS3	1	0
ACSS1	1	0
ABCA12	1	0
PLEKHM2	1	0
RHOXF1	1	0
PCOLCE2	1	0
SLC43A1	1	0
HDGF	1	0
SETD5-AS1	1	0
VHL	1	0
WNT2	1	0
LRRN4	1	0
LRRN2	1	0
WNT4	1	0
GLYCAM1	1	0
BLMH	1	0
TREML4	1	0
CDHR2	1	0
SNORA46	1	0
SNORA47	1	0
SNORA44	1	0
SNORA45	1	0
SNORA40	1	0
SPDYE5	1	0
LOC100130691	1	0
MRPL34	1	0
SPDYE2	1	0
HIST2H2BF	1	0
ZNF812	1	0
SPTBN4	1	0
ZNF816	1	0
SPTBN1	1	0
LOC100131347	0	1
VEPH1	1	0
EBAG9	1	0
KLF16	1	0
KLF14	1	0
ASAP1-IT1	1	0
RBMY1F	1	0
LOC100508120	1	0
PCNA	1	0
SLC44A3	1	0
ZBTB7C	1	0
MSI1	1	0
UTY	1	0
ENGASE	1	0
PACRG	1	0
KLK1	0	1
DNPH1	1	0
ADNP2	1	0
ENY2	1	0
CXorf40A	1	0
CXorf40B	1	0
MIR409	1	0
NDUFS4	1	0
NDUFS5	1	0
SLC9A3R2	1	0
NDUFS8	1	0
COQ4	0	1
LOC100506804	1	0
COQ6	1	0
ILF3	1	0
LOC100506801	1	0
FAM198A	1	0
ITCH	1	0
ZRANB2	1	0
SVEP1	1	0
FAM132A	1	0
PCDHGB3	1	0
PCDHGB1	1	0
PCDHGB7	1	0
PCDHGB5	1	0
HBZ	1	0
RREB1	1	0
DENND2C	1	0
TPX2	1	0
WWC3	1	0
WWC2	1	0
RABAC1	1	0
GAGE4	1	0
GAGE7	1	0
GPR101	1	0
MICAL2	1	0
MICAL3	1	0
PHC3	1	0
GPR108	1	0
PIANP	1	0
SCNN1G	1	0
SAFB	1	0
ZNF367	1	0
ZNF366	0	1
PRF1	1	0
MGMT	1	0
LOC399753	1	0
H2AFV	1	0
ALS2CR11	1	0
UBOX5-AS1	1	0
H2AFY	1	0
CSNK1G1	1	0
TMEM189-UBE2V1	1	0
RNF6	1	0
RNF4	1	0
RNF2	1	0
H2AFJ	1	0
NRXN2	1	0
PPP1R21	1	0
CLTB	1	0
NGLY1	1	0
DPEP1	1	0
DPEP2	1	0
C7orf31	1	0
BTBD11	1	0
TEX40	1	0
MSANTD3-TMEFF1	1	0
LOC440288	1	0
USP17L9P	0	1
ISCA2	1	0
ZCCHC24	1	0
OR6V1	1	0
PRSS2	1	0
KIAA1430	1	0
LOC100130264	1	0
SIK3	1	0
KIAA1432	1	0
PRKRIR	0	1
BAIAP3	1	0
ACTR5	1	0
ACTR3	1	0
WBSCR27	1	0
WBSCR22	1	0
MASTL	1	0
WBSCR28	1	0
HYDIN	1	0
GBX2	1	0
CNR2	1	0
POLDIP3	1	0
RAB22A	1	0
RAPGEFL1	1	0
GTDC1	1	0
ALDH18A1	1	0
C19orf81	1	0
NUP85	0	1
TGS1	1	0
C1orf74	1	0
ANKS1A	1	0
LINC00102	1	0
GLB1	1	0
CLP1	1	0
NKX3-2	0	1
PITPNM2	1	0
GPATCH8	1	0
CPED1	1	0
ADAM10	1	0
ADAM12	1	0
ADAM19	1	0
CEBPA-AS1	1	0
MEPE	1	0
CPNE3	1	0
CPNE2	1	0
LOC340357	1	0
WNT8B	1	0
PYCARD	1	0
DNMT3A	1	0
AAK1	1	0
SNRPN	1	0
GDE1	1	0
CSNK1A1P1	1	0
SNRPF	1	0
SNRPG	1	0
SHANK1	1	0
ADAM1A	1	0
SALL4	1	0
RGS9BP	1	0
CDC42BPB	1	0
KCNQ5-AS1	1	0
ZDHHC14	1	0
PCSK9	1	0
ZDHHC13	1	0
PCSK2	1	0
PRKAG2	1	0
ZDHHC19	1	0
PCSK7	1	0
PCSK5	1	0
HIPK3	1	0
HIPK2	1	0
HIPK4	1	0
DUSP22	1	0
LEMD2	1	0
LEMD1	1	0
ARHGAP19-SLIT1	1	0
FENDRR	1	0
SLC39A10	1	0
C3orf18	1	0
C3orf14	1	0
LARP4	1	0
LARP7	1	0
ISM1	0	1
GPATCH3	1	0
MACROD2-AS1	1	0
COL15A1	1	0
TC2N	1	0
ZNF174	1	0
ZNF175	1	0
ZNF177	1	0
LOC401320	1	0
DDX46	1	0
PTEN	1	0
PLTP	1	0
EIF5A2	1	0
ELAVL4	1	0
NUDT8	1	0
LGR6	1	0
ELAVL2	1	0
CDKN1C	1	0
UBE2D4	1	0
UBE2D2	1	0
UBE2D1	1	0
MLL2	1	0
MLL5	1	0
EDNRA	1	0
MORN5	1	0
SNORD69	1	0
APOD	1	0
APOB	1	0
APOM	1	0
APOH	1	0
FAM151A	1	0
RBAK-LOC389458	1	0
FOXJ1	1	0
CCDC53	1	0
FRAS1	1	0
SNORD91A	0	1
STX16	1	0
MIR4766	1	0
TMEM128	1	0
MIR219-1	1	0
VPRBP	1	0
PREPL	1	0
SULT4A1	1	0
ACTR3BP5	1	0
CABP4	1	0
DPY19L2P2	1	0
CABP1	1	0
SLC35B1	1	0
SLC35B3	1	0
SLC35B2	1	0
FBXO31	1	0
IGFBP6	1	0
CNRIP1	1	0
FBXO39	1	0
LOC282997	1	0
ANP32AP1	1	0
MBOAT1	1	0
SPSB2	1	0
HINT1	1	0
HINT3	1	0
LOC642929	1	0
BIRC8	1	0
CDC37	1	0
41339	1	0
OR2A2	1	0
ZFX-AS1	1	0
OR2A7	1	0
EIF1	1	0
BRWD3	1	0
S100A6	1	0
OR2T33	1	0
41336	1	0
41337	1	0
LONRF2	1	0
TCFL5	1	0
CDCA7L	1	0
C20orf203	1	0
C20orf201	1	0
SLCO1B3	1	0
SPIN2A	1	0
PGLS	1	0
ATP11B	1	0
PTPRZ1	1	0
GPATCH2L	1	0
CCNA1	1	0
DYNC1I1	1	0
VPS28	1	0
ATP13A2	0	1
SSUH2	1	0
SKA1	1	0
RAI2	1	0
LRRIQ1	1	0
PRKRA	1	0
FAM197Y2	1	0
CBWD6	1	0
C1orf111	1	0
CBWD3	1	0
CBWD1	1	0
ADAT1	1	0
ADAT2	1	0
TTBK2	1	0
E2F6	1	0
E2F4	1	0
E2F2	1	0
C6orf89	1	0
ACBD3	1	0
PPP1R13B	1	0
ACBD4	1	0
GJA9-MYCBP	1	0
EEF2	1	0
TUSC5	1	0
SNORA23	1	0
TUSC2	1	0
EPHX1	1	0
SNORA28	1	0
FLJ46300	1	0
LOC100128239	1	0
IZUMO2	1	0
IZUMO4	1	0
EPHX4	1	0
PYCR1	1	0
WNT10A	1	0
FAM168A	1	0
GNG13	1	0
URB2	1	0
IL36B	1	0
LIPA	1	0
LIPC	1	0
LIPE	1	0
LIPG	1	0
RIMBP3C	1	0
MIR1470	1	0
LIPJ	1	0
DFFB	1	0
LIPN	1	0
SEC24D	1	0
SEC24A	1	0
SEC24C	1	0
LMTK3	1	0
LOC100131096	1	0
LOC100131094	1	0
HOGA1	1	0
PI16	1	0
C16orf96	1	0
MRPL42	1	0
MRPL41	1	0
MRPL40	1	0
C16orf93	1	0
HGFAC	1	0
C16orf91	1	0
TRIP6	1	0
TM4SF19	1	0
MRPL48	1	0
ZNF699	1	0
NGF	1	0
LOC100271702	1	0
RILP	1	0
ZNF695	1	0
ZNF697	1	0
ZNF696	1	0
ARFGAP3	1	0
UNC93B1	1	0
LAMB2	1	0
LAMB4	1	0
MPHOSPH9	1	0
NEK4	1	0
NEK2	1	0
NEK1	1	0
NEK9	1	0
TIGIT	1	0
GPR161	1	0
DHPS	1	0
TMEM14E	1	0
TMEM63A	1	0
SHB	1	0
CCDC6	1	0
SHE	1	0
SHF	1	0
CCDC8	1	0
DYNC2H1	1	0
MGA	1	0
MTHFD2	1	0
TBP	1	0
MIR550A3	1	0
PITPNA-AS1	1	0
NUDCD2	1	0
NUDCD1	1	0
OR1D5	1	0
IFI27L1	1	0
IFI27L2	1	0
SAMD4A	1	0
ADSL	1	0
SAMD4B	1	0
AS3MT	1	0
TIMMDC1	1	0
ACVR1C	0	1
GAS2L2	1	0
ZNF341	1	0
LOC646498	1	0
ZNF430	1	0
ZNF345	1	0
ZNF439	0	1
LOC284950	1	0
RALGDS	1	0
EPYC	1	0
DLL1	1	0
NUDT10	1	0
DLL3	1	0
DLL4	1	0
NUDT15	1	0
ZW10	1	0
OR6X1	1	0
TM6SF1	1	0
TM6SF2	1	0
STX3	1	0
STX5	1	0
STX7	1	0
STX6	0	1
LOC285626	1	0
CPN2	1	0
LOC400680	1	0
LOC400685	1	0
LOC400684	1	0
TP73-AS1	1	0
PYHIN1	1	0
MTMR14	1	0
CDADC1	1	0
ECE2	1	0
TRMT2B	1	0
LOC90246	1	0
ARHGAP44	1	0
CASQ1	1	0
LRSAM1	1	0
ARHGAP42	1	0
LOC100506776	1	0
CLIC1	1	0
ICA1	1	0
AURKB	1	0
SERPINE3	1	0
SPTY2D1-AS1	1	0
TXLNG	1	0
CDC42EP1	1	0
TXLNA	1	0
HRASLS5	1	0
TBKBP1	1	0
WFIKKN2	1	0
ABI2	1	0
ABI1	1	0
LINC00163	1	0
LOC284578	1	0
FOXL2	1	0
GPI	1	0
KRT39	0	1
CACNA1G-AS1	1	0
OR6C76	1	0
NCR3LG1	1	0
KRT32	1	0
KRT34	1	0
KRT36	1	0
IL20	1	0
IL25	1	0
IL27	1	0
MIR656	1	0
KIF2C	1	0
MIR654	1	0
IL12RB1	1	0
ATP6AP1	1	0
CLINT1	1	0
OR4N2	1	0
PRY2	1	0
OR4N5	1	0
ACOT8	1	0
ACOT9	1	0
ACOT6	1	0
ACOT4	1	0
H2BFM	1	0
ADCY5	1	0
RBBP9	1	0
RBBP8	1	0
ADCY2	1	0
LOC100130776	1	0
KIF25	1	0
KIF27	1	0
ADCY8	1	0
RBBP6	1	0
KIF23	1	0
JKAMP	1	0
RAB42	1	0
NUCKS1	1	0
PI4K2B	1	0
SOX2-OT	1	0
FAM208A	1	0
DDI1	1	0
PTPLAD2	1	0
SKAP1	1	0
C12orf5	1	0
LEPROT	1	0
XRCC1	1	0
XRCC2	1	0
XRCC4	1	0
SMURF1	1	0
SMN2	1	0
SMURF2	1	0
MEIS3	1	0
MEIS1	1	0
TFRC	1	0
NARF	1	0
GSPT2	0	1
TFR2	1	0
MIER1	1	0
RALGPS1	1	0
USP32P1	1	0
ESPNP	1	0
PAPD4	1	0
AMN1	1	0
LMNB1	1	0
MRPS28	1	0
MRPS27	1	0
MRPS25	1	0
CSPG4	1	0
MRPS21	1	0
CTSL2	1	0
PPP2R5C	1	0
PMP2	1	0
NAMPT	1	0
PRORSD1P	1	0
OPN1MW	0	1
KCNA7	0	1
NPHP3-AS1	1	0
KCNA5	1	0
KCNA1	1	0
JMJD6	1	0
JMJD4	1	0
ZHX2	1	0
JMJD8	1	0
OPTC	1	0
SUSD5	1	0
CCDC38	1	0
ACACA	1	0
SLFN14	1	0
CCDC30	0	1
SLFN11	1	0
FOXD1	1	0
PLA2G2C	1	0
PLA2G2E	1	0
PLA2G2F	1	0
LOC100506548	0	1
CAPN14	1	0
CAPN12	1	0
CAPN10	1	0
DCTD	1	0
SLC35D3	1	0
SLC35D1	1	0
COX7B	1	0
LOC653501	1	0
CYFIP1	1	0
C20orf195	1	0
TOB1	1	0
GUSBP5	1	0
MPRIP	1	0
GUSBP1	1	0
KGFLP1	1	0
C11orf95	1	0
TTPAL	1	0
C11orf92	1	0
THUMPD1	1	0
THUMPD3	1	0
CHORDC1	1	0
MLLT4	1	0
UVRAG	1	0
KRT15	1	0
MLLT3	1	0
SYNJ1	1	0
GLT8D2	1	0
COPG1	0	1
OR2T11	1	0
OR2C3	1	0
KERA	1	0
ZNHIT1	1	0
MRGPRD	1	0
OSR1	1	0
OSR2	1	0
GTPBP5	1	0
GTPBP6	0	1
GTPBP1	1	0
NFATC2IP	1	0
PCDHA2	1	0
PCDHA1	1	0
PCDHA6	1	0
IL15RA	1	0
PCDHA9	1	0
BCL9	1	0
EPM2AIP1	1	0
BCL6	1	0
BCL3	1	0
POR	1	0
PLK2	1	0
PLK4	1	0
LYRM2	1	0
LRFN1	1	0
LYRM7	1	0
LYRM5	1	0
LYRM4	1	0
GPR75-ASB3	1	0
NKX2-6	1	0
NKX2-4	1	0
GIGYF2	1	0
ZP1	1	0
ZP2	1	0
KIAA0391	1	0
OAS2	1	0
CLIC3	1	0
TLE2	0	1
MTM1	1	0
CSNK1G2	1	0
CSNK1G3	1	0
LOC339535	1	0
SERPINB1	1	0
SERPINB3	1	0
SERPINB4	1	0
BRSK2	1	0
PCGF1	0	1
SMO	1	0
FAM76A	1	0
PCGF5	1	0
PCGF6	1	0
MAGED1	1	0
MAGED4	1	0
POLE	1	0
NFS1	1	0
C22orf42	1	0
EXD2	1	0
ATP8B4	1	0
ELP6	1	0
ELP4	1	0
FBXL2	1	0
SIGLECL1	1	0
DPPA3	1	0
SPRYD3	1	0
SPRYD4	1	0
LY75-CD302	1	0
PTGFRN	1	0
LRP5L	1	0
DDX4	1	0
UBAP1	1	0
DDX5	1	0
DHRS4-AS1	1	0
ASXL2	1	0
TRIM50	1	0
ZBTB39	1	0
ZNF252P-AS1	1	0
HTR2A	1	0
HTR2B	1	0
NEUROG3	1	0
NEUROG2	1	0
ZBTB32	1	0
ZBTB37	1	0
KLHL36	1	0
KLHL34	1	0
TMEM99	1	0
KLHL32	1	0
KLHL30	1	0
KLHL31	1	0
TMEM92	1	0
COL18A1-AS1	1	0
EPHA1-AS1	1	0
SGTA	1	0
RPS6KA2-IT1	1	0
TRIM47	1	0
GBAS	1	0
IVD	1	0
GAS7	1	0
TBPL1	1	0
PEX5	1	0
PEX6	1	0
REG4	1	0
ERMN	1	0
ACE	1	0
FAM222A-AS1	1	0
UBXN4	1	0
NEB	1	0
ACR	1	0
ATP5I	1	0
ATP5O	1	0
ATP5L	0	1
LOC399829	1	0
NES	1	0
GPR144	1	0
GPR146	1	0
GPR141	1	0
GPR143	1	0
EPPIN-WFDC6	1	0
AFMID	1	0
SFMBT2	1	0
LOC90834	1	0
CITED2	1	0
SLC7A4	1	0
DAGLA	1	0
DAGLB	1	0
PFDN6	1	0
PHF21A	1	0
MAGEA11	1	0
SLC7A3	1	0
HLA-E	1	0
POMC	1	0
ACHE	1	0
NFKBIE	1	0
GAGE12F	1	0
WSCD1	1	0
WSCD2	1	0
HIRA	1	0
RIN3	1	0
ADIPOQ-AS1	1	0
PDE4DIP	1	0
KIF9	1	0
WWOX	1	0
CLPX	1	0
LNX1-AS2	1	0
CLPP	1	0
LOC100128164	1	0
RIPK1	1	0
OR1F1	1	0
LAMA3	1	0
PDCL	1	0
CLPB	1	0
SPRR1B	1	0
IL17A	1	0
PRAMEF4	1	0
FEZF1	1	0
C2orf27B	1	0
C7orf72	1	0
PLCXD3	1	0
PLCXD1	0	1
LOC646471	1	0
ZNF415	1	0
HILS1	1	0
RRAGD	1	0
RRAGA	1	0
RRAGC	1	0
POU4F1	1	0
MCOLN1	1	0
GPRC5A	1	0
GGT5	1	0
RASA4	1	0
RASA2	1	0
ACTN3	1	0
CCDC144NL	1	0
ACTN1	1	0
PTPRT	1	0
PTPRS	1	0
PTPRR	1	0
PTPRQ	1	0
TINF2	1	0
PTPRF	1	0
PTPRD	1	0
PTPRB	1	0
PTPRA	1	0
PTPRO	1	0
PTPRN	1	0
PTPRM	1	0
PTPRK	0	1
PTPRJ	1	0
CPM	1	0
CPE	1	0
MIR4263	1	0
MIR4265	1	0
GAPVD1	1	0
CASS4	1	0
CYP46A1	1	0
AQPEP	1	0
N6AMT2	1	0
DMPK	1	0
GPR153	1	0
PWRN2	1	0
RNASEH1	1	0
ALAS1	1	0
LOC729739	1	0
RRP7B	1	0
ABLIM2	1	0
OCSTAMP	1	0
FAM172A	1	0
LINC00630	1	0
LINC00636	1	0
GPR155	1	0
LINC00634	1	0
LOC284009	1	0
TOP2A	0	1
RMRP	1	0
HHIP	1	0
HMGN4	1	0
HMGN2	1	0
MX2	1	0
RC3H1	1	0
RC3H2	1	0
FAM66D	1	0
LOC541471	1	0
ISG15	1	0
CDKN1A	1	0
PIM2	1	0
ERVV-2	1	0
CACNA1I	1	0
SNORD115-20	1	0
GDI2	1	0
GDI1	1	0
ARL5C	1	0
ARL5B	1	0
ERLIN1	1	0
ERLIN2	1	0
SPDL1	1	0
SBSN	1	0
GABRP	1	0
KRT17	1	0
WDR34	1	0
WDR37	1	0
WDR36	1	0
KRT13	1	0
WDR33	1	0
GABRE	1	0
EIF4A1	1	0
KRT18	1	0
GIGYF1	1	0
NBPF9	1	0
TLE3	1	0
PAG1	1	0
NBPF4	1	0
NAPEPLD	1	0
TLE4	1	0
LINC00857	1	0
LINC00852	1	0
NUDT16L1	1	0
PLP1	1	0
ZFP69B	1	0
PROB1	1	0
CRYZL1	1	0
SERF2	1	0
PCDHB13	1	0
PCDHB12	1	0
PCDHB11	1	0
PCDHB17	1	0
TM9SF3	1	0
TFPI	1	0
PCDHB18	1	0
C10orf10	1	0
C10orf12	1	0
SPATS2L	1	0
NAT2	1	0
NAT6	1	0
FAIM3	1	0
EEF1DP3	1	0
CCBL2	1	0
FABP12	1	0
KCNC1	1	0
TMEM259	1	0
KCNC3	1	0
TMEM254	1	0
TMEM252	1	0
TMIE	0	1
PGM5P2	1	0
KIAA2026	1	0
NGFR	1	0
CPSF7	1	0
CPSF4	1	0
CPSF2	1	0
LOC257358	1	0
MAD1L1	0	1
ZNF281	1	0
SIPA1L1	1	0
SIPA1L3	0	1
TTLL5	1	0
TTLL6	1	0
LTBP3	1	0
LTBP2	1	0
TTLL3	1	0
EPS15	1	0
TTLL9	1	0
SUFU	1	0
PLA2G4B	1	0
PLA2G4F	1	0
PLA2G4D	1	0
OR8H1	1	0
SLC35F1	1	0
SLC35F2	1	0
MBD4	1	0
MBD6	1	0
MBD3	1	0
MBD2	1	0
LMAN1L	1	0
CMTM6	1	0
FAM126A	1	0
FAM126B	1	0
MLPH	1	0
TSPAN18	1	0
LOC440297	1	0
TSPAN10	1	0
SLC17A8	1	0
LOC100132741	1	0
TSPAN15	1	0
SFTPA2	1	0
REXO2	1	0
PSG10P	1	0
SLC15A3	1	0
SLC25A16	1	0
SLC25A12	1	0
CHRFAM7A	1	0
HSD17B8	1	0
LOC645249	1	0
EAF1	1	0
CCDC17	1	0
NDUFA11	1	0
CCDC12	1	0
NDUFA13	1	0
CCDC18	1	0
TMUB1	1	0
MIR3907	1	0
KIAA1644	1	0
HSD17B2	1	0
SYNCRIP	1	0
TRIM34	1	0
ALDH1L1	1	0
ZNF280B	1	0
GNG7	1	0
GNG4	1	0
DBF4	1	0
VIT	1	0
HSD17B7	1	0
ALG8	1	0
STAR	1	0
UGT3A2	1	0
UGT3A1	1	0
ALG6	1	0
TMEM88B	1	0
STAM	1	0
TMEM51-AS1	1	0
KIAA1324L	1	0
LTBP1	1	0
HAR1B	1	0
INSL6	1	0
INSL3	1	0
CLDN8	1	0
CLDN9	0	1
RAB11B	1	0
GCC1	1	0
CLDN2	1	0
CLDN4	1	0
CLDN6	1	0
RASGEF1C	1	0
SMYD4	1	0
TRDMT1	1	0
SMYD2	1	0
OR6A2	1	0
RTN3	1	0
SERPIND1	1	0
C6orf48	1	0
IRF7	1	0
IRF5	1	0
IRF4	1	0
IRF8	1	0
CLUL1	1	0
SNX22	1	0
CLK2	1	0
SNX27	1	0
ADRBK2	1	0
LINC00284	1	0
INMT	1	0
ONECUT3	1	0
ONECUT1	1	0
SGCA	1	0
PANX1	1	0
PANX2	1	0
LOC100129083	1	0
ZBTB12	1	0
PTGDR2	1	0
LOC90784	1	0
C16orf72	0	1
MIR205	1	0
ZBTB18	1	0
TEX101	1	0
TMEM150C	1	0
MTO1	1	0
DDX19B	1	0
LINC00461	1	0
KLHL10	1	0
LYSMD1	1	0
KLHL14	1	0
LYSMD4	1	0
DAB2IP	1	0
MIR100HG	1	0
TRIM68	1	0
APOBEC3A_B	1	0
MTOR	1	0
UNG	1	0
TRIM61	1	0
UNK	1	0
TRIM66	1	0
C2orf81	1	0
OMG	1	0
LOC339862	1	0
C2orf62	1	0
C2orf66	1	0
IER5	1	0
C2orf69	1	0
NRF1	1	0
NAGPA	1	0
HABP2	1	0
NDRG1	1	0
SNHG15	1	0
SNHG16	1	0
SERTAD4	1	0
RBM12B-AS1	1	0
SNHG12	1	0
LOC100130451	1	0
FAM229B	1	0
TTPA	1	0
PTCHD3P1	1	0
MIR642A	1	0
PARP2	1	0
NR1D1	0	1
CEACAM19	1	0
DPP7	0	1
SLK	1	0
CIDEB	1	0
PHYH	1	0
PMS2P5	1	0
NOTCH4	1	0
AZIN1	1	0
LCA5	1	0
NOTCH2	1	0
CMTM4	1	0
EGR3	1	0
TCTEX1D2	1	0
MCU	1	0
ZNF653	1	0
HSF1	1	0
FGFRL1	1	0
HSF2	1	0
HSF5	1	0
NISCH	1	0
SRSF8	1	0
RAPGEF6	1	0
RAPGEF1	1	0
RAPGEF2	1	0
RAPGEF3	1	0
MIR941-2	1	0
COL11A1	1	0
ZNF384	1	0
POC1A	1	0
C1RL	1	0
RORC	1	0
RORA	1	0
NXPE2	1	0
NXPE4	1	0
ZNF473	1	0
RNF135	1	0
LOC100216479	1	0
KRTAP3-3	1	0
MDM2	1	0
TSPAN17	1	0
ROR2	1	0
SNRPD2	0	1
SFI1	1	0
LOC100132354	1	0
LOC100132356	1	0
KPNA7	1	0
KPNA6	1	0
KPNA4	1	0
KPNA2	1	0
KPNA1	1	0
CRP	1	0
ERVFRD-1	1	0
CRX	1	0
SLC25A18	1	0
SYNGR4	1	0
TNFRSF14	1	0
CRK	1	0
LOC440335	1	0
TNFRSF18	1	0
LOC100506730	1	0
GLDN	1	0
PPP4R1L	1	0
QPCT	1	0
RTN4IP1	1	0
B4GALT1	1	0
B4GALT5	1	0
B4GALT4	1	0
B4GALT7	1	0
FCN2	1	0
TRRAP	1	0
GPR89B	1	0
LINC00612	1	0
LINC00615	1	0
CR2	1	0
CR1	1	0
LGMN	1	0
FAM174B	1	0
CYP19A1	1	0
SPRN	1	0
POLR2J4	1	0
SOGA3	1	0
SOGA1	1	0
VMAC	1	0
PAX2	1	0
LOC286114	1	0
ARNTL2	1	0
PTPN1	1	0
EHMT2	1	0
NBPF24	0	1
PAX8	1	0
MARK1	1	0
STOX2	1	0
S100A4	1	0
RPPH1	1	0
CD69	1	0
ZNF705G	1	0
TPD52L3	1	0
EFCAB10	1	0
EFCAB12	1	0
CELA1	1	0
ACTR3B	1	0
WDR12	1	0
OR7A10	1	0
CHRD	1	0
WDR16	1	0
WDR19	1	0
WDR18	1	0
PF4	1	0
PPP2R1A	1	0
JHDM1D	1	0
ZMYND15	1	0
WASL	1	0
ZMYND11	1	0
FAM83A	1	0
LOC100500773	1	0
KRT33B	1	0
AMBP	1	0
ZFP41	1	0
ZFP42	1	0
OR4B1	1	0
HSPB7	1	0
C10orf35	1	0
C10orf32	1	0
LOC100292680	1	0
PKN3	1	0
RHOBTB3	1	0
INO80D	1	0
INO80B	1	0
SDCBP2-AS1	1	0
KCNE2	1	0
FKBP9L	1	0
NGDN	1	0
ERBB2IP	1	0
LOC100379224	1	0
FAM124A	1	0
LDLRAD1	1	0
LDLRAD3	1	0
LDLRAD4	1	0
CYP2F1	1	0
A2MP1	1	0
NSFP1	1	0
CSNK1E	1	0
LIG3	1	0
LOC389791	1	0
DEFB131	1	0
ISCU	1	0
FNTA	1	0
LOC100505702	1	0
UMODL1	1	0
NKX6-2	1	0
KCTD13	1	0
KCTD11	1	0
KCTD17	1	0
KCTD16	1	0
BARHL1	1	0
KCTD14	1	0
SCGB2A1	1	0
KRTAP10-5	1	0
KCTD18	1	0
KRTAP10-3	1	0
ZKSCAN1	1	0
ZKSCAN3	1	0
ZKSCAN5	1	0
ZKSCAN7	1	0
GLIS3	1	0
GLIS1	1	0
SLC25A35	1	0
CHCHD10	1	0
SLC25A37	1	0
BCHE	1	0
SLC25A32	1	0
SLC25A38	1	0
AJAP1	1	0
TMEM182	1	0
TMEM180	1	0
FAM102B	1	0
FAM102A	0	1
HCAR3	1	0
HCAR1	1	0
PGBD3	0	1
TAF6	1	0
MMAB	1	0
TAF2	1	0
LOC100507632	1	0
G6PD	1	0
HMOX1	1	0
TAF9	1	0
TAF8	1	0
TSPAN32	0	1
TSPAN31	1	0
POMT1	1	0
AIF1	1	0
AGPS	1	0
FOSB	1	0
CCNG2	1	0
NPLOC4	1	0
LGALS13	1	0
TEX26-AS1	1	0
FNIP2	1	0
SMIM7	1	0
SMIM5	1	0
SMIM4	1	0
SMIM9	1	0
C9	1	0
LOC644172	1	0
ALG2	1	0
PDCD6	1	0
PDCD4	1	0
TCF20	0	1
FLJ31662	1	0
PDCD1	1	0
ALG1	1	0
MINA	1	0
PBLD	1	0
SERPINF1	1	0
OR6C6	1	0
ARFGEF2	1	0
GCAT	1	0
OR5K3	1	0
VPS26A	1	0
SMU1	1	0
SREBF2	1	0
LINC00263	1	0
OXCT1	1	0
OXCT2	1	0
TXNDC17	1	0
GALNTL5	1	0
RAB39A	1	0
SSRP1	1	0
IRAK1BP1	1	0
CIT	1	0
TAF6L	1	0
POM121L8P	1	0
TATDN1	1	0
TATDN3	1	0
DAK	1	0
C1orf174	1	0
RPIA	1	0
C1orf173	1	0
MTA3	1	0
LRP11	1	0
GPC2	1	0
GPC5	1	0
SNTN	1	0
BICD2	1	0
DOC2GP	1	0
SCAP	1	0
SEC22A	1	0
LOC339807	1	0
BBS4	1	0
ANKDD1A	1	0
C2orf48	1	0
C2orf47	1	0
ESM1	1	0
OR52B2	1	0
ELANE	1	0
CCNE1	1	0
AGK	1	0
NIPA1	1	0
CELA2B	1	0
PDCD10	1	0
AGT	1	0
ESPN	1	0
SLC28A2	1	0
SLC28A3	1	0
PPP4C	1	0
SLC28A1	1	0
PIK3CG	1	0
ZSWIM5	1	0
ZSWIM7	1	0
ZSWIM2	1	0
MEIS3P1	1	0
PRND	1	0
TMEM54	1	0
TMEM52	1	0
TMEM51	1	0
PAR-SN	1	0
POLR3GL	1	0
MEN1	1	0
SFRP1	1	0
MEG3	1	0
JMJD1C-AS1	1	0
AKIRIN2	1	0
ZNF676	1	0
ORM1	1	0
ZNF670	1	0
PARP16	1	0
WHSC1	1	0
LOC100996291	1	0
ERI2	1	0
ERI3	1	0
ZNF678	1	0
MAG	1	0
MAK	1	0
ALDH3A2	1	0
EVC	1	0
MGST2	1	0
MGST1	1	0
EDC4	1	0
LOC100287072	1	0
JAM2	1	0
BACH1	1	0
LSR	1	0
WSB2	1	0
NMB	1	0
KCNIP2	1	0
PRSS54	1	0
PRSS56	1	0
WAPAL	1	0
PRSS53	1	0
LIN28B	1	0
MOGAT2	1	0
MOGAT1	1	0
RBM12B	1	0
HMCN1	1	0
ANAPC7	1	0
RPS6KA2	1	0
RPS6KA4	1	0
RPS6KA6	1	0
PISD	1	0
PSMD13	1	0
ACOXL	1	0
FTCD	1	0
UTP20	1	0
LOC283585	1	0
CYTL1	1	0
MINPP1	1	0
METTL2B	1	0
GANAB	1	0
TOPAZ1	1	0
VAPA	1	0
GALNT4	1	0
ZWILCH	1	0
LOC100506714	1	0
LOC100506710	1	0
EXOSC10	1	0
ARF1	1	0
ARF4	1	0
SCAND1	1	0
MOBP	1	0
LOC255025	1	0
RGPD2	1	0
SP110	1	0
RGPD1	1	0
RGPD4	1	0
RGPD5	1	0
MOB2	1	0
LINC00674	1	0
LINC00675	1	0
PQLC2	1	0
LINC00671	1	0
LOXHD1	1	0
RAB11FIP5	1	0
RAB11FIP4	1	0
BPIFA3	1	0
KIAA1524	1	0
METTL22	1	0
METTL25	1	0
KIAA1522	1	0
ACTR10	1	0
HMGB2	1	0
CHP1	1	0
FYCO1	1	0
ARL11	1	0
SPNS3	1	0
SPNS2	1	0
ARL15	1	0
ARL16	1	0
LOC550112	1	0
FRRS1	1	0
GCHFR	1	0
WDR45B	1	0
KIF4B	1	0
ANGEL2	1	0
CLIP2	1	0
ETNK2	1	0
CLIP4	1	0
HEXDC	1	0
CDC37L1	1	0
MND1	1	0
CA13	1	0
CA11	1	0
FPGS	1	0
VMA21	1	0
CETN4P	1	0
RAB21	1	0
EIF4E3	1	0
RAB23	1	0
RAB24	1	0
RAB26	1	0
RAB28	1	0
CALR	1	0
MIR371B	1	0
CALU	1	0
MIR371A	1	0
WDR78	1	0
ACTR1B	1	0
FAR2	1	0
WDR73	0	1
WDR72	1	0
WDR75	1	0
WDR77	1	0
STARD13-AS	1	0
FOLH1	1	0
NTAN1	1	0
NQO2	1	0
CDO1	1	0
RIBC1	0	1
RAPGEF4-AS1	1	0
PRPF3	1	0
PRPF4	1	0
LOC100128338	1	0
ZSCAN16	1	0
CD177	0	1
GSTTP1	1	0
C5orf48	1	0
CLEC1A	1	0
ZFP69	1	0
BTF3P11	1	0
C5orf47	1	0
ZFP62	0	1
PIP4K2C	1	0
PIP4K2B	1	0
IL31RA	1	0
RFFL	1	0
LOC728012	1	0
ARRDC5	1	0
EGOT	1	0
ARRDC3	1	0
RFC2	1	0
FAM45B	1	0
KIAA0930	1	0
CSAD	1	0
C7orf55-LUC7L2	1	0
CDON	1	0
LSAMP	1	0
PAK6	1	0
LRIG3	1	0
MIR543	1	0
STRADB	1	0
FAM122A	1	0
FAM122C	1	0
KCNG1	1	0
KCNG4	1	0
LOC115110	1	0
CEP95	1	0
CYP2D6	1	0
RPRM	1	0
MFSD2A	1	0
CBX2	1	0
DMBT1	1	0
FECH	1	0
LCN12	1	0
TNS3	1	0
IGBP1P1	1	0
TRAF3IP1	1	0
TNS4	1	0
SPRR4	1	0
SPRR3	1	0
OR8D4	1	0
FASTKD5	1	0
OR8D1	1	0
EZH2	1	0
LOC400940	1	0
KLC4	1	0
GLYCTK	1	0
CALML6	1	0
CALML4	1	0
SHISA4	1	0
PFN1	1	0
TMEM211	1	0
PFN3	1	0
CREM	1	0
SHISA3	1	0
TRIM3	1	0
COX14	1	0
SHISA9	1	0
TRIM7	1	0
GAS6	1	0
PDGFRB	1	0
PDGFRA	1	0
ANKRD13A	1	0
AIDA	1	0
KIAA1462	1	0
PDGFRL	1	0
PPA2	1	0
MCTP1	1	0
NUP62	1	0
WDR27	1	0
ALCAM	1	0
CSF1R	1	0
TPM2	1	0
TPM1	1	0
ETF1	1	0
C22orf39	1	0
FAM21C	0	1
FAM21A	0	1
C22orf32	1	0
FOXB2	1	0
TAGLN	1	0
FBXW5	1	0
FBXW7	1	0
VWA8-AS1	1	0
TGFBR2	1	0
ETFB	0	1
SH3RF3	1	0
FAM159B	1	0
SSX2IP	1	0
ALPP	1	0
PCIF1	1	0
TJP3	1	0
NDOR1	1	0
TTN-AS1	1	0
GKAP1	1	0
SH3PXD2B	1	0
SNORD88B	1	0
CCDC174	1	0
KLHL12	1	0
NFYC	1	0
SMARCA1	1	0
RABL5	1	0
MIR181C	1	0
SMARCA5	1	0
POMZP3	1	0
SYCN	1	0
GOLGA6L4	1	0
OLAH	1	0
FYN	1	0
MIR98	1	0
MIR3940	1	0
LOC339505	1	0
CCT6A	1	0
CCT6B	1	0
FLJ35946	1	0
RUFY3	1	0
FCGR2B	1	0
FCGR2A	1	0
KLF12	1	0
LOC100129518	1	0
CYTH1	1	0
CYTH3	1	0
CYTH4	1	0
DPH2	1	0
MYH7B	1	0
PSAPL1	0	1
WIBG	1	0
LINC00242	1	0
LINC00240	1	0
OR13A1	1	0
KCNQ1DN	1	0
TM2D2	1	0
PLK1S1	1	0
OR51B4	1	0
PAM	0	1
DCN	1	0
LOC100506060	1	0
LINC00423	1	0
THRB	1	0
THRA	1	0
PERP	1	0
DCX	1	0
CUL7	1	0
CUL2	1	0
PNKP	1	0
TRIM25	1	0
CDH22	1	0
CDH23	1	0
TRIM21	1	0
CDH26	1	0
TRIM23	1	0
PER2	1	0
FLRT2	1	0
TRPT1	1	0
KAT8	1	0
DYNC2LI1	1	0
ARCN1	1	0
F2R	1	0
NKAP	1	0
ULK4P1	1	0
ULK4P2	1	0
ULK4P3	1	0
QRFP	0	1
CD300A	1	0
PNRC2	1	0
GBA	1	0
DNAJC27	1	0
MROH2B	1	0
DNAJC24	1	0
GAPDH	1	0
DNAJC21	1	0
PROSAPIP1	1	0
DTD2	1	0
ARHGAP9	1	0
ARHGAP5	1	0
ICOSLG	1	0
AEN	1	0
FAM196B	1	0
KHDC1L	1	0
OR4D10	1	0
PPP6C	1	0
TMEM70	1	0
ANXA10	1	0
ANXA13	1	0
FAM86A	1	0
CCT6P3	1	0
HEMGN	1	0
MRPL2	1	0
RPUSD2	1	0
ZFAT	1	0
ZNF611	1	0
ZNF613	1	0
ZNF614	1	0
ZNF618	1	0
SLC3A1	1	0
MOK	1	0
EIF4EBP1	1	0
EIF4EBP2	1	0
MS4A14	1	0
BAG2	1	0
BAG1	1	0
BAG4	1	0
SH2D1B	1	0
OR1L4	1	0
OR1L6	1	0
RTKN	1	0
MSRB2	1	0
LRRC37A2	1	0
MEOX1	1	0
CSDC2	1	0
ATXN7L3B	1	0
ZNF816-ZNF321P	0	1
ZNF385C	1	0
GMFB	1	0
CBLN3	1	0
UTP11L	1	0
MGC2889	1	0
SNORD50A	1	0
FSCN3	1	0
FSCN1	1	0
MYL12B	0	1
AIM1L	1	0
TSTA3	1	0
RILPL1	1	0
IDO1	1	0
CAMK1G	1	0
MIR4285	1	0
LDHAL6A	1	0
SMCR9	1	0
SMCR7	1	0
RAB3IL1	1	0
LYPD5	1	0
LYPD3	1	0
CATSPER4	1	0
CALCOCO2	1	0
NAP1L4	1	0
NAP1L6	1	0
MAPKAP1	1	0
RGS5	1	0
RGS7	0	1
RGS2	1	0
LOC100133669	1	0
PLAG1	1	0
RGS9	1	0
TRDN	1	0
ASPDH	1	0
PEAK1	1	0
LOC151009	1	0
LINC00656	1	0
LINC00657	1	0
LINC00652	1	0
CATSPERD	1	0
LOXL4	1	0
KIAA1143	1	0
CATSPERB	1	0
ACTN1-AS1	0	1
XIAP	1	0
LOC100133445	1	0
KANK4	1	0
KANK2	1	0
RDH12	1	0
DEDD2	1	0
FAM178A	1	0
DOLK	1	0
PCDHB8	1	0
COL6A6	0	1
TARSL2	1	0
CANX	1	0
NALCN	1	0
UG0898H09	1	0
ZSCAN29	1	0
ZSCAN25	1	0
NUCB2	1	0
ZSCAN21	1	0
ZSCAN23	1	0
TDRD9	1	0
TRHDE	1	0
MRPS7	1	0
MRPS6	1	0
C9orf24	1	0
TDRD7	1	0
TDRD6	1	0
IFI30	1	0
ABHD8	1	0
MYLIP	1	0
ABHD2	1	0
ABHD6	1	0
ABHD4	1	0
TWF1	1	0
WDR55	1	0
WDR53	1	0
WDR52	1	0
EIF4G3	1	0
LOC731223	1	0
FTSJD1	1	0
FAT3	1	0
NR1I2	1	0
FAT1	1	0
ULBP3	1	0
PSG9	1	0
PSG7	1	0
PSG5	1	0
PSG3	1	0
HOXC9	1	0
HOXC5	1	0
HOXC6	1	0
LOC100499227	1	0
TMEM248	1	0
FAM200A	1	0
OR4F3	1	0
C5orf63	1	0
OR4F4	1	0
COL27A1	1	0
LSM6	1	0
MFSD5	1	0
MAN1A1	1	0
TMEM241	1	0
POLR2D	1	0
POLR2G	1	0
POLR2F	1	0
PYDC1	1	0
POLR2M	1	0
AKR7A2	1	0
TMEM243	1	0
POLR2J	1	0
CYBB	1	0
TLK1	1	0
SERHL	1	0
GGT3P	1	0
USP50	1	0
PRODH	1	0
LOC338799	1	0
BATF2	1	0
ASCC2	1	0
ASCC1	1	0
ZNF137P	1	0
AGO3	1	0
LOC100499484	1	0
VBP1	1	0
TYRO3P	1	0
FAM120B	1	0
FAM120A	1	0
MAPK14	1	0
MAPK13	0	1
HPGD	1	0
FZD1	1	0
FZD3	1	0
FZD5	1	0
UBE2Q2P3	1	0
IQUB	1	0
FZD9	1	0
CYP2B6	1	0
C10orf76	1	0
TBRG1	1	0
C8orf44-SGK3	1	0
ASH1L	1	0
HIST1H1T	1	0
ATP12A	1	0
OR8B2	1	0
AMFR	0	1
CTRB1	1	0
PLCD3	1	0
ZNF518B	1	0
CT45A6	1	0
HIST1H1C	1	0
ITFG3	1	0
ITFG2	1	0
SOS1	1	0
TACC2	1	0
JDP2	1	0
JRKL-AS1	1	0
TMEM239	1	0
TMEM234	1	0
TMEM236	1	0
TMEM231	1	0
KIF20A	1	0
MCC	1	0
CKMT1A	1	0
ANKHD1	1	0
GNAT2	1	0
BCL2L14	1	0
BCL2L10	1	0
LAMB2P1	1	0
TMIGD2	1	0
TMIGD1	1	0
ZNF556	1	0
ZNF554	1	0
CTU1	1	0
C22orf15	1	0
SCARNA21	1	0
FAM27L	1	0
ZNF559	1	0
OR2AT4	1	0
SHOX	1	0
GTF2H2	1	0
WASH1	1	0
TVP23B	1	0
ZNF654	1	0
MIR639	1	0
PCDH8	1	0
RPL36	1	0
RPL34	1	0
RPL35	1	0
RPL32	1	0
RPL31	1	0
TARBP1	1	0
ATF5	1	0
ATF4	1	0
ATF7	1	0
ATF6	1	0
ZNF286A	1	0
ATF3	1	0
ATF2	1	0
PPP1R42	1	0
SMARCC1	1	0
PPAP2B	1	0
BUB1B	1	0
SUMO3	1	0
SUMO2	1	0
PSPC1	1	0
TMCO6	1	0
ANKIB1	1	0
EEF2K	1	0
LHX2	1	0
LHX4	1	0
LHX5	0	1
LHX6	1	0
PTGER4	1	0
PTGER1	1	0
MIB2	1	0
LOC285074	1	0
LOC113230	1	0
B3GALTL	1	0
MIR3960	1	0
B3GALT4	1	0
SLC38A4	1	0
B3GALT6	1	0
SLC38A6	1	0
CTNNAL1	1	0
SLC38A3	1	0
STK4	1	0
CSF3R	1	0
CYP3A7	1	0
CYP3A4	1	0
CYP3A5	1	0
CXCL14	1	0
GOLGA8EP	1	0
UBE4B	1	0
UBE4A	1	0
OR13C2	1	0
HCN3	1	0
HCN2	1	0
LINC00221	1	0
LINC00222	1	0
YBX1	1	0
LRIT2	1	0
PTGDR	1	0
TEN1	1	0
NKG7	1	0
CHIC1	1	0
POM121L4P	1	0
PEPD	1	0
CDC25C	1	0
ZIC4	1	0
TBC1D20	1	0
TNFRSF9	1	0
TBC1D25	1	0
C6orf1	1	0
TBC1D29	1	0
MIR941-4	1	0
FUNDC2	1	0
GUCY2C	1	0
FIBCD1	1	0
SENP2	1	0
LOC283683	1	0
RSU1P2	1	0
ING4	1	0
ING5	1	0
LOC283688	1	0
C21orf58	1	0
ING1	1	0
ZNF382	1	0
CEP170B	1	0
ZNF823	1	0
INS	1	0
DCUN1D3	1	0
WDFY3	1	0
P2RX5-TAX1BP3	1	0
ECHDC2	1	0
DYNC1LI1	1	0
MIR191	1	0
TPI1P2	1	0
ACP1	1	0
ACP2	1	0
TFAMP1	1	0
GLA	1	0
SLC2A13	1	0
SLC2A11	1	0
ANKRD36	1	0
ANKRD32	1	0
EFHC2	1	0
FKBP10	1	0
GLS	1	0
CDIPT	1	0
NCOA3	1	0
ITPR1	1	0
NCOA6	1	0
NCOA4	1	0
FLJ10038	1	0
FAM194B	1	0
CISH	1	0
MECR	1	0
GSG2	1	0
ABCG2	1	0
FAM153B	1	0
USMG5	1	0
SLC27A6	1	0
SLC27A1	1	0
STARD3NL	1	0
PRDM13	1	0
ACPT	1	0
SREK1	1	0
AK8	1	0
ACPP	1	0
GTF2IRD1P1	1	0
AK3	1	0
AK1	1	0
ZNF630	1	0
AK7	1	0
AK5	1	0
NPNT	1	0
HOXA10-HOXA9	1	0
SARS	1	0
SMARCAD1	1	0
FLJ42627	1	0
OR1N2	1	0
WDR83	1	0
ZNF496	1	0
ERG	1	0
HAND1	1	0
ZNF491	1	0
SH2D3C	1	0
PRR15L	1	0
HERPUD2	1	0
LOC401177	1	0
TMEM55A	1	0
MTRNR2L8	0	1
FCGRT	1	0
TRA2B	1	0
ACER2	1	0
SLC24A6	1	0
C4orf40	1	0
SLC24A2	1	0
FBN3	1	0
SLC24A1	1	0
STARD4-AS1	1	0
LOC645212	1	0
RNF126	1	0
BRMS1L	1	0
MEX3D	1	0
APOBEC3F	1	0
MEX3C	1	0
MEX3A	1	0
ENDOD1	1	0
BAAT	1	0
A1CF	1	0
SCN1B	1	0
SCN1A	1	0
C20orf111	1	0
SFTPD	1	0
DEXI	1	0
SFTPB	1	0
KDM1A	1	0
IDI1	1	0
SPTB	1	0
LOC440354	1	0
ZXDB	1	0
SCRT2	1	0
UBXN11	1	0
DNTTIP2	1	0
POTEM	0	1
ANKRD36B	1	0
MTMR8	1	0
MTMR6	1	0
MTMR4	1	0
MTMR3	1	0
MTMR1	1	0
NAAA	1	0
LOC389906	1	0
TSC22D4	1	0
FCHSD1	1	0
KIAA1161	1	0
TRAIP	1	0
UBA52	1	0
ASIP	1	0
MESDC2	1	0
KCNJ2-AS1	1	0
GRASP	1	0
KATNA1	1	0
BCKDK	1	0
EXOSC2	1	0
EXOSC1	1	0
EXOSC7	1	0
ADAMTSL2	1	0
ADAMTSL1	1	0
ADAMTSL5	1	0
TULP3	1	0
TULP1	1	0
TULP4	1	0
NID2	1	0
C6orf147	1	0
TACSTD2	1	0
OR5B2	1	0
MIR5193	1	0
C9orf43	1	0
C9orf47	1	0
PGCP1	1	0
LOC100507501	1	0
OR2A14	1	0
DEPDC1	1	0
DEPDC7	1	0
DEPDC4	1	0
GIMAP4	1	0
EEF1E1	1	0
PSMB10	1	0
SCYL3	1	0
STXBP1	0	1
STXBP2	1	0
STXBP6	1	0
OR4D9	1	0
CYP1B1	1	0
INS-IGF2	1	0
S1PR3	1	0
S1PR1	1	0
TMEM200A	1	0
S1PR5	1	0
S1PR4	1	0
FANCG	1	0
FANCE	1	0
FANCB	1	0
HNRNPAB	1	0
FANCM	1	0
HAS1	0	1
CA5B	1	0
HNRNPA3	1	0
MORC2-AS1	1	0
TAPT1-AS1	1	0
C12orf60	1	0
FRS2	1	0
MC5R	1	0
C12orf65	1	0
LRRFIP2	1	0
LOC84931	1	0
IRS4	1	0
TFIP11	1	0
HOXA7	1	0
CDK1	1	0
CDK2	1	0
HOXA3	1	0
CDK5	1	0
CDK6	1	0
IGLL1	1	0
LPAR3	0	1
LPAR1	1	0
NHEG1	1	0
DNPEP	0	1
FAM86HP	1	0
CEP57	1	0
FAM188B	1	0
LIMS2	1	0
ARMCX1	1	0
OR7C1	0	1
HMGA1P7	0	1
CA4	1	0
RERE	1	0
SUN2	1	0
RGL3	1	0
RGL4	1	0
SUN5	1	0
SPHKAP	1	0
MTX1	1	0
PNMT	1	0
PRKCH	1	0
ATP10B	1	0
LINC00558	1	0
ATP10D	1	0
PRKCG	1	0
PRKCZ	1	0
HIST1H3F	1	0
SGSM2	1	0
KRIT1	1	0
TRABD2B	1	0
SEC11A	1	0
SLC6A20	1	0
SCRIB	1	0
TYMP	1	0
ZNF791	1	0
ZNF793	1	0
MUL1	1	0
ZNF799	1	0
WWP1	1	0
PDZRN4	1	0
TPI1	1	0
ZBBX	1	0
LOC339524	1	0
CYP4F12	1	0
CYP4F11	1	0
PRMT7	1	0
ZNF570	1	0
ZNF572	0	1
ZNF574	1	0
ZNF576	1	0
ZNF578	1	0
FAM25A	1	0
SETDB1	1	0
SETDB2	1	0
LOC100505761	1	0
ATPAF1	1	0
LOC100505835	1	0
CTSB	1	0
KCNAB1	1	0
CTSE	1	0
KCNAB3	1	0
CTSG	1	0
RPL15	1	0
RPL10	1	0
RPL12	1	0
GSTA3	1	0
GPATCH2	1	0
RPL19	1	0
FGFR1	1	0
PCYT1A	1	0
CXCL3	1	0
CXCL5	1	0
CXCL6	1	0
SYK	1	0
INCA1	1	0
SYP	1	0
AMMECR1	1	0
KRTAP23-1	1	0
PRRX2	1	0
CSRP2BP	1	0
EMB	1	0
C4orf3	1	0
FBLN2	0	1
SPRNP1	0	1
LINC00637	0	1
STIL	1	0
AFF4	1	0
AFF2	1	0
PDPN	1	0
PDPR	1	0
ALDH16A1	1	0
THRSP	1	0
KIAA0196	1	0
HMP19	1	0
GCKR	1	0
UBA6	1	0
PDP2	1	0
UBA2	1	0
PWP2	1	0
SFXN5	1	0
PHF20	1	0
UBE2I	1	0
UBE2K	1	0
LINC00200	1	0
LINC00207	1	0
UBE2O	1	0
NAA11	1	0
LINC00208	1	0
SI	1	0
UBE2F	1	0
FTH1P3	1	0
PSMB1	1	0
TOP3A	1	0
UBE2W	1	0
PTGFR	1	0
LIPT2	0	1
RPRML	1	0
ADIRF	1	0
LOC440563	1	0
FLJ34503	1	0
LOC389247	1	0
LOC650368	1	0
PROKR1	1	0
RHBG	1	0
BMP2K	1	0
PDE3B	1	0
GPR158-AS1	1	0
RABEP1	1	0
PENK	1	0
NDUFA6	1	0
NDUFA4	1	0
PIFO	1	0
NDUFA8	1	0
GPR64	1	0
GPR62	1	0
GPR61	1	0
INE2	1	0
C8orf74	1	0
RPLP0P2	1	0
FAM171A2	1	0
FAM171A1	0	1
KIAA1967	1	0
TBL1XR1	1	0
ASMT	1	0
IL4	1	0
CACFD1	1	0
VWA5A	1	0
PAXBP1-AS1	1	0
PLGLB1	1	0
ATP5L2	1	0
DTX1	1	0
UFM1	1	0
BIRC6	1	0
JARID2	1	0
AIP	1	0
EIF6	1	0
OXR1	1	0
GNE	1	0
ANKRD17	1	0
RB1CC1	1	0
ANKRD10	1	0
F8A3	1	0
TMEM31	1	0
TMEM33	1	0
NT5C1A	1	0
NT5C3	0	1
SNORD115-7	1	0
OTOP2	1	0
SNRNP200	1	0
SNORD115-1	1	0
KRTAP4-11	1	0
FAM53B	1	0
FAM53A	1	0
SDS	1	0
ANO10	1	0
ACRC	1	0
GSTCD	1	0
POLR2J2	1	0
SIGLEC12	1	0
AHCY	1	0
PARG	1	0
AOC3	1	0
AOC2	1	0
TIMP2	1	0
PARS2	1	0
PARN	1	0
EPO	1	0
PNLIP	1	0
IL21R-AS1	1	0
PI4K2A	1	0
FAM155A	1	0
CXorf58	1	0
NHLRC4	1	0
CXorf56	1	0
ADGB	1	0
SYCE2	1	0
SUSD2	1	0
MAP3K14-AS1	1	0
SLC26A10	1	0
SLC26A11	1	0
PSORS1C3	1	0
FAM221B	1	0
IP6K2	1	0
GH1	1	0
OTUD6A	1	0
PDXDC1	1	0
TLR2	1	0
TLR3	1	0
DDX6	1	0
TLR6	1	0
PAR1	1	0
MYO15B	1	0
TLR8	1	0
TLR9	1	0
SCN3A	1	0
ZNF215	1	0
ZNF217	0	1
SLC7A8	1	0
NFKBIB	1	0
TRAK1	1	0
SLC7A5	1	0
SLC7A2	1	0
HLA-F	1	0
NFKBID	1	0
PHF21B	1	0
ARID4A	1	0
ARID4B	1	0
PGRMC2	1	0
HAUS8	1	0
PLAC9	1	0
HAUS4	1	0
PRRT3-AS1	1	0
PRSS33	1	0
LOC729732	1	0
NR5A2	1	0
NR5A1	1	0
DLX4	1	0
UBXN6	1	0
DLX1	1	0
DLX3	1	0
HIST1H2BD	1	0
KIAA1107	1	0
KIAA1109	1	0
HIST1H2BK	1	0
TNFAIP8	1	0
VAV3	1	0
TNFAIP2	1	0
ECI1	1	0
IPO8	1	0
IPO4	1	0
NRBP1	1	0
DTX3L	1	0
PAPL	1	0
OR52K2	1	0
DCAF8L1	1	0
LMBR1	1	0
C6orf163	0	1
C6orf164	1	0
SMAD5-AS1	1	0
MGAT5B	1	0
CACTIN-AS1	1	0
ARL17A	1	0
GABPB2	1	0
GABPB1	1	0
SHPK	1	0
PHYHD1	1	0
MARK3	1	0
PAQR4	1	0
PAQR6	1	0
FERMT3	1	0
FERMT1	1	0
FADS3	1	0
CRNKL1	1	0
SIL1	1	0
WWTR1	1	0
SYNGR3	1	0
HCG11	1	0
NXT2	1	0
PRR5L	1	0
DGUOK	1	0
MAK16	1	0
CTDSPL	1	0
PRPH2	1	0
WDR86-AS1	1	0
SAA2-SAA4	1	0
ACAD10	1	0
AWAT1	1	0
C5orf28	1	0
C5orf22	1	0
PLOD3	1	0
C5orf20	1	0
PLOD1	1	0
C5orf24	1	0
RFTN2	1	0
DNASE1	1	0
SYNDIG1L	1	0
ALS2CR8	1	0
USP6NL	1	0
LINC00565	1	0
RAD21	1	0
USP12	1	0
USP10	1	0
USP14	1	0
SSBP3	1	0
BAP1	1	0
CCL11	1	0
INPP1	0	1
MYOM1	0	1
UNC45B	1	0
DUS4L	1	0
FABP5P3	1	0
CRKL	1	0
DAND5	1	0
JPH2	1	0
CXXC11	1	0
UBAC2	0	1
TYK2	1	0
AMZ1	1	0
SUPT5H	1	0
ZCCHC14	1	0
TYW1	1	0
LOC100130370	1	0
FOXN3-AS1	1	0
OR10S1	1	0
SLC9C1	1	0
ARHGEF11	1	0
SLITRK5	1	0
SLITRK3	1	0
ARHGEF17	1	0
ARHGEF19	1	0
PAPPA	1	0
PIK3C2B	1	0
PIK3C2A	1	0
DHX29	1	0
CYP4X1	1	0
SH3GL1P1	1	0
D2HGDH	1	0
CEP76	1	0
RHBDD3	1	0
ZNF778	1	0
KLC2	1	0
CEP78	1	0
ZNF770	1	0
SERF1A	1	0
FBXW10	1	0
USP17L7	1	0
USP17L4	0	1
CCDC142	1	0
GPLD1	1	0
TPK1	1	0
TST	1	0
OR2W5	1	0
CHCHD3	1	0
MYBPH	1	0
CHCHD5	1	0
RFK	1	0
ZNF519	1	0
LOC100505783	1	0
ZNF513	1	0
GDF15	1	0
ZNF511	1	0
ZNF517	1	0
LINC00475	1	0
CYP3A43	1	0
TSPYL1	1	0
SPRTN	1	0
RPH3AL	1	0
SLC39A9	1	0
DLG2	1	0
SLC39A2	1	0
SLC39A4	1	0
SLC39A5	1	0
SLC39A6	1	0
PSCA	1	0
B3GALT5	1	0
MTHFD1L	1	0
VWF	1	0
EPDR1	1	0
MYH11	1	0
MYH13	1	0
MYH14	1	0
MYH16	1	0
REN	1	0
PIK3AP1	1	0
TRIM72	1	0
OXER1	1	0
TP53TG3D	1	0
ZNF28	1	0
SLCO4A1	1	0
OR6K3	1	0
DNM1P35	1	0
PIP5K1P1	1	0
SCAF1	1	0
LEF1	1	0
SCAF8	1	0
LRP4-AS1	1	0
TMEM63C	1	0
KIAA1598	1	0
NTN1	1	0
NTN4	1	0
FITM1	1	0
USP9Y	1	0
RPS10P7	1	0
ATAD2B	1	0
B4GALNT4	1	0
RBM5	1	0
RBM3	1	0
B4GALNT2	1	0
OR51D1	1	0
RPS16P5	1	0
MIR3656	1	0
AP1S2	1	0
LINC00485	1	0
LINC00487	1	0
LINC00483	1	0
CAD	1	0
PGF	0	1
PGD	1	0
ZNF204P	1	0
KAZN	1	0
PDE1C	1	0
PDE1A	1	0
TAS2R14	1	0
LOC284344	1	0
DEFA4	1	0
PGP	1	0
POTEF	1	0
SCIMP	1	0
NUMBL	1	0
C21orf91	1	0
NUP210P1	1	0
DKFZP434A062	1	0
COA4	1	0
COA1	1	0
COA3	1	0
MRS2	1	0
ZNF500	1	0
RPS27A	1	0
NRP2	1	0
DMXL2	1	0
ARSE	1	0
CA9	1	0
ARSG	1	0
ARSA	1	0
ARSB	1	0
C12orf69	1	0
HEXB	1	0
ARSH	1	0
CA6	1	0
ARSJ	1	0
RBMX	1	0
FUT6	1	0
FUT4	1	0
FUT2	1	0
FES	1	0
MAGEA9B	0	1
ZNF705B	0	1
FUT8	1	0
GHR	1	0
GABPB1-AS1	1	0
SF1	1	0
VTCN1	1	0
SNRK-AS1	1	0
MIP	1	0
ZNF705A	1	0
FBLN5	1	0
LOC100132832	1	0
VPS9D1	1	0
NDUFC2-KCTD14	1	0
STRAP	1	0
PXT1	1	0
C1orf86	1	0
RNF208	1	0
C2orf74	1	0
MDH1	1	0
HGC6.3	1	0
SIGLEC16	1	0
SIGLEC14	1	0
CGNL1	1	0
SIGLEC10	1	0
SIGLEC11	1	0
KIFC2	1	0
PAFAH1B3	1	0
MARK2P9	1	0
LOC100131564	1	0
CYLD	1	0
SYNPO2	1	0
ACTB	1	0
DMRT1	1	0
PROS1	1	0
FAM157B	1	0
LOC643441	1	0
NCKAP5L	1	0
PLA2G12A	1	0
PKN1	1	0
ADAL	1	0
SF3A1	1	0
IQCA1	1	0
ZNF184	1	0
ZNF180	1	0
ALYREF	1	0
ZNF25	1	0
ZNF26	1	0
ZNF23	1	0
BLVRB	1	0
GLTPD2	1	0
EPOR	1	0
SEMA5B	1	0
SH3TC2	1	0
SH3TC1	1	0
SNORA9	1	0
HS6ST1	1	0
HS6ST3	1	0
SNORA3	1	0
OR1J2	1	0
SNORA6	1	0
LOC143666	1	0
ZNF236	1	0
ZNF234	1	0
ZNF232	1	0
CNBP	1	0
RNPEP	1	0
ABCG5	1	0
EGFLAM-AS4	1	0
CERCAM	1	0
RANBP9	1	0
RANBP6	1	0
RANBP1	1	0
RANBP2	1	0
TXN2	1	0
AGAP2	1	0
AGAP4	1	0
GXYLT1	1	0
GXYLT2	1	0
TAPT1	1	0
ISPD	1	0
TMEM2	1	0
TAF7L	0	1
CSPP1	1	0
GDPD3	1	0
SLC23A2	1	0
SLAMF8	1	0
SLAMF6	1	0
SLAMF1	1	0
TBCEL	1	0
C17orf98	1	0
OSGEPL1	1	0
C17orf96	1	0
LOH12CR2	1	0
FKRP	1	0
LPHN2	1	0
HDGFRP2	1	0
HDGFRP3	1	0
FGD3	1	0
C6orf106	1	0
YWHAQ	1	0
LOC79015	1	0
YWHAH	1	0
YWHAB	1	0
FCRL2	1	0
FCRL4	1	0
FCRL6	1	0
FCRLA	1	0
CHRM4	1	0
LOC643201	1	0
MGAT1	1	0
MGAT2	1	0
MIR22HG	1	0
SPATA31D3	1	0
PDCD1LG2	1	0
LOC100507547	1	0
VAMP1	1	0
CHST10	1	0
VAMP3	1	0
SLC20A1	1	0
CHST14	1	0
ROCK2	1	0
MMP8	1	0
TGFBI	1	0
MMP2	1	0
CCNT1	1	0
CCNT2	1	0
CREBZF	1	0
CBFA2T2	1	0
IRF2BP1	1	0
C9orf89	1	0
LINC00547	1	0
LINC00548	1	0
VRK1	1	0
VRK3	1	0
WNK2	1	0
LRRC6	1	0
LRRC1	1	0
LRRC3	1	0
TNIP2	1	0
USP39	1	0
USP30	1	0
USP32	0	1
USP34	1	0
SHMT2	1	0
SHMT1	1	0
ZAN	1	0
PLD6	1	0
PLD1	1	0
PLD2	1	0
PLD3	1	0
ENAM	1	0
PPFIBP2	1	0
RUNX2	1	0
APOBEC2	1	0
FRA10AC1	1	0
HHIPL1	1	0
DOCK8	1	0
RRP8	1	0
ZNF75A	1	0
DOCK1	1	0
KIF26A	1	0
KIF26B	1	0
DOCK5	1	0
UHRF1BP1	1	0
ACSBG2	1	0
TNFRSF12A	1	0
SLC9A4	1	0
SLC9A6	1	0
HSPH1	1	0
SUPT7L	0	1
SEC1P	1	0
JUN	1	0
PLEKHB1	1	0
JUP	1	0
GDPD1	1	0
SCNN1B	1	0
PLCB1	1	0
UCK2	1	0
CYP4Z1	1	0
LOC93622	1	0
GDPD5	1	0
ARHGEF38	1	0
LOC339298	1	0
REV1	1	0
GIMAP6	1	0
BST2	1	0
DACT3-AS1	1	0
GIMAP1	1	0
GIMAP2	1	0
SCUBE3	1	0
ESR2	1	0
JMJD7-PLA2G4B	1	0
FGF6	1	0
LOC221122	1	0
RPSAP52	1	0
ZNF750	1	0
CEP19	1	0
MYOM3	1	0
MYOM2	1	0
COX10-AS1	1	0
ITSN2	1	0
SMIM15	1	0
SMIM18	1	0
POLA1	1	0
TBX2	1	0
GLMN	1	0
TBX1	1	0
CTNND2	1	0
TBX5	1	0
BCORL1	1	0
KLRF2	1	0
A2M	1	0
TMEM38A	0	1
TMEM38B	1	0
ZNF532	1	0
LOC100289650	1	0
NAV2	0	1
LOC401010	1	0
TAL1	1	0
LOC100129924	1	0
DBR1	1	0
DNAJC9	1	0
LCE2C	1	0
LCE2A	1	0
LOC100132781	1	0
ATL3	1	0
ATL1	1	0
PRRT2	1	0
RUSC2	1	0
GLYATL2	1	0
RUSC1	1	0
PPIH	1	0
PPIF	1	0
PPID	1	0
PPIB	1	0
CCDC85A	1	0
SLC5A5	1	0
RNMTL1	1	0
SNTB2	1	0
MIR4324	1	0
KIAA0408	1	0
CORO1B	1	0
CORO1A	1	0
RING1	1	0
MOXD1	1	0
PIN4	1	0
SMOX	1	0
FAS	1	0
NPAS4	1	0
PTHLH	1	0
FAU	1	0
THEMIS2	1	0
HNRNPA2B1	1	0
LOC648691	1	0
AP4E1	1	0
LOC100287846	1	0
MIDN	1	0
NCAPH2	1	0
C7orf43	1	0
FAM166A	1	0
PURB	1	0
ATF6B	1	0
GSTA7P	1	0
HECTD2	0	1
OAF	1	0
NOP56	1	0
HELZ2	1	0
MAN2B1	1	0
CCS	1	0
CCDC28B	1	0
OAT	1	0
C7orf49	1	0
FAM193A	1	0
FLII	1	0
KLHL29	1	0
LRRC37B	1	0
COG8	1	0
NUF2	1	0
COG2	1	0
CHTOP	1	0
COG7	1	0
COG6	1	0
COG5	1	0
COG4	1	0
LITAF	1	0
TIMM10B	1	0
ANKUB1	1	0
GPR20	1	0
GPR21	1	0
C12orf44	1	0
GPR25	1	0
NFAT5	1	0
KCNMB4	1	0
GSK3A	1	0
GSK3B	1	0
MSTO1	1	0
UBB	1	0
LOC100507489	1	0
ANKRD52	1	0
PATE4	1	0
ANKRD54	1	0
POC5	1	0
AKR1A1	1	0
HEG1	1	0
PLXNB2	1	0
KBTBD6	1	0
KBTBD3	1	0
AMN	1	0
GUCY1A3	1	0
PCBP2	1	0
NR4A3	1	0
RNF222	0	1
RNF224	0	1
SNX25	1	0
C1QL1	1	0
NR4A1	1	0
RASL11B	1	0
LOC728377	1	0
PAK1IP1	1	0
MOGS	1	0
FSD1	1	0
HOPX	1	0
RBM26	1	0
RBM24	1	0
RBM23	1	0
HECW2	1	0
POU6F2-AS1	1	0
TRHDE-AS1	1	0
EPHA8	1	0
MIR1250	1	0
EPHA1	1	0
RASD2	1	0
KLHDC3	1	0
PBOV1	1	0
TRMT6	1	0
FGF18	1	0
TRMT1	1	0
FGF12	1	0
FGF17	1	0
FGF14	1	0
CHST11	1	0
ZGLP1	1	0
LOC100505622	1	0
FAM225A	1	0
VAMP2	1	0
RNF150	1	0
SEMA3A	1	0
SEMA3B	1	0
SEMA3D	1	0
SEMA3F	1	0
ARHGAP11B	1	0
SLC25A31	1	0
MIR125A	1	0
DESI2	1	0
DESI1	1	0
ZNF250	1	0
ARL2	1	0
ZNF257	1	0
MTERF	1	0
RRM2	1	0
PSENEN	1	0
ZC3H12C	1	0
DERA	1	0
FAM35BP	1	0
TSR2	1	0
TG	1	0
UBAC2-AS1	1	0
KCNJ12	0	1
ZNF80	1	0
KCNJ15	1	0
MLXIPL	1	0
KCNJ18	1	0
TMX4	1	0
TMX1	1	0
TMX2	1	0
NAGK	1	0
DAZAP2	1	0
CYP4A11	1	0
LOC100507173	1	0
C1QTNF3	1	0
C1QTNF1	1	0
C1QTNF4	1	0
CREB3L2	1	0
CREB3L1	1	0
LOC440910	1	0
THBS4	1	0
PGAP1	1	0
PGAP3	1	0
C17orf77	1	0
AGPHD1	1	0
PPAPDC2	1	0
MFAP5	1	0
OR2L5	1	0
SRSF11	1	0
MFAP2	1	0
MFAP1	1	0
CD180	1	0
OR2L8	1	0
SLMAP	1	0
CDC42SE2	1	0
CDC42SE1	1	0
ANKRD22	1	0
HEBP1	1	0
HEBP2	1	0
HBS1L	1	0
IL2RB	1	0
NDUFB2	0	1
IWS1	1	0
APRT	1	0
FDPSL2A	1	0
GYPA	1	0
C19orf52	1	0
RAX2	1	0
C19orf57	1	0
HNRPDL	1	0
LECT1	1	0
TAS2R9	1	0
ATF7IP2	1	0
C11orf48	1	0
PRR11	1	0
PRR14	1	0
C11orf40	1	0
C11orf42	1	0
C11orf44	1	0
TNFSF12	1	0
CLPSL2	1	0
MAPT-IT1	1	0
PUM2	1	0
PUM1	1	0
SFXN3	0	1
SFXN1	1	0
SPAG17	1	0
CRYBA4	1	0
IFNL3	1	0
IFNL4	1	0
RWDD2B	1	0
CCT3	1	0
CCT7	1	0
CCT5	1	0
C3orf45	1	0
TIMM13	1	0
LINC00521	1	0
ARL13A	1	0
TICRR	1	0
TRPV2	1	0
AKTIP	1	0
BMS1P1	1	0
LOC145820	1	0
RIMKLA	1	0
CDK5RAP1	1	0
LOC100130557	1	0
ZC3H6	1	0
CYP2J2	1	0
LOC100335030	1	0
UHMK1	1	0
SLC4A5	1	0
SLC4A7	1	0
SLC4A1	1	0
TNFRSF10D	1	0
CLCA2	1	0
DCTN3	1	0
SLC4A9	1	0
DCTN4	1	0
KCMF1	1	0
ASPA	1	0
LOC100130331	1	0
ASPH	1	0
SLC35F4	1	0
TTC28-AS1	1	0
CCDC144C	1	0
ZC3HAV1	1	0
BROX	1	0
FAM96A	1	0
PLCL1	1	0
FAM86B1	1	0
TAF4	1	0
MXRA7	1	0
RNF25	1	0
RNF26	1	0
FOSL2	1	0
ZNF736	1	0
ZNF735	1	0
LOC100499405	1	0
ZNF738	1	0
SSTR1	1	0
SSTR2	1	0
SSTR4	1	0
RADIL	1	0
KLRD1	1	0
ANKRD44	1	0
G6PC	1	0
OR2S2	1	0
CTNNB1	1	0
MOB1A	1	0
SEC14L1	1	0
MYOG	1	0
MYOF	1	0
TMEM41A	1	0
TMEM41B	1	0
LRRC4	1	0
NHS	0	1
CNOT2	1	0
CNOT1	1	0
APOL4	1	0
CNOT6	1	0
CNOT4	1	0
NOS1	1	0
ITGB2	1	0
ITGB4	1	0
ITGB6	1	0
YARS2	1	0
ATN1	1	0
KRT19P2	1	0
LCP2	1	0
LCP1	1	0
FAM92A1P2	1	0
NEO1	1	0
PMPCA	1	0
H3F3AP4	1	0
NLGN4Y-AS1	1	0
FAM90A7P	1	0
RPP14	1	0
AICDA	1	0
LARS2-AS1	1	0
MIR4696	1	0
CDK17	1	0
RASAL1	1	0
GCM2	1	0
EGF	1	0
LBP	1	0
SMAGP	1	0
ATP5J2-PTCD1	1	0
SLC12A4	1	0
SLC12A6	1	0
SLC12A3	1	0
LBH	1	0
SLC12A9	1	0
RAX	1	0
IMP3	1	0
MRVI1	1	0
EXT1	1	0
POU5F1P3	1	0
ACIN1	1	0
ATP1B2	1	0
LOC145845	1	0
XYLT1	1	0
SERF2-C15ORF63	1	0
ZAK	1	0
LHPP	1	0
TSEN15	1	0
ALDH5A1	1	0
LEPROTL1	1	0
TCTA	1	0
SNX3	1	0
SNX1	1	0
SNX6	1	0
SNX4	1	0
SNX8	1	0
CCDC127	1	0
CCDC125	0	1
CCDC124	1	0
SLC11A2	1	0
CCDC121	1	0
CCDC120	1	0
KHSRP	1	0
SNHG7	1	0
CCDC129	1	0
ITPKA	1	0
ITPKB	1	0
MGEA5	1	0
PHKG2	1	0
PKM	1	0
ORAI3	1	0
ORAI1	1	0
GUCY1B2	1	0
LOC440028	1	0
TSIX	1	0
UHRF1BP1L	1	0
C12orf23	1	0
ERVK13-1	1	0
COMTD1	1	0
MAOA	1	0
DTYMK	0	1
NEIL3	1	0
BAIAP2L2	1	0
MSTO2P	1	0
C21orf2	1	0
CHAD	1	0
PCCA-AS1	1	0
AHI1	1	0
DIEXF	1	0
PGAM2	1	0
FABP3	1	0
LOC402160	1	0
PGAM1	1	0
MESP1	1	0
MXD3	1	0
MXD1	1	0
FKSG29	1	0
SPDYA	1	0
SPDYC	1	0
C1QBP	1	0
DOCK2	1	0
DOCK3	1	0
DNMBP	1	0
ASL	1	0
MRVI1-AS1	1	0
ATP6V0C	1	0
GKN1	1	0
DOCK7	1	0
COL5A3	1	0
COL5A1	1	0
LAMP2	1	0
EP300	1	0
LOC388692	1	0
NPY5R	1	0
LOC100129175	1	0
SMEK1	1	0
NEU4	1	0
NPFF	1	0
NEU1	1	0
NEU3	1	0
UVSSA	1	0
UQCR11	0	1
ARMS2	1	0
CXorf38	1	0
FN3KRP	1	0
VSTM5	1	0
OPRL1	1	0
MIR377	1	0
RAD54B	1	0
MIR373	1	0
RAD54L	1	0
PRR3	1	0
PRR5	1	0
PRR7	1	0
DVL2	1	0
KDM4B	1	0
MED13	1	0
MED15	1	0
KDM4E	1	0
ABCB4	1	0
MED19	1	0
ABCB8	1	0
MTBP	1	0
CAPZA1	1	0
ZNF69	1	0
MTFR1L	1	0
LOC283922	1	0
BAI3	1	0
TREML1	1	0
TLX1	1	0
TLX3	1	0
ADH1B	1	0
MUSK	1	0
C6orf25	1	0
FLJ37201	1	0
MLEC	0	1
C21orf33	1	0
IST1	1	0
SLC30A9	1	0
LOC645434	1	0
SLC30A4	1	0
SLC30A6	1	0
SLC30A3	1	0
SLC30A2	1	0
EIF5AL1	1	0
EML2	1	0
EML3	1	0
GADD45B	1	0
EML6	1	0
EML4	1	0
ZYG11B	1	0
TAGLN2	1	0
TAGLN3	1	0
GJD3	1	0
GJD2	1	0
ADM2	1	0
HLA-DPB1	1	0
CETP	1	0
NAIP	1	0
NUPL1	1	0
MIPOL1	1	0
GMPR	1	0
CNN1	1	0
CNN3	1	0
DHODH	1	0
SYNC	1	0
ZNF277	1	0
ZNF275	1	0
CHAC1	1	0
SNTA1	1	0
CDH8	1	0
PLGRKT	1	0
ARHGEF35	1	0
EXOC3L2	1	0
NOP16	1	0
CTXN1	1	0
ARHGEF33	1	0
LINC00261	1	0
TMEM175	1	0
MAML2	1	0
MAML1	1	0
FLJ20518	1	0
TRPM4	1	0
TRPM6	1	0
TRPM1	1	0
TRPM3	1	0
METRN	1	0
TUBB3	1	0
FAN1	1	0
FAM35DP	1	0
EPN3	1	0
C19orf71	1	0
C19orf73	1	0
PARP3	1	0
LOC147093	1	0
B3GNT1	0	1
PEX5L	1	0
TIPARP-AS1	1	0
ERCC1	1	0
C17orf58	1	0
C11orf68	1	0
LOC100507066	1	0
C17orf51	1	0
C11orf65	0	1
TFDP2	1	0
SLX1B	1	0
LCLAT1	1	0
B3GNT9	1	0
OLFM2	1	0
CCR2	1	0
CCR4	1	0
CCR6	1	0
CCR9	0	1
LOC151171	1	0
BCAS3	1	0
BCAS1	1	0
DRAM2	0	1
CD81	1	0
CD82	1	0
CD84	1	0
ABCC6P1	1	0
BEAN1	1	0
TM4SF4	1	0
SLC8A2	1	0
ZBED1	1	0
ZBED4	1	0
ZBED6	1	0
EFNA3	1	0
LOC730159	1	0
LOC644961	1	0
MIR581	1	0
CD8B	1	0
LRP2	1	0
LOC100130539	1	0
LRP6	1	0
LRP4	1	0
GALNT11	1	0
RPL34-AS1	1	0
LRP8	1	0
HLA-DOA	1	0
CALR3	1	0
HARS2	1	0
IYD	1	0
STIM2	1	0
ANTXR2	1	0
KIRREL	0	1
S100P	1	0
C8A	1	0
MAP7	1	0
CRIPAK	1	0
C8G	1	0
UCN2	0	1
TEAD2	1	0
CAMLG	1	0
C1orf186	1	0
PTPN22	1	0
FAM180B	1	0
PLEKHF1	1	0
BRI3	1	0
MRPL18	1	0
PPL	1	0
APEX2	1	0
PPY	1	0
SPOCD1	1	0
TMEM220-AS1	1	0
ESRRG	1	0
CLDN22	1	0
SPATA5L1	1	0
CLDN24	1	0
RPL29P2	1	0
CRYM-AS1	1	0
THAP7-AS1	1	0
ZNF714	1	0
ZNF710	1	0
ZNF711	1	0
ZNF860	1	0
YY1AP1	1	0
MAPT	1	0
FLJ45513	1	0
HLA-DQA1	0	1
ZNF512B	1	0
ASB11	1	0
FAM160A2	1	0
KLRB1	1	0
LRPPRC	1	0
SMIM12	1	0
LOC100506082	1	0
RPP38	1	0
DHCR7	1	0
MIR1193	1	0
AFG3L2	1	0
FIGLA	1	0
THPO	1	0
LOC401052	1	0
AVIL	1	0
TCHHL1	1	0
ZFP1	1	0
ZFP2	1	0
NSMF	1	0
KIAA0825	1	0
ANKMY2	1	0
PTBP3	1	0
PTBP1	1	0
NNT	1	0
FAM19A4	1	0
FAM19A3	1	0
LOC100129961	1	0
HK2	1	0
HK1	1	0
LOC285547	1	0
ATP2B1	1	0
LOC285548	1	0
ATP2B4	1	0
CACNA2D4	1	0
FDPS	1	0
MOB3C	0	1
MSRA	1	0
CYP27C1	1	0
PABPC1	1	0
LOC653786	1	0
DQX1	1	0
MAPKAPK5	1	0
MAPKAPK2	1	0
PDHX	1	0
GOLPH3	1	0
SAMD5	1	0
PIK3R5	1	0
PIK3R4	1	0
PIK3R3	1	0
PIK3R1	1	0
PDHB	1	0
SAMD9	1	0
PDIA4	1	0
LOC285819	1	0
PRICKLE2-AS1	1	0
HACE1	1	0
DENND5B	1	0
HEXIM2	1	0
PTCRA	1	0
LOC284632	1	0
LRRC18	1	0
LRRC17	1	0
AQP7P1	1	0
LRRC15	1	0
SLC51B	1	0
C14orf101	1	0
FAM111B	1	0
TOMM40L	1	0
POF1B	1	0
OR7E91P	1	0
RBKS	1	0
HEPH	1	0
NCAM1	1	0
CCDC101	1	0
CCDC103	1	0
OR6Q1	1	0
CCDC107	1	0
GUF1	1	0
OBP2B	1	0
HIATL2	1	0
CGB	1	0
POLD2	1	0
POLD4	1	0
LOC283214	1	0
PML	1	0
REEP2	1	0
ARMCX3	1	0
BBS9	1	0
TSKU	1	0
TSKS	1	0
ARL6IP6	1	0
ARL6IP4	1	0
CHRNA4	1	0
CHRNA6	1	0
CHRNA1	1	0
CHRNA3	1	0
CHRNA9	1	0
MAPK8IP3	1	0
CEP152	1	0
ID3	1	0
WDR11-AS1	1	0
LOC644554	0	1
SNORA5B	0	1
HP1BP3	1	0
CHGB	1	0
CD164	1	0
MSN	1	0
LEPREL2	0	1
FOPNL	1	0
LOC100268168	1	0
OPLAH	1	0
SEC31A	1	0
ANKRD6	1	0
ANKRD2	1	0
TSGA10	1	0
GLI2	1	0
GLI1	1	0
GLI4	1	0
MPPE1	1	0
PDGFA	1	0
HNRNPA1L2	1	0
ORC3	1	0
ORC1	1	0
RCC2	1	0
SPATA6	1	0
CWH43	1	0
SIGLEC8	1	0
C2orf43	1	0
TCP11L1	1	0
FOLR4	1	0
DNM1L	1	0
LINC00312	0	1
METTL11B	1	0
DUOXA1	1	0
C3orf80	1	0
NCBP1	1	0
B2M	1	0
SQLE	1	0
TM4SF19-TCTEX1D2	1	0
PABPN1L	1	0
PTPLB	1	0
SPTLC2	1	0
KDM2A	1	0
KDM2B	1	0
ABCD4	1	0
OSGEP	1	0
LOC100505666	1	0
C2CD5	1	0
LOC100131496	1	0
PRKAG2-AS1	1	0
TRAPPC9	1	0
PI3	1	0
TRAPPC1	1	0
LCE2D	1	0
SIM1	1	0
HNRNPUL2-BSCL2	1	0
ATPIF1	1	0
DGAT1	0	1
MTCP1	1	0
MIR5090	1	0
SOBP	1	0
PSMG1	1	0
PSMG3	1	0
RRN3P2	1	0
LINC00202-1	1	0
PABPC1P2	1	0
CNTFR	1	0
FHDC1	1	0
TACR1	1	0
KCNH4	1	0
KCNH6	1	0
KCNH3	1	0
KCNH8	1	0
PRNT	1	0
SERBP1	1	0
ZNF296	1	0
C9orf114	1	0
GPR183	1	0
LIN37	1	0
41343	1	0
LOC100129250	1	0
NDUFAF6	1	0
NDUFAF3	1	0
MIR4717	1	0
DLX6-AS1	1	0
GDAP1	1	0
FAHD1	1	0
AP3D1	1	0
TUG1	1	0
ILDR1	1	0
ZSWIM3	1	0
SULT1A3	1	0
BARX2	1	0
BARX1	1	0
SH2B2	1	0
PRKAR1A	1	0
CHTF18	1	0
SH2B1	1	0
SAR1B	1	0
OLIG2	1	0
OLIG1	1	0
NIPSNAP1	1	0
FAM156B	1	0
TTTY5	1	0
MIR19B2	1	0
CLPTM1	1	0
CDC45	1	0
CDC40	1	0
LOC284581	1	0
LOC100289019	1	0
RBBP5	1	0
PGLYRP2	1	0
PDDC1	1	0
BIN2	1	0
RGS22	1	0
RGS20	1	0
DPYD	1	0
PIPSL	1	0
DPYS	1	0
CDCA3	1	0
YLPM1	1	0
CDCA7	1	0
CDCA5	1	0
TIMM50	1	0
MID1	1	0
STEAP1B	1	0
RSF1	1	0
SRRD	0	1
SASH3	1	0
SASH1	1	0
TCL1A	1	0
LOC100294362	1	0
CYB5B	1	0
MAPT-AS1	1	0
DPPA2P3	1	0
ALKBH1	1	0
IGDCC4	1	0
SYTL1	1	0
SYTL2	1	0
SPRED1	1	0
SPRED3	1	0
BRK1	1	0
OR10K2	1	0
POU3F2	1	0
LOC100272217	1	0
ASTL	1	0
MTMR9LP	1	0
CEP85	1	0
PLEKHH3	1	0
PLEKHH1	1	0
ESRP2	1	0
RELB	1	0
MEG8	1	0
ZMPSTE24	1	0
CRISPLD1	1	0
MRPL32	1	0
MRPL30	1	0
CLEC17A	1	0
PTH2R	1	0
MRPL38	1	0
CYYR1	1	0
ESX1	1	0
FAM69A	1	0
KLK3	1	0
KLK5	1	0
DMRTC2	1	0
KLK7	1	0
KLK9	1	0
THOC7	1	0
THOC5	1	0
HTT-AS1	1	0
LOC100507472	1	0
ZNF844	1	0
RHBDL3	1	0
ZNF846	1	0
LOC388553	1	0
HSD3B2	1	0
LOC100129034	1	0
MAVS	1	0
MIR612	1	0
NUP88	1	0
FOXP3	1	0
FOXP1	1	0
MSL1	1	0
IL10RB	1	0
COPS2	1	0
SAA4	1	0
TBR1	1	0
COPS5	1	0
YTHDF2	1	0
ZNF596	1	0
MDGA1	1	0
ZNF594	1	0
KRTAP9-2	1	0
ZNF598	1	0
PARPBP	1	0
DUX4L	1	0
PLCH2	1	0
FLJ14186	1	0
PLCH1	1	0
VEZF1	1	0
FDFT1	1	0
FAM135B	1	0
IGF2	1	0
NUDT2	1	0
NUDT4	0	1
NUDT6	1	0
PVR	1	0
PHLDB1	1	0
PHLDB2	1	0
PHLDB3	1	0
LRRC37A11P	1	0
ELK4	1	0
OPN1MW2	0	1
MEF2C	1	0
MEF2B	1	0
DDRGK1	1	0
FBXL20	1	0
FBXL22	1	0
ZNF337	1	0
ZNF335	1	0
FAM168B	1	0
ZNF333	1	0
ZNF331	1	0
RPLP2	1	0
TP53BP2	1	0
TEX10	1	0
CSMD2	1	0
CSMD1	1	0
MALAT1	1	0
LRRC3C	1	0
ECD	1	0
GPATCH11	1	0
CIB2	1	0
PRIMA1	1	0
FLJ37035	1	0
TRIL	1	0
TRIO	1	0
LETMD1	1	0
MTMR12	1	0
MTMR10	1	0
CELSR3	1	0
CELSR1	1	0
PTCHD3	1	0
PTCHD2	1	0
BBX	1	0
NEK6	1	0
LOC100133091	1	0
GTF3C3	1	0
DOT1L	1	0
LRRC32	1	0
LRRC34	1	0
LY6G5B	1	0
LINC-ROR	1	0
ZNF33A	1	0
FAM117B	1	0
MAD2L2	1	0
SVIL	1	0
TCEB3	1	0
TCEB1	1	0
CEBPZ	1	0
C20orf197	1	0
C20orf196	1	0
SLC26A4-AS1	1	0
CLCNKA	1	0
CLCNKB	1	0
CCDC169	1	0
VPREB1	1	0
KRTAP6-3	1	0
CCDC164	1	0
ST3GAL2	1	0
ALDH1L1-AS1	1	0
LOC100652999	1	0
ST3GAL4	1	0
GALNS	1	0
SNORA74A	1	0
TJAP1	1	0
CYP7B1	1	0
SLC16A1	1	0
SLC16A3	1	0
SLC16A5	1	0
SLC16A7	1	0
ARHGAP30	1	0
ARHGAP32	1	0
BCKDHB	1	0
ARHGAP36	1	0
ARHGAP39	1	0
CMKLR1	1	0
MON1A	1	0
MON1B	1	0
LYVE1	1	0
SH3RF3-AS1	1	0
MOXD2P	1	0
UQCRQ	1	0
PIBF1	1	0
UQCRB	1	0
JMJD1C	1	0
GPS1	1	0
CACNA1B	1	0
CACNA1D	1	0
CACNA1F	1	0
SYCP3	1	0
TMEM178A	1	0
BMP8A	1	0
CNOT6L	1	0
LOC100131257	1	0
COIL	1	0
SLC15A4	1	0
LIME1	1	0
RBM41	1	0
RBM43	1	0
RBM47	1	0
NPY1R	1	0
PQBP1	1	0
TTC14	1	0
TTC16	0	1
LINC00339	1	0
LINC00338	1	0
LINC00336	1	0
TTC19	1	0
LINC00332	1	0
LINC00330	1	0
SLBP	1	0
LOC144742	1	0
C4orf26	1	0
SLC31A2	1	0
ZFP90	1	0
RICTOR	1	0
PPM1G	1	0
PPM1F	1	0
THEM5	1	0
ABCF3	1	0
PPM1B	1	0
ABCF1	1	0
C4BPA	1	0
EGR1	0	1
EGR4	1	0
LOC100130705	1	0
PJA2	1	0
CHEK1	1	0
SIKE1	1	0
PAX4	1	0
PAX6	1	0
KPRP	1	0
PTPN3	1	0
PTPN2	1	0
GCFC2	1	0
PCDHA13	1	0
PTPN6	1	0
PTPN4	1	0
GINS3	1	0
PROK1	1	0
GINS4	1	0
DDR2	1	0
PLD4	1	0
GRK6	1	0
LRCH1	1	0
LRCH2	1	0
MBD3L1	1	0
MBD3L5	1	0
PTDSS1	1	0
AGBL5	1	0
AGBL4	1	0
AGBL2	1	0
ARRB2	1	0
CYP2S1	1	0
ADPRM	1	0
CNTD2	1	0
ZEB1	1	0
PSMA2	1	0
GTF2A1L	1	0
SLC7A6OS	1	0
PSMA5	1	0
C3	1	0
C2	1	0
ZNF107	1	0
LOC401397	1	0
ZNF100	1	0
CEMP1	1	0
KIF16B	1	0
FBXO46	1	0
FBXO40	1	0
FBXO42	1	0
TNK1	1	0
DCDC2B	1	0
SH3BP5L	1	0
LMO7	1	0
FLJ41649	1	0
CP	1	0
RMND5A	1	0
KCNJ3	1	0
SNORD17	1	0
KCNJ6	1	0
SFRP5	1	0
KCNJ9	1	0
KCNJ8	1	0
C9orf131	1	0
AGPAT6	0	1
AGPAT5	1	0
C9orf135	1	0
AGPAT1	1	0
KIAA1217	1	0
KIAA1211	1	0
LOC729683	1	0
PEX19	1	0
TMEM156	1	0
FOXO4	1	0
PEX10	1	0
PEX12	1	0
PEX14	1	0
ANGEL1	1	0
AP3B1	1	0
MANBAL	1	0
FRAT2	1	0
SPAG6	0	1
FLJ23867	1	0
PRRC2A	1	0
ELK2AP	1	0
ANXA8L2	1	0
LOC201651	1	0
PGA4	1	0
FAM154A	1	0
PPP1CC	1	0
PPP1CA	1	0
MPPED1	1	0
C11orf21	1	0
C11orf24	1	0
WBP2	1	0
WBP1	1	0
COL6A2	1	0
RFXANK	1	0
WBP4	1	0
KLK12	1	0
KLK10	1	0
KLK15	1	0
FAM71D	1	0
C12orf42	1	0
HIF1AN	1	0
SLC34A1	1	0
SLC34A2	1	0
PPP1R16A	1	0
FXYD6-FXYD2	1	0
BLNK	1	0
ATP1A1OS	1	0
STRN	1	0
MIR3177	1	0
UBR3	1	0
UBR1	1	0
HSDL1	1	0
UBR4	1	0
CALN1	1	0
SOCS1	1	0
TMA16	1	0
PPP2CA	1	0
CCNY	1	0
SPG20OS	1	0
ATP6V1G2-DDX39B	1	0
CCNC	1	0
VPS72	1	0
PCM1	1	0
TBRG4	1	0
NCKAP5	1	0
NCKAP1	1	0
LRRK1	1	0
SRCRB4D	1	0
ABHD10	1	0
ABHD12	1	0
TGFB1I1	1	0
FAM108A1	1	0
MRPL11	1	0
MRPL14	1	0
MRPL16	1	0
ARPC3	1	0
ARPC2	1	0
CDC25A	1	0
RNF43	0	1
RNF40	1	0
TMPRSS13	1	0
ZNF821	1	0
SNORA77	1	0
ITPR3	1	0
ZNF829	1	0
AMPH	1	0
DEPTOR	1	0
LRIG1	1	0
ANKRD20A3	1	0
SNCG	1	0
CES2	1	0
CASKIN2	1	0
RNF128	1	0
EBF3	1	0
IL17RD	1	0
IL17RC	1	0
IL17RB	1	0
ANKRD53	1	0
MIR103A1	1	0
MIR103A2	1	0
TMEM110-MUSTN1	1	0
FAM217A	1	0
SOX9	1	0
NCOR1	1	0
AVEN	1	0
REPS1	1	0
REPS2	1	0
GPN1	1	0
NFKB1	1	0
TMEM30C	1	0
TMEM30B	1	0
RAP2B	1	0
RAB40AL	0	1
SIAH2	1	0
NSA2	1	0
TMPO-AS1	1	0
CLPTM1L	1	0
PHLPP2	1	0
PHLPP1	1	0
NUP210L	1	0
DAPP1	1	0
PIAS2	1	0
PIAS1	1	0
PIAS4	1	0
HIVEP2	1	0
HIVEP3	1	0
FAM115C	1	0
FAM115A	1	0
EOGT	1	0
ZNF318	1	0
TEX37	1	0
OVOL2	1	0
P2RX1	1	0
P2RX4	1	0
P2RX6	1	0
HADHA	0	1
RPS19BP1	1	0
STPG1	1	0
NPRL2	1	0
DKFZP434H168	1	0
RMDN2	1	0
TWISTNB	1	0
DKFZP434I0714	1	0
AMH	1	0
OTOGL	1	0
ALS2	1	0
LRRC56	1	0
LRRC55	1	0
DENND1B	1	0
LRRC59	1	0
NSUN5P2	1	0
NSUN5P1	1	0
SDHC	1	0
SHARPIN	1	0
ZCCHC13	1	0
ZCCHC11	1	0
ZCCHC17	1	0
FLVCR2	1	0
AP1M1	1	0
CDRT4	1	0
CCDC146	1	0
CDRT1	1	0
ANKS4B	1	0
CCDC148	1	0
SMG5	1	0
SMG6	1	0
SAMD12	1	0
SAMD13	1	0
TKTL1	1	0
TSG1	1	0
SYS1	1	0
PCBP4	1	0
FAM114A1	1	0
TEX33	1	0
FAM114A2	0	1
PCDH11X	1	0
IGF1R	1	0
IFNK	1	0
IFNG	1	0
IFNE	1	0
SLC45A1	1	0
SLC45A2	1	0
MTUS1	1	0
OSBPL9	1	0
IFRD2	1	0
OSBPL2	1	0
ALS2CL	1	0
R3HCC1L	1	0
STUB1	1	0
TUBB4B	1	0
ARHGAP17	1	0
STARD9	1	0
ARHGAP10	1	0
STARD3	1	0
STARD6	1	0
ARHGAP18	1	0
IL7R	1	0
PTRHD1	1	0
LOC100132891	1	0
FGL1	1	0
DCHS2	1	0
GPR137C	1	0
FZD10	1	0
CHKA	1	0
BMS1	1	0
BCDIN3D	1	0
MRI1	1	0
MAPK1IP1L	1	0
DST	1	0
DSP	1	0
HID1	1	0
DCDC5	1	0
DCDC2	1	0
MIR608	1	0
PDAP1	1	0
GSTO1	1	0
ERMP1	1	0
TTC33	1	0
TTC31	1	0
TTC36	1	0
TTC34	1	0
CNGB3	1	0
LOC643355	1	0
SLC22A23	0	1
ZNF658B	1	0
SLC22A20	1	0
DDTL	1	0
SLC22A25	1	0
SLC22A24	1	0
LOC100130231	0	1
LOC100130238	1	0
SETX	1	0
PLA2G3	1	0
FAM57B	1	0
ZNF83	1	0
SATB2-AS1	1	0
ZNF85	1	0
SS18	1	0
LOC100131234	1	0
FRMPD1	1	0
FRMPD2	1	0
AADACL4	1	0
PDE10A	1	0
AADACL2	1	0
GEMIN8	1	0
SCARF1	1	0
GEMIN2	1	0
LMO2	1	0
GEMIN7	1	0
GEMIN4	1	0
GEMIN5	1	0
BPIFC	1	0
C4orf46	1	0
TRPC4AP	1	0
KRBA1	1	0
KRBA2	1	0
LARP1B	1	0
LOC100130894	1	0
MCRS1	1	0
KRT16P1	1	0
MAZ	1	0
C15orf57	1	0
C15orf56	1	0
AFAP1	1	0
C15orf53	1	0
CCDC73	1	0
ZNF121	1	0
GJB1	1	0
GJB2	1	0
GJB6	1	0
VWCE	1	0
PSMC2	1	0
PSMC4	1	0
PSMC6	1	0
ARFIP1	1	0
FOLR2	1	0
KIF18B	1	0
TRIP11	1	0
TLR8-AS1	1	0
IFT172	1	0
LOC646762	1	0
SNORD33	1	0
SNORD30	1	0
NCLN	1	0
C9orf156	1	0
KIAA1239	1	0
APITD1-CORT	1	0
DNAL1	1	0
TGM1	1	0
GRHPR	1	0
LIN7B	1	0
IMMP2L	1	0
TGM7	1	0
OR2D2	1	0
HNRPLL	1	0
FOXI1	1	0
FOXI2	1	0
TMEM173	1	0
CLSTN3	1	0
EIF3J	1	0
EIF3L	1	0
EIF3A	1	0
EIF3C	1	0
ALMS1P	1	0
FGFBP3	1	0
FGFBP2	1	0
ARMC10	1	0
ARMC12	1	0
NOL11	1	0
CLDN18	1	0
ELSPBP1	1	0
CDKN2B	1	0
CDKN2C	1	0
CDKN2A	1	0
INPP5A	0	1
INPP5B	1	0
EDEM2	1	0
EDEM3	1	0
LOC100506585	1	0
UBTD2	1	0
UBTD1	1	0
CCL2	0	1
NFATC2	1	0
CCL1	1	0
NFATC4	1	0
TNFAIP8L1	1	0
DHRS7C	1	0
TAS2R20	1	0
LOC100289509	1	0
MIR7-3HG	1	0
CSDAP1	1	0
TBC1D3P1-DHX40P1	1	0
AP2B1	1	0
GTF2E1	1	0
LOC100294145	1	0
LINC00092	1	0
RRBP1	1	0
PPP1R14B	1	0
OR2AG2	0	1
OR2AG1	1	0
UBP1	1	0
TCTE1	1	0
PID1	1	0
RALY	1	0
DNTT	1	0
PCDH12	1	0
PCDH15	1	0
ALKBH7	1	0
ALKBH4	1	0
ALKBH5	1	0
ALKBH3	1	0
VPS54	1	0
ISX	1	0
C8orf58	1	0
BRE-AS1	1	0
CDKN2B-AS1	1	0
OR10G8	1	0
DBF4B	1	0
LOC284933	1	0
DNAJB8	1	0
DNAJB1	1	0
CLSPN	1	0
DNAJB7	1	0
DNAJB5	1	0
AMDHD1	1	0
TRMT5	1	0
DIDO1	1	0
KISS1	1	0
FRK	1	0
KDM6B	0	1
ZNF808	1	0
THAP4	0	1
EPB41	1	0
FAM65B	1	0
GRIK2	1	0
GRIK4	1	0
UGDH-AS1	1	0
RNF148	1	0
SGSH	1	0
DSCAM-AS1	1	0
GLRA1	1	0
RNF146	1	0
SYNRG	1	0
MSH3	1	0
MSH5	1	0
MYOCD	1	0
FAM219A	1	0
ASMTL-AS1	1	0
CCDC71L	1	0
XPR1	1	0
PACSIN3	1	0
GREM1	1	0
INTU	1	0
PADI3	1	0
LOC100128675	1	0
PM20D1	1	0
LATS1	1	0
ALPPL2	1	0
GPIHBP1	1	0
SMA4	1	0
NRIP1	1	0
NRIP3	1	0
LOC148145	1	0
GSTP1	1	0
GPR133	1	0
ATP6V1C2	1	0
LOC389641	1	0
CDKN2AIP	1	0
PIDD	1	0
CHSY1	1	0
SF3A2	1	0
OCIAD2	0	1
OCIAD1	1	0
PPP1R3B	1	0
TMEM191C	1	0
AHCTF1	1	0
NSG1	1	0
LUC7L3	1	0
FAM131A	1	0
FAM131C	1	0
TBXAS1	1	0
SH3GLB1	1	0
KIAA1551	1	0
BTN2A3P	1	0
PPP1R36	1	0
GLB1L3	1	0
CHERP	1	0
MCMDC2	1	0
EHHADH	1	0
NME4	1	0
NME5	1	0
NME6	1	0
PNPLA8	1	0
INPP5D	1	0
INPP5F	1	0
NME3	1	0
LOC100507053	1	0
INPP5K	1	0
APOC4-APOC2	1	0
FREM3	1	0
FREM1	1	0
CHURC1-FNTB	1	0
ZNF37A	1	0
MIR494	1	0
CNST	1	0
EPB49	1	0
HELZ	1	0
MATR3	1	0
HELB	1	0
RBAK	1	0
CYP4F3	1	0
GFOD1	1	0
SMG1P1	1	0
TEKT3	1	0
VPS37D	1	0
TEKT5	1	0
VPS37A	1	0
UNC5B	1	0
PNPLA1	1	0
PNPLA7	1	0
PNPLA5	1	0
PNPLA4	1	0
GUCA2A	1	0
ZBTB6	1	0
LOC285878	1	0
CLUH	1	0
PINLYP	1	0
TINCR	1	0
HOMEZ	1	0
KATNAL1	1	0
LOC400657	1	0
ATG12	1	0
ATG13	1	0
LOC254100	1	0
LOC100507463	1	0
LOC100507462	1	0
41531	1	0
KIAA0753	1	0
HMGN2P46	1	0
LOC400655	1	0
FRMD8	1	0
COL12A1	1	0
ACADVL	1	0
VSTM2L	1	0
SEC14L3	1	0
VSTM2B	1	0
SEC14L5	1	0
41532	1	0
PTAFR	1	0
OPA1-AS1	1	0
SNED1	1	0
IL1B	1	0
LINC00599	1	0
FLG2	1	0
THSD7A	1	0
LOC148709	1	0
CASK	1	0
CAST	1	0
WBP1L	1	0
KRT6C	1	0
CASR	1	0
GPR83	1	0
GPR85	1	0
THRAP3	1	0
BCL11A	1	0
WBP11	1	0
ZC3HAV1L	1	0
UAP1L1	1	0
ADAM20	1	0
ADAM22	1	0
ADAM28	1	0
PRKRIP1	1	0
AIF1L	1	0
GSTM1	1	0
IL13	1	0
IL15	1	0
TMSB15B	1	0
ZPBP2	1	0
MMEL1	1	0
TTF2	1	0
TTF1	1	0
AEBP1	1	0
LBX2-AS1	1	0
RBMS3	1	0
LTA4H	1	0
GDF9	1	0
CBR4	1	0
CBR1	1	0
CBR3	1	0
ABHD12B	1	0
CPT1C	1	0
ANXA5	1	0
ANXA7	1	0
ANXA9	0	1
MCM7	1	0
MCM5	1	0
POU5F1	1	0
DUSP18	1	0
POU5F2	1	0
DUSP15	1	0
ZDHHC21	1	0
ZDHHC23	1	0
MCM9	0	1
SQSTM1	1	0
SCXB	1	0
CSH1	1	0
C3orf20	1	0
C3orf22	1	0
WNT9A	1	0
SSX2	1	0
USH2A	0	1
LOC100507266	1	0
THAP9-AS1	1	0
SBF2-AS1	1	0
MROH9	1	0
KIFAP3	1	0
MDS2	1	0
MROH7	1	0
MROH1	1	0
MS4A1	1	0
CD27	1	0
ZNF140	1	0
ABCA11P	1	0
ZNF142	1	0
MBIP	1	0
ZNF148	0	1
CPT2	1	0
DDX31	1	0
DSC1	1	0
LOC153684	1	0
COX8A	1	0
MAGOH	1	0
DDX3X	1	0
C20orf27	1	0
VWA9	1	0
TMF1	1	0
RANGAP1	0	1
LOC100507194	1	0
BIVM	1	0
KCNN4	1	0
FASLG	1	0
KCNN1	1	0
PMS1	1	0
TRAF3IP2-AS1	1	0
PRKG1-AS1	1	0
RASEF	1	0
LOC646743	1	0
ISLR	1	0
C9orf171	1	0
PKIA	1	0
ZADH2	1	0
C9orf172	1	0
HUNK	1	0
KRT7	1	0
SLC19A2	1	0
SLC19A1	1	0
NIT2	1	0
CCDC66	1	0
FOXK2	0	1
FOXK1	1	0
CCDC62	1	0
CCDC69	1	0
CCDC68	1	0
KCNJ10	1	0
RPAP2	1	0
MIS12	1	0
TMEM115	1	0
TMEM116	1	0
KRT8	1	0
KANSL1L	1	0
C21orf128	1	0
SLC35A4	1	0
SLC35A1	1	0
SLC35A3	1	0
ANKRD18A	1	0
NXF4	1	0
NXF1	1	0
SH2D6	1	0
PHTF2	1	0
PGM5	1	0
ASIC1	1	0
PGM2	1	0
ABCB11	1	0
APLN	1	0
MMD2	1	0
CYHR1	1	0
APLF	1	0
SLC25A41	1	0
SLC25A42	1	0
SLC25A43	1	0
SLC25A44	1	0
SLC25A46	1	0
CDC27	1	0
RBPMS	1	0
PDZD7	1	0
FAM150A	1	0
FAM105B	1	0
OR2F2	1	0
BEST3	1	0
BEST1	1	0
BAIAP2-AS1	1	0
LIN52	1	0
PDZD8	1	0
UBQLNL	1	0
SORCS1	1	0
SORCS3	1	0
GPKOW	1	0
SPDYE8P	1	0
TNPO3	1	0
NANOG	1	0
FLJ38576	1	0
MAPK6	1	0
BCO2	1	0
SGPP1	1	0
WTAP	1	0
LYL1	0	1
ATP8A2	1	0
ATP8A1	1	0
STAG3L2	1	0
KIAA1804	1	0
SERINC2	1	0
THNSL2	1	0
VWA3A	1	0
METTL9	1	0
CCL13	1	0
ADTRP	1	0
VPS39	1	0
REEP4	1	0
BLOC1S5-TXNDC5	1	0
METTL5	1	0
STAT5B	1	0
TAS2R40	1	0
TAS2R46	1	0
KCTD3	1	0
LRRC14B	1	0
KCTD1	1	0
KCTD7	1	0
KCTD5	1	0
C1orf109	1	0
UST	1	0
GLTSCR1L	1	0
PLEKHN1	1	0
KCNT1	1	0
SLC18B1	1	0
HCFC2	1	0
SERPINA6	1	0
SERPINA9	1	0
NRAS	1	0
SLC38A11	1	0
FOXRED2	1	0
LOC374443	1	0
COMP	1	0
CABLES2	1	0
ESF1	1	0
ROPN1	1	0
ASZ1	1	0
SNORD116-15	1	0
NCCRP1	1	0
FOXD4L6	1	0
FOXD4L2	1	0
PACS1	1	0
SBNO2	1	0
PCSK1N	1	0
BRAP	1	0
RNF166	1	0
CLEC19A	1	0
RNF168	1	0
C8orf76	1	0
UPF3B	1	0
GAGE13	1	0
ZBTB44	1	0
ZBTB46	1	0
ZBTB48	1	0
PDPK1	1	0
TLCD2	1	0
SYNPO	1	0
SBF1P1	1	0
P4HA3	1	0
P4HA1	1	0
ANP32A	1	0
SYNPR	1	0
UQCC	1	0
ZFYVE19	1	0
NTNG2	1	0
RPF2	1	0
ZFYVE16	1	0
TAZ	1	0
PRR23B	1	0
MRPL55	1	0
MRPL51	1	0
PRIM2	0	1
MIR410	1	0
MIR412	1	0
ZNF688	1	0
HSP90B2P	1	0
ZNF682	1	0
ZNF683	1	0
ZNF684	1	0
MIR137HG	1	0
PPP1R9A	1	0
PCDHGC3	1	0
PCDHGC5	1	0
IQCD	1	0
IQCK	1	0
IQCJ	1	0
IQCH	1	0
MUC12	1	0
CCDC90B	1	0
LOC100133957	1	0
MBTD1	1	0
SYAP1	1	0
ANGPTL6	1	0
ANGPTL4	1	0
ANGPTL2	1	0
POP4	1	0
FDX1	1	0
GPR112	1	0
GPR110	1	0
MMP15	1	0
RASGRP1	1	0
MMP10	1	0
MMP12	1	0
DSTYK	1	0
MMP19	1	0
GSTM5	1	0
MYO18B	1	0
SYT14L	1	0
PRRT3	1	0
PPP1R1A	1	0
PPP1R1C	1	0
PPP1R15B	1	0
NF1	1	0
ST3GAL6-AS1	1	0
FAM133B	1	0
ZC2HC1B	1	0
NCAPD2	1	0
SLFNL1-AS1	1	0
MMACHC	1	0
BLK	1	0
HCK	1	0
C14orf182	1	0
C7orf25	1	0
LOC100507032	1	0
TCN1	1	0
TCN2	1	0
SIRPB2	1	0
ZNF420	1	0
ATXN2	1	0
ZNF428	1	0
SOAT2	1	0
SOAT1	1	0
SRGAP3	1	0
EFHD1	1	0
GPRC5D	1	0
TSC2	1	0
TSC1	1	0
NEDD9	1	0
PRH1-PRR4	0	1
NEDD1	1	0
P2RY11	1	0
SMC6	1	0
GPRIN2	1	0
GARNL3	1	0
SPDYE6	1	0
ABTB1	1	0
SMCP	1	0
LEPR	1	0
LTB	1	0
GRIPAP1	1	0
LASP1	1	0
ALG12	1	0
ALG13	1	0
ALG14	1	0
RIOK2	1	0
RIOK1	1	0
MICALL1	1	0
MICALL2	1	0
MEF2BNB	1	0
KLHL7-AS1	1	0
LMOD1	1	0
LMOD2	1	0
ARL8A	1	0
C10orf88	1	0
C1orf68	1	0
GYG1	1	0
C1orf64	1	0
GYG2	1	0
TMEM213	1	0
TRIM8	1	0
TWIST2	1	0
CRISP3	1	0
GAGE2B	1	0
ARPC4-TTLL3	1	0
TMEM214	1	0
PDIK1L	1	0
IL37	1	0
IL32	1	0
IL31	1	0
LOC100506314	1	0
TRIM5	1	0
COX16	1	0
CAMK2N1	1	0
GDF7	1	0
AGXT2	1	0
THEG5	1	0
MCCD1	1	0
C1RL-AS1	1	0
HYOU1	1	0
BREA2	1	0
DPY19L1P1	1	0
RAB5C	1	0
AMACR	1	0
LOC116437	1	0
KPTN	1	0
SLC41A1	1	0
SLC41A2	1	0
SCARB1	1	0
THEGL	1	0
LOC388499	1	0
SAYSD1	1	0
ERAP2	1	0
LOC441601	1	0
RRAD	1	0
EMR2	1	0
ANXA3	1	0
CNTN2	1	0
CNTN1	1	0
CNTN5	0	1
PRR12	1	0
DDX59	0	1
SHISA8	0	1
DDX52	1	0
DDX50	1	0
DDX56	1	0
CSRNP2	1	0
GATS	1	0
GATM	1	0
FAM129A	1	0
CDC42BPA	1	0
FOCAD	1	0
TXNRD2	1	0
GATC	1	0
BUB1	1	0
BUB3	1	0
UBE2E1	1	0
UBE2E2	1	0
CNGA2	1	0
SNORD71	1	0
NCF1C	1	0
ADSSL1	1	0
DNAH2	1	0
PLA2G15	1	0
EGLN1	1	0
PLA2G10	1	0
DNAH5	1	0
DNAH9	1	0
MYBPC2	1	0
MGC45922	1	0
FLG	1	0
HSD17B12	1	0
TMEM131	1	0
TMEM135	1	0
CCDC47	1	0
TPM3	1	0
TMEM139	1	0
CCDC42	1	0
LAG3	1	0
SPRY2	1	0
TRPC1	1	0
TRPC5	1	0
ALG1L9P	1	0
COASY	1	0
LOC100128881	1	0
DIRAS3	1	0
CDKL4	1	0
CDKL3	0	1
TBX10	1	0
LOC100499484-C9ORF174	1	0
FBXO25	1	0
TBX18	1	0
SLC35C2	1	0
XK	1	0
UTP15	1	0
GNB5	1	0
AMBRA1	1	0
GNB1	1	0
LOC100287944	1	0
GNB3	1	0
CHRNA10	1	0
OPN1LW	1	0
SAMHD1	1	0
C11orf87	1	0
LOC284751	1	0
SKA3	1	0
FAM107B	1	0
PARD3B	1	0
CRHR2	1	0
CRHR1	1	0
TGFBR3	0	1
GTF2A1	1	0
IL18BP	1	0
IQGAP2	1	0
SLIRP	1	0
CDYL	1	0
NOD1	1	0
TCP10L	1	0
TBC1D3P2	1	0
PCMTD1	1	0
KRI1	1	0
TECPR1	1	0
ISY1-RAB43	1	0
TUBA4A	1	0
CCNB2	1	0
VPS16	1	0
NUP62CL	1	0
FIBP	1	0
CSTF2	1	0
COQ3	0	1
COQ2	1	0
POU2F2	1	0
POU2F1	1	0
HBM	1	0
C1orf122	1	0
PCCA	1	0
LRRC16A	1	0
SIVA1	1	0
FCHO1	1	0
TNMD	1	0
PDE4A	1	0
SOX30	1	0
SERPINC1	1	0
C6orf99	1	0
QPCTL	1	0
CLN8	1	0
MRGBP	1	0
SNORA19	1	0
CLNK	1	0
TOR1AIP2	1	0
CHMP2B	1	0
TOR1AIP1	1	0
LIMA1	1	0
RNF186	1	0
TCF7L1	1	0
RNF183	1	0
C8orf12	1	0
BMPR2	1	0
ZBTB22	1	0
ZBTB21	1	0
ZBTB24	1	0
ZBTB25	1	0
APBB1IP	1	0
MIR146A	1	0
CLRN1-AS1	1	0
SKI	1	0
C16orf89	1	0
UBE2F-SCLY	1	0
MFF	1	0
MS4A2	1	0
LIMCH1	1	0
CLDND1	1	0
BICC1	1	0
SYT12	1	0
PPAT	1	0
SYT17	1	0
SYT15	1	0
ZFAS1	1	0
TM4SF20	1	0
GEM	1	0
RIC8A	1	0
BAHCC1	1	0
PCDHGA8	1	0
DDO	1	0
DTNBP1	1	0
DDC	1	0
PCDHGA3	1	0
LAMC1	1	0
PCDHGA6	1	0
PCDHGA4	1	0
RWDD4	1	0
BCS1L	1	0
CDC14B	1	0
GPR179	1	0
ATP6V1G2	1	0
PHF7	1	0
PHF2	1	0
WWC1	1	0
LAMTOR2	1	0
GPR176	1	0
LOC338817	1	0
C2CD4C	1	0
TMEM161B-AS1	1	0
INPP4B	1	0
TCHH	1	0
STRN4	1	0
CSTF3-AS1	1	0
SS18L1	1	0
TP53AIP1	1	0
CCDC162P	0	1
LOC440895	1	0
ERN2	1	0
KDR	1	0
RPS26	1	0
RPS25	1	0
RIMBP2	1	0
RIMBP3	1	0
MTSS1L	0	1
RPS28	1	0
OR1E2	1	0
MVB12B	1	0
CHMP1A	1	0
RARRES2	1	0
PREB	1	0
LINC00640	1	0
ZNF408	1	0
ZC3H3	1	0
GPSM1	1	0
ITPK1-AS1	1	0
AIMP1	1	0
PRELID1	1	0
ADPGK	1	0
HSH2D	1	0
MIEN1	1	0
MIR181D	1	0
FAM171B	1	0
SLC22A5	1	0
VPS33A	1	0
TGIF2LX	1	0
CNTNAP3B	1	0
ADARB2	1	0
TERT	1	0
GYLTL1B	1	0
STAC2	1	0
ZNF365	1	0
GRXCR2	1	0
SYNPO2L	1	0
TMBIM4	1	0
LOC100130950	1	0
TMBIM1	1	0
EFCAB6	1	0
DRD5	1	0
CASP8	1	0
FLJ30403	1	0
PICALM	1	0
UBE2QL1	1	0
SETD1A	1	0
AKT1	1	0
AKT2	1	0
AKT3	1	0
UPB1	1	0
TLX1NB	1	0
LINC00152	1	0
TRMT12	1	0
LINC00622	1	0
ST7-AS2	1	0
PKD1L3	1	0
ANAPC15	1	0
ANAPC16	1	0
ANAPC13	1	0
ENTPD7	1	0
KRT28	1	0
ENTPD4	0	1
ENTPD1	1	0
KRT20	1	0
KRT26	1	0
KRT24	1	0
SNAPC3	1	0
SNAPC1	1	0
SNAPC5	1	0
TNFRSF10C	1	0
HYAL3	1	0
HYAL1	1	0
TNFRSF10A	1	0
LACE1	1	0
PXDN	1	0
SLC4A2	1	0
C9orf170	1	0
C9orf173	1	0
SNORD115-14	1	0
CSDA	1	0
MCIN	1	0
LANCL3	1	0
LANCL1	1	0
BRMS1	1	0
CAGE1	1	0
ODF3	1	0
RAB7A	1	0
EFEMP2	1	0
RHNO1	1	0
LINC00847	1	0
LINC00840	1	0
KIF3B	1	0
KIF3A	1	0
TMEFF1	1	0
SDC4P	1	0
OLA1	1	0
SCTR	1	0
WNT5A	1	0
NCF1	1	0
LOC339442	1	0
TLR10	1	0
VDR	1	0
HNRNPH1	1	0
HNRNPH2	1	0
TBC1D8	1	0
SGOL1-AS1	1	0
MRPS35	1	0
LOC100131434	1	0
TBC1D2	1	0
HCFC1R1	1	0
TBC1D4	1	0
RBM11	1	0
MRPS33	1	0
LOC100630918	1	0
LIMD1-AS1	1	0
FAM127C	1	0
SUCNR1	1	0
FAM134B	1	0
SEL1L	1	0
CGB5	1	0
CGB1	1	0
ANKRD36BP2	1	0
UNC13B	0	1
KIAA2018	1	0
KIAA2013	1	0
SNORD92	1	0
RBM18	1	0
CNTLN	1	0
STOML2	1	0
EMP3	1	0
AMOT	0	1
AKR1CL1	1	0
TMSB4Y	1	0
CCDC22	1	0
CCDC24	1	0
RUNDC3A	1	0
CNTNAP1	1	0
DCAF12	1	0
FRMD4B	1	0
CNTNAP4	1	0
TRPA1	1	0
LEPRE1	1	0
OSCP1	1	0
PAPSS2	1	0
SLC8A1-AS1	1	0
UBE2G2	1	0
TRMT10B	1	0
KCTD20	1	0
SLC35E4	1	0
USP27X	1	0
MAP7D3	1	0
MAP7D1	1	0
HORMAD2	1	0
HEPHL1	1	0
LOC729603	1	0
G3BP2	1	0
MYOZ2	1	0
FAM101B	1	0
MYOZ1	1	0
KIAA1656	1	0
GPM6A	1	0
CKB	1	0
APBB2	1	0
ANXA2P1	1	0
IRAK2	1	0
OR7D2	1	0
IRAK1	1	0
OR7D4	1	0
UNKL	1	0
WDR6	1	0
WDR4	1	0
DIAPH1	1	0
DIAPH2	1	0
DIAPH3	1	0
SMARCD1	1	0
GATA4	1	0
GATA2	1	0
COX6A2	1	0
CCND3	1	0
TCF12	1	0
TCF19	1	0
TNKS	1	0
RPS27L	1	0
ACVR1B	1	0
UOX	1	0
MTL5	1	0
UROS	1	0
SEPT7P2	0	1
MAGEE2	1	0
UROD	1	0
GABBR2	1	0
SH2D5	1	0
IRG1	1	0
SOX10	1	0
CXXC1P1	1	0
SOX12	1	0
SH2D7	1	0
EPPK1	1	0
C4A	1	0
C4B	1	0
SNX30	1	0
ARHGEF26-AS1	1	0
IRGQ	1	0
PDLIM7	1	0
DPCD	1	0
PDLIM2	1	0
CHRAC1	1	0
MARS	1	0
INSIG2	1	0
INSIG1	1	0
IRGM	1	0
TMX2-CTNND1	1	0
ZDHHC3	1	0
TUBGCP3	1	0
ZDHHC5	1	0
ZDHHC7	1	0
ZDHHC9	1	0
NBEAL1	1	0
LIX1	1	0
TUBA3FP	1	0
TTC39C	1	0
TTC39B	1	0
HES2	1	0
C1orf140	1	0
LINC00457	1	0
C8orf34	1	0
KLHL25	1	0
TMEM88	1	0
KLHL26	1	0
CAPNS1	1	0
KLHL20	1	0
KLHL22	1	0
TMEM80	1	0
GABRR2	1	0
SMS	1	0
POLG	1	0
TAF11	1	0
TRIM59	1	0
POLB	1	0
TAF15	1	0
TRIM54	1	0
CDC123	1	0
POLL	1	0
RNASET2	1	0
COL6A4P1	1	0
TRIM52	1	0
MDK	1	0
GNAS-AS1	1	0
CROCCP3	1	0
ZNF213	1	0
C2orf15	1	0
MRPL45P2	1	0
GGH	1	0
LAMA1	1	0
PSMD6	1	0
LAMA5	1	0
IL17C	1	0
CHRDL1	1	0
CHRDL2	1	0
LOC399815	1	0
KIAA1984-AS1	1	0
ENO1-AS1	1	0
TAF1C	1	0
F2	1	0
GPR157	1	0
POC1B-GALNT4	1	0
F8	1	0
GPR158	1	0
TAF1L	1	0
KRTCAP2	1	0
HTR3E	1	0
HTR3A	1	0
FAM89A	1	0
TMEM151B	0	1
KTN1-AS1	1	0
FCAMR	1	0
HS2ST1	1	0
EI24	1	0
SGMS2	1	0
MITF	1	0
MOB1B	1	0
RPTOR	1	0
NUP153	1	0
QKI	1	0
PPFIA2	1	0
PPFIA1	1	0
RTDR1	1	0
MAB21L2	1	0
TM4SF5	1	0
LMCD1	1	0
ZNF648	1	0
SLC25A2	1	0
ZNF646	1	0
PDZD3	1	0
MIR518C	1	0
HSD17B4	1	0
MIR518D	1	0
ZNF641	1	0
ALDH3B1	1	0
CYR61	1	0
STON1	1	0
RTN4	0	1
MIS18BP1	1	0
RTN1	1	0
RTN2	1	0
MIR5186	1	0
TRIM22	1	0
HGF	1	0
PRMT5	1	0
BACE1	1	0
ZNF219	1	0
ATP4B	1	0
C7orf60	1	0
C7orf61	1	0
C7orf63	1	0
IER2	1	0
ZNF398	1	0
ZNF469	1	0
FAM228A	1	0
ZNF462	1	0
CYB561D2	1	0
ZNF461	1	0
ZNF394	1	0
ZNF395	1	0
PSKH1	1	0
IL1RL2	1	0
HUWE1	1	0
PKP4	1	0
PKP2	1	0
NUDT22	1	0
LOC100130744	1	0
LOC100653515	1	0
VAX1	1	0
SLCO5A1	1	0
POPDC3	1	0
FAM173A	1	0
PPP2R2B-IT1	1	0
ZNF705D	1	0
METTL7A	1	0
METTL7B	1	0
TEP1	1	0
LPP	1	0
UTP14A	1	0
TEX261	1	0
UTP14C	1	0
APOL6	1	0
GOLGA2P5	1	0
PROSER2	1	0
LPA	0	1
CLECL1	1	0
C1QC	1	0
C1QA	1	0
APOL2	1	0
MAMLD1	1	0
PKHD1	1	0
DDAH1	1	0
HUS1B	1	0
MBLAC2	0	1
OR5K4	1	0
OR5K1	1	0
VSIG1	1	0
SLC29A4	1	0
SLC29A1	1	0
ARL4C	1	0
ARL4A	1	0
LINC00607	1	0
ADORA2A	1	0
LINC00605	1	0
TIRAP	1	0
LINC00609	1	0
EIF4A2	1	0
FLJ38109	1	0
CRCP	1	0
SPHAR	1	0
PLXDC2	1	0
RP1-177G6.2	1	0
CSK	1	0
MIR600HG	1	0
MRAP	1	0
MKI67IP	1	0
TELO2	1	0
GALNT6	1	0
GALNT2	1	0
PRKCQ-AS1	1	0
PAAF1	1	0
TRIM49C	1	0
DMWD	1	0
CD70	1	0
CD72	1	0
CLOCK	1	0
ZFHX4	1	0
RFC1	1	0
RFC3	1	0
ZFHX2	1	0
CCDC64B	1	0
KIF15	1	0
KIF11	1	0
CBX8	1	0
CBX6	1	0
CBX4	1	0
ATXN7L3	1	0
KIF19	1	0
NLRP6	1	0
FASTKD2	1	0
MAPK3	1	0
ST6GALNAC3	0	1
PSEN1	1	0
BTLA	1	0
PCDHB19P	1	0
CYB5D1	1	0
RAB18	1	0
WDR25	1	0
LRAT	1	0
RAB15	1	0
RAB14	1	0
RAB17	1	0
SP140	1	0
MAPK4	1	0
RQCD1	1	0
RAB1A	1	0
CKS2	1	0
RAB1B	1	0
REP15	1	0
IGF2BP1	1	0
IGF2BP3	1	0
EFR3A	1	0
IGSF10	1	0
KIF1B	1	0
CD109	1	0
LCE4A	1	0
ZFP36	1	0
ZFP37	1	0
ATHL1	1	0
AATK	1	0
LOC100130855	1	0
CRNDE	1	0
ERCC6	1	0
CD244	1	0
NLRP14	1	0
CD247	1	0
MRPS10	1	0
CD248	1	0
LOXL2	1	0
LOC100128593	1	0
PFKL	1	0
GPR1	1	0
VIPR1	1	0
KCND1	0	1
KCND3	1	0
KCND2	1	0
CCHCR1	1	0
LSM4	1	0
TMEM246	1	0
DIRC2	1	0
TMEM240	1	0
FAM207A	1	0
LSM2	1	0
ABHD14B	1	0
MZT1	1	0
DCBLD2	1	0
DCBLD1	1	0
DDX26B	1	0
CLEC4G	1	0
CLEC4E	1	0
MAP6D1	1	0
CLEC4A	1	0
SSR2	1	0
SSR4	1	0
NCDN	1	0
KAT6A	1	0
CTTNBP2NL	1	0
LOC440117	1	0
UBN2	1	0
FGF3	1	0
APOC2	1	0
APOC1	1	0
RANBP10	1	0
SLC35G3	1	0
SLC35G6	1	0
SELENBP1	1	0
BHLHE41	1	0
PRODH2	1	0
OR8G2	1	0
COX20	1	0
MAGI3	1	0
MAGI2	1	0
MAGI1	1	0
MYRF	1	0
ST7-OT3	1	0
NGEF	1	0
ST7-OT4	1	0
HIF1A-AS2	1	0
SLC25A23	1	0
SLC25A21	1	0
GAPT	1	0
SLC25A24	1	0
SLC25A28	1	0
PRMT10	1	0
MAGIX	1	0
ULK3	1	0
GPBP1L1	1	0
FOXA3	1	0
CCL19	1	0
COPB2	1	0
ISG20L2	1	0
KIAA1671	1	0
MIR3911	1	0
GCM1	1	0
B9D1	1	0
KLRC3	1	0
RASAL2	1	0
PCDHB3	1	0
PCDHB7	1	0
PCDHB5	1	0
PCDHB4	1	0
MKS1	1	0
BECN1	1	0
BEST4	1	0
BSN-AS2	1	0
SDHAP2	1	0
SDHAP3	1	0
SMTNL1	1	0
IMPG2	1	0
IMPG1	1	0
FAM22G	1	0
INSM2	1	0
FAM22A	1	0
LOC285000	1	0
AP4B1-AS1	1	0
TINAGL1	1	0
TNIK	1	0
LOC100128176	1	0
PSTPIP1	1	0
DOCK10	1	0
GCSAM	1	0
SNX17	1	0
SNX14	1	0
SNX12	1	0
SNX10	1	0
SNX18	1	0
ICAM4	1	0
ICAM3	1	0
LINC00299	1	0
LINC00297	1	0
CTDSP2	1	0
LOC100128288	1	0
LY6E	1	0
PDYN	1	0
RABGEF1	1	0
SMTN	1	0
OCLN	1	0
TYW5	1	0
OCLM	1	0
EBNA1BP2	1	0
TMEM87A	1	0
GPR37L1	1	0
SGK3	0	1
SGK1	1	0
MIR744	1	0
ARPC5L	1	0
LOC101055625	1	0
BOD1L1	1	0
LINC00470	1	0
LINC00471	1	0
LINC00473	1	0
TMTC2	1	0
LINC00477	1	0
C1orf168	1	0
MAP4K1	1	0
MAP4K3	1	0
CDH12	1	0
TRIM73	1	0
CREG1	1	0
TRIM71	1	0
CDH16	1	0
SPATA20	1	0
SPATA24	1	0
RALGAPB	1	0
DFNB59	1	0
TCP10L2	1	0
NCKIPSD	1	0
NEFM	1	0
METTL21EP	1	0
SON	1	0
NIPBL	1	0
C2orf73	1	0
GAK	1	0
C2orf78	1	0
LOC728218	1	0
NRG2	1	0
GAA	1	0
SUV39H2	1	0
TFCP2L1	1	0
NUMB	1	0
TMA7	1	0
MAFG-AS1	1	0
OR7E12P	1	0
HCFC1	1	0
PON1	1	0
LOC100130992	1	0
PSAT1	1	0
SPATA2L	1	0
PASD1	1	0
HTR1E	1	0
CKAP4	1	0
BCL2L2	0	1
MIR3198-2	1	0
PNMA6C	1	0
GOLGA6L10	0	1
USP17L28	1	0
RBM15B	1	0
SLC38A10	1	0
NDST1	1	0
NDST3	1	0
PRAF2	1	0
KMO	1	0
ZNF662	1	0
ZNF664	1	0
SCAMP5	1	0
SCAMP1	1	0
CELA3B	1	0
LOC441454	1	0
TSPAN3	1	0
C7orf41	1	0
TSPAN4	1	0
NXN	1	0
TDP1	1	0
ZNF445	1	0
ZNF441	1	0
ZNF442	0	1
EPT1	1	0
PPIP5K2	1	0
GFRA4	0	1
PRAC	1	0
PPIP5K1	1	0
L3MBTL4	1	0
GFRA2	1	0
PRSS45	1	0
AFAP1L1	1	0
PRSS41	1	0
PRSS48	1	0
REEP1	1	0
SLAIN1	1	0
TIFAB	1	0
FAM177A1	1	0
TRABD	1	0
CPA3	1	0
KCNAB2	1	0
CPA1	1	0
CPA4	1	0
PVRL1	1	0
PVRL2	1	0
ATG9B	1	0
LNX1	0	1
STAG2	1	0
KLRAP1	1	0
STAG1	1	0
NPHS2	1	0
LONP1	1	0
KRT6A	1	0
TMEM44-AS1	1	0
ARG1	1	0
AP1G2	1	0
TMEM50B	1	0
MIR4659A	1	0
EHD3	1	0
NDEL1	1	0
GON4L	1	0
LOC100271832	1	0
LINC00661	1	0
LINC00663	1	0
LINC00662	1	0
TMED6	1	0
TMED4	1	0
TMED2	1	0
TMEM201	1	0
SHANK3	1	0
HNRNPR	1	0
HNRNPU	1	0
HNRNPL	1	0
LOC340508	1	0
DIS3L	1	0
HNRNPF	1	0
SYDE2	1	0
SYDE1	1	0
EGFEM1P	1	0
XKR5	1	0
XKR7	1	0
LOC728084	1	0
XKR9	1	0
XKR8	1	0
GLUD1	1	0
ANKRD33B	1	0
PALD1	1	0
C9orf16	1	0
LOC100129055	1	0
CD55	1	0
AAR2	1	0
CD59	1	0
SCP2	1	0
LINC00087	1	0
HCG4B	1	0
UGT1A9	1	0
UGT1A4	1	0
LOC344887	1	0
UGT1A6	1	0
LOC100130298	1	0
ZBTB40	1	0
RAB35	1	0
HJURP	1	0
RAB31	1	0
PCED1B-AS1	1	0
DOK2	1	0
LCA5L	1	0
C6orf222	1	0
PLS1	1	0
PLS3	1	0
CLASP1	1	0
PDIA6	1	0
C1orf200	1	0
PDIA2	1	0
RAB3A	1	0
ZBTB49	1	0
ARMC6	1	0
LRG1	1	0
ARMC2	1	0
AARS	1	0
PDCD6IP	1	0
ZDHHC8P1	1	0
TTC21A	1	0
SPATA9	1	0
ZFP57	1	0
ACTL6B	1	0
SPATA3	1	0
C5orf56	1	0
C5orf54	1	0
C5orf52	1	0
WNT11	1	0
SNAI3-AS1	1	0
HIST1H4B	1	0
CEL	1	0
HSPA6	1	0
HSPA4	1	0
HSPA9	1	0
OR10T2	1	0
LIFR	1	0
DLEC1	1	0
ADIPOQ	1	0
C22orf46	0	1
RAP1GAP2	1	0
PRKAG1	1	0
C11orf58	1	0
MIR554	1	0
IRX4	1	0
DANCR	1	0
PCSK1	1	0
WDR96	1	0
CAV1	1	0
CRB1	1	0
CRB3	1	0
PPP2R2B	1	0
LOC100128750	1	0
GK	1	0
CNPPD1	1	0
G2E3	1	0
CLEC2D	1	0
CTBP1	1	0
TSG101	1	0
LOC100505718	1	0
MFSD11	1	0
MFSD10	1	0
GTF3C1	1	0
GTF3C4	1	0
IQSEC3	1	0
GPRASP2	1	0
GPRASP1	1	0
XPO5	1	0
XPO7	1	0
SCARNA12	0	1
LOC400958	1	0
TTN	1	0
XPOT	1	0
LOC100132735	1	0
DNASE1L1	1	0
EPS15L1	1	0
GART	1	0
HPDL	1	0
ZEB2	1	0
LOC157381	1	0
SFT2D3	1	0
ATAD1	1	0
TOP1	1	0
TCIRG1	1	0
TMEM192	1	0
BOP1	1	0
TMEM196	0	1
TMEM198	1	0
C22orf24	1	0
FOXC1	1	0
GHRH	1	0
SESN1	1	0
GHRL	1	0
SHROOM3	1	0
SHROOM1	1	0
SHROOM4	1	0
VARS	1	0
PELI2	1	0
SPARC	1	0
ELMSAN1	1	0
NAPB	1	0
DBNDD1	1	0
LDHAL6B	1	0
CALB2	1	0
AKNAD1	1	0
FLJ30679	0	1
LOC100506810	1	0
COX19	1	0
SRPK1	0	1
BDKRB1	1	0
CEP170	0	1
FAM20B	1	0
CD99	0	1
GNG12-AS1	1	0
ADARB1	1	0
CXXC1	1	0
LINC00266-1	1	0
CXXC4	1	0
WTIP	1	0
NPC1L1	1	0
AGGF1	1	0
MAGEA9	0	1
OR6B1	1	0
OPN1SW	1	0
EEA1	1	0
OPHN1	1	0
LINC00272	1	0
SLIT3	1	0
GCDH	1	0
SLIT1	1	0
FIP1L1	1	0
HOMER2	0	1
SEL1L2	1	0
NOLC1	1	0
MIR766	1	0
FEZ1	1	0
MIR769	1	0
THAP1	1	0
NIPAL2	1	0
SNW1	1	0
NIPAL4	1	0
THAP6	1	0
THAP9	1	0
HSD17B7P2	0	1
SYBU	1	0
CHID1	1	0
EWSR1	1	0
QTRTD1	1	0
TRIM14	1	0
TRIM16	1	0
CHI3L2	1	0
MUC16	1	0
MIR498	1	0
ARL2BP	1	0
ASB2	1	0
ASB1	1	0
LOC100506895	1	0
ASB4	1	0
LOC649133	1	0
IL1RAPL1	1	0
HDAC8	1	0
SLC47A2	1	0
SLC47A1	1	0
C2orf54	1	0
DPY30	1	0
RINT1	1	0
LOC283710	1	0
TBL3	1	0
SH3BGRL	1	0
IQCC	1	0
PDE8B	1	0
DBH	1	0
POM121L9P	1	0
TMEM44	1	0
TAF5L	1	0
TMEM43	1	0
MIR940	1	0
SERINC4	1	0
SERINC1	1	0
ASTE1	1	0
MED1	1	0
MED7	1	0
GABRA4	1	0
SMARCB1	1	0
MNX1	0	1
ZNF600	1	0
LOC63930	1	0
PIN1P1	1	0
ZNF608	1	0
TREX1	1	0
ACVR2B	1	0
AKR1C2	1	0
KXD1	1	0
PPP1R9B	1	0
GCA	1	0
TCF7	1	0
TCF3	1	0
GCK	1	0
NPFFR1	1	0
EPS8L3	1	0
STK32C	1	0
STK32B	1	0
AZGP1	1	0
NXPH3	1	0
MDN1	1	0
LGR5	1	0
RASGRP3	1	0
PRSS30P	1	0
AMPD2	1	0
BMP10	1	0
RPS6KB2	1	0
WWTR1-AS1	1	0
MRGPRX3	1	0
PRELP	1	0
TNFRSF6B	1	0
DPAGT1	1	0
SEPHS2	1	0
TET2	1	0
LOC440300	1	0
SLMO2	0	1
MIR1295A	1	0
BUD13	1	0
DLST	1	0
YOD1	1	0
F2RL3	1	0
F2RL1	1	0
ST6GAL2	1	0
ST6GAL1	1	0
IL1F10	1	0
PRDX2	1	0
SNORA36A	1	0
AP3S2	1	0
LINC00642	1	0
AP3S1	1	0
PITX2	1	0
LINC00649	1	0
OTUB1	1	0
AXIN1	1	0
MMRN2	1	0
CAMP	1	0
ZNF252P	1	0
RDH10	1	0
SULT2A1	1	0
GJA1	1	0
PDIA3P	1	0
NDUFB2-AS1	1	0
NBPF16	1	0
NBPF15	1	0
NBPF11	0	1
VASP	1	0
PAPOLA	1	0
IGLON5	1	0
KATNB1	1	0
DCAF7	1	0
DCAF5	1	0
ZSCAN32	1	0
ZSCAN30	1	0
ERV3-1	1	0
ZFY	1	0
GLUD1P7	1	0
GLUD1P3	1	0
IFI27	1	0
CD37	1	0
TXNDC9	0	1
ZNF321P	0	1
POLR3E	1	0
POLR3C	1	0
TXNDC2	1	0
TOPORS	1	0
DNMT1	1	0
FAM46C	1	0
PSD2	1	0
TUT1	1	0
ASRGL1	1	0
WDR67	1	0
WDR65	1	0
C1orf226	1	0
SLC25A3	1	0
PRMT3	1	0
PRMT1	1	0
SLC25A6	1	0
SLC25A4	1	0
TMEM176A	1	0
TMEM176B	1	0
SIRT2	1	0
TTC23L	1	0
ORMDL3	1	0
KIF5A	1	0
KIF5C	1	0
MASP2	1	0
NCMAP	1	0
CD3E	1	0
CD3G	1	0
CCDC51	1	0
HSPG2	1	0
KAT2A	1	0
CD209	1	0
FOXJ3	1	0
IFNGR1	1	0
IFNGR2	1	0
TDRD12	1	0
TDRD10	1	0
C6orf10	1	0
IARS2	1	0
USP49	1	0
USP45	1	0
USP47	1	0
PPARGC1A	1	0
XDH	1	0
CDK2AP2	1	0
RPL10A	1	0
PLIN1	1	0
OR52N1	1	0
KCNK12	1	0
CDK11B	1	0
FAM203A	0	1
KCNK10	1	0
SCRN2	1	0
GGTA1P	1	0
MIR135A1	1	0
TNP2	1	0
NANOS1	1	0
NANOS2	1	0
CYP2E1	1	0
RBCK1	1	0
VAT1L	1	0
RPS7	1	0
LRRC37A6P	1	0
ADAMTS13	1	0
ADAMTS15	1	0
RPS2	1	0
ABO	1	0
ADAMTS19	1	0
VDAC1	1	0
ZNF503-AS2	1	0
SLC52A3	1	0
DEF6	1	0
DHX57	1	0
DEF8	1	0
ARPP19	1	0
SLC6A19	1	0
SLC6A18	1	0
TMEM205	1	0
SLC6A13	1	0
TMEM209	1	0
SLC6A16	1	0
GALT	1	0
HMGCS2	1	0
BLOC1S5	0	1
KIAA1456	1	0
KIAA1328	1	0
GALE	1	0
IGSF23	0	1
IGSF22	1	0
GALM	1	0
NUP50	1	0
RPSA	1	0
ADRB1	1	0
ADRB3	1	0
SCARNA17	1	0
SCARNA14	1	0
TMEM74B	1	0
FCGR3B	1	0
OR2AK2	1	0
ALDH1A2	1	0
FBXO34	1	0
PRICKLE3	1	0
RPL29	1	0
DEFB4B	1	0
PCYOX1	1	0
RPL27	1	0
MRTO4	1	0
MKRN7P	1	0
SLC16A14	1	0
GLT25D1	1	0
SLC16A11	1	0
SLC16A13	1	0
SPINK8	1	0
LOC100132247	1	0
ZNF350	1	0
EYA3	1	0
MPND	1	0
CALHM1	1	0
CALHM3	1	0
LOC649352	1	0
LOC642846	1	0
PIEZO1	1	0
KRTAP13-2	1	0
ZUFSP	1	0
LOC348761	1	0
WFDC11	1	0
WFDC12	1	0
ZNF727	1	0
ZNF358	1	0
OAZ3	1	0
KLKP1	1	0
FAM26E	1	0
RSPH6A	1	0
HAVCR1	1	0
HAVCR2	1	0
FXYD7	1	0
FXYD2	1	0
FXYD3	1	0
KIAA0146	1	0
FBP1	1	0
PLIN4	1	0
IGFN1	1	0
C6orf15	1	0
SMAP2	1	0
PALM2-AKAP2	1	0
LINC00254	1	0
URI1	1	0
ABCB6	1	0
CYP2A13	1	0
CCR10	1	0
NKIRAS1	1	0
RBP2	1	0
RBP4	1	0
RBP7	1	0
KRAS	1	0
LOC415056	1	0
ADAM2	1	0
ACYP2	1	0
LOC100506071	1	0
ARPC1B	1	0
EEF1D	1	0
ACSL6	1	0
ADAM9	1	0
NKX1-2	1	0
ZNF890P	1	0
C20orf166	1	0
ARPC1A	1	0
EGFL8	1	0
TRIM38	1	0
ANXA2R	1	0
RPL9	1	0
HR	1	0
RPL7	1	0
OLFML3	1	0
TMEM120B	1	0
RPL3	1	0
G6PC2	1	0
LOC283692	1	0
CTIF	1	0
THAP10	1	0
ACSL5	1	0
LUC7L	1	0
CYGB	1	0
OR6Y1	1	0
MNT	1	0
SCT	1	0
GPRC5B	1	0
FLYWCH1	1	0
RCN3	1	0
RCN1	1	0
FPGT-TNNI3K	1	0
MN1	1	0
RHOQ	1	0
DNAJC30	1	0
RHOV	1	0
RHOU	1	0
RHOJ	1	0
ANKRD24	1	0
ANKRD23	1	0
IFIT1B	1	0
GOLGA6A	1	0
ACO1	1	0
RHOA	1	0
ACO2	1	0
RHOG	1	0
RHOF	1	0
PBK	1	0
ANKRD28	1	0
INHA	1	0
TMEM62	1	0
TMEM60	1	0
TMEM68	1	0
KLHL42	1	0
KLHL40	1	0
CIR1	1	0
UGT8	1	0
PYROXD2	1	0
IL20RB	1	0
P2RY13	1	0
ZNF629	1	0
OGFOD2	1	0
ZNF625	0	1
ZNF627	1	0
ZNF621	1	0
ZNF623	1	0
UGT2B17	1	0
OLFML1	1	0
APAF1	1	0
BAI1	1	0
TRIM37	1	0
PDZK1P1	0	1
MLXIP	1	0
ADA	1	0
TMEM120A	1	0
ADK	1	0
PROX2	1	0
ZNF488	1	0
BRWD1	1	0
ATCAY	1	0
RASGRF2	1	0
ZNF480	0	1
ZNF483	1	0
LOC286190	1	0
IGFALS	1	0
41335	1	0
PRM3	1	0
DECR1	1	0
KIAA0513	1	0
CD200R1L	1	0
ACVR1	1	0
KALRN	1	0
JUND	1	0
HIST1H2AM	1	0
HIST1H2AH	1	0
SWSAP1	1	0
H1FX-AS1	1	0
HIGD1A	1	0
HIGD1B	1	0
41519	1	0
FAM179A	1	0
TMPRSS9	1	0
TRAF2	1	0
TRAF5	1	0
KLB	1	0
TRAF7	1	0
HOOK3	1	0
TMPRSS3	1	0
TMPRSS4	1	0
TMPRSS6	1	0
ESD	1	0
ABCC10	1	0
EMG1	1	0
SCD	1	0
TBC1D10B	1	0
MIR205HG	1	0
MOV10	1	0
ABP1	1	0
BPIFB2	1	0
MOCS1	1	0
TOMM40	1	0
BPIFB4	1	0
COMMD9	1	0
COMMD2	1	0
COMMD5	1	0
MIR4295	1	0
METTL13	1	0
METTL16	1	0
METTL14	1	0
METTL15	1	0
NPR1	0	1
NPR3	1	0
ZMYM4	1	0
CAMK2D	1	0
CYP2B7P1	1	0
CAMK2A	1	0
C17orf76-AS1	1	0
TMEM184A	1	0
TMEM184C	1	0
KAZALD1	0	1
APBA3	1	0
CYP2W1	1	0
TROAP	1	0
OR5A2	1	0
OR5A1	1	0
CD1D	1	0
CD1B	1	0
CD1A	1	0
ANO5	1	0
NRSN2	1	0
CELF4	1	0
CELF3	1	0
CELF1	1	0
POLR1A	1	0
POLR1C	1	0
POLR1E	1	0
SPATA31A1	1	0
SPATA31A2	1	0
SPATA31A4	1	0
MC4R	1	0
SPATA31A6	1	0
WDR43	1	0
WDR45	1	0
WDR47	1	0
WDR49	1	0
GTF2B	1	0
JAK3	1	0
GRM4	1	0
GRM6	1	0
GTF2I	1	0
NR1H2	1	0
HOXB8	1	0
NMRAL1	1	0
HOXB1	1	0
CHUK	1	0
PPARD	1	0
SPAM1	1	0
WFDC8	1	0
SPDEF	1	0
CD14	1	0
MIR3179-1	1	0
GOLGA6C	1	0
EFCAB4A	1	0
CD19	1	0
ASH2L	1	0
MKRN1	1	0
DYRK3	1	0
MKRN2	1	0
KIAA0947	1	0
LHFPL5	0	1
SAMSN1-AS1	1	0
PTGES	1	0
LHFPL3	1	0
WFDC5	1	0
FAM74A1	1	0
FAM74A3	1	0
ANKRD29	1	0
ELL3	1	0
ELL2	1	0
BHLHB9	1	0
RIMS3	1	0
OR4F16	1	0
OR4C45	1	0
CEP41	1	0
ST7L	1	0
FAM201A	1	0
ZYG11A	1	0
APOBEC3D	1	0
TLK2	1	0
APOBEC3A	1	0
APOBEC3B	1	0
EFHB	0	1
FAM72A	1	0
HSPE1	1	0
USP54	1	0
PRKD2	1	0
TTTY15	1	0
TTTY10	1	0
NARG2	1	0
FAM109A	1	0
LRRC37A4P	1	0
GIPR	1	0
EIF2S3	1	0
CFL1P1	1	0
LPIN1	1	0
PTPN20A	0	1
KLF7	1	0
CERKL	1	0
KLF3	1	0
KLF1	1	0
TMEM222	1	0
TMEM220	1	0
N4BP1	1	0
N4BP3	1	0
KLF8	1	0
HEATR4	1	0
HEATR2	1	0
FAM189B	1	0
REST	1	0
TPH2	1	0
NDUFC1	1	0
AGO1	1	0
MAP3K10	1	0
MAP3K11	1	0
MAP3K12	1	0
MAP3K13	1	0
MAP3K14	1	0
DDA1	1	0
SLC1A4	1	0
CYP11B1	1	0
STXBP5L	1	0
FUCA2	1	0
SLC1A3	1	0
LINC00176	1	0
LOC100505806	1	0
DHTKD1	1	0
GPT	1	0
DCTPP1	1	0
FCGR1A	1	0
MICB	1	0
RARA	1	0
GNL1	1	0
RARG	1	0
DHRS7	1	0
DHRS3	1	0
DHRS1	1	0
MIPEP	1	0
CACUL1	1	0
DYRK1A	1	0
DYRK1B	1	0
NABP1	1	0
CCNL1	1	0
JAKMIP2	1	0
CCNL2	1	0
DHRSX	1	0
GNLY	1	0
NOMO2	1	0
NOMO1	1	0
IMPA1	1	0
MTFP1	1	0
TPR	1	0
PHGDH	1	0
KITLG	1	0
OR4F29	1	0
SLC2A9	1	0
PTGES3	1	0
SLC2A6	1	0
SLC2A5	1	0
SLC2A3	1	0
SLC2A2	1	0
SLC2A1	1	0
DIXDC1	1	0
PLAGL1	1	0
OR6F1	1	0
SYF2	1	0
METRNL	1	0
SMLR1	1	0
CCAR1	1	0
MTDH	1	0
ZNF273	1	0
MADD	1	0
LINC00238	1	0
ZBTB8A	1	0
SHKBP1	1	0
CEACAM3	1	0
CEACAM5	1	0
CEACAM7	1	0
LRRTM2	1	0
LOC100288346	1	0
CEACAM8	1	0
SLC46A2	1	0
ENG	1	0
GTF2IRD1	1	0
F12	1	0
RBMY1J	1	0
LOC100506050	1	0
FZD7	1	0
TBC1D30	1	0
PPT2	1	0
CACNB2	1	0
SEC24B-AS1	1	0
EFCAB6-AS1	1	0
NODAL	1	0
TNR	1	0
JAKMIP2-AS1	1	0
GPR75	1	0
RCOR2	1	0
TIGD2	1	0
TIGD4	1	0
TIGD6	1	0
FLT4	0	1
FLT3	1	0
C21orf49	1	0
PTPRCAP	1	0
KIAA1958	1	0
OXSM	0	1
SUGP1	1	0
H1F0	1	0
RCL1	1	0
MRPS18B	1	0
FIGNL1	1	0
RUNX1-IT1	1	0
ELMOD2	1	0
S100PBP	1	0
CHAMP1	1	0
SKIV2L2	1	0
TAF9B	1	0
BPI	1	0
USP17L1P	1	0
LCN8	1	0
SF3B2	0	1
ALOX15	1	0
AFG3L1P	1	0
SEMA6D	1	0
SEMA6B	1	0
SEMA6A	1	0
CNIH2	1	0
ELAC1	1	0
PKI55	1	0
DDHD2	1	0
ADCK3	1	0
ADCK1	1	0
DNAJC17	1	0
SCN2A	1	0
RTBDN	1	0
DNAJC10	1	0
EPRS	1	0
EIF5A	1	0
RLIM	1	0
FEM1C	1	0
ASF1B	1	0
DNAJC19	1	0
SUPT16H	1	0
MLN	1	0
FAS-AS1	1	0
NAT8B	1	0
MS4A6E	1	0
METTL21A	1	0
SCML2	1	0
SCML1	1	0
SCML4	1	0
CXorf49	1	0
NRL	1	0
PFKFB3	1	0
FAM195A	1	0
PFKFB4	1	0
ACTG1	1	0
ADD1	1	0
ZDBF2	1	0
PPP4R2	1	0
PKD2L2	1	0
HIST1H1E	1	0
MIR1270-1	1	0
LTBR	1	0
MAP3K9	1	0
MAP3K3	1	0
MAP3K6	1	0
MAP3K4	1	0
PET117	1	0
MARVELD2	1	0
TPGS2	1	0
CCBP2	1	0
ZNF207	1	0
FMO1	1	0
ZNF202	1	0
ZNF200	1	0
GPX2	1	0
ZNF208	1	0
EVX2	1	0
SETD8	1	0
PRR14L	1	0
SETD2	1	0
SETD4	1	0
SETD6	1	0
TMEM45A	1	0
LOC146513	1	0
LOC100133612	0	1
PRAMEF13	1	0
MARCKSL1	1	0
PRSS21	1	0
PRSS23	0	1
RGP1	1	0
EME2	0	1
RAD21-AS1	0	1
DUOX1	1	0
DUOX2	1	0
VENTXP7	1	0
RIT2	1	0
ZNF486	1	0
GLYR1	1	0
KRTAP4-8	1	0
PCNXL4	1	0
PCNXL2	1	0
KRTAP4-1	1	0
KRTAP4-6	1	0
RRM2B	1	0
PTCSC3	1	0
FRZB	1	0
BZW2	1	0
GUCY2GP	1	0
SPRR2G	1	0
SPRR2A	1	0
SPRR2C	1	0
KRTAP12-1	1	0
KRTAP12-2	1	0
OR5C1	1	0
PALB2	1	0
CDHR4	1	0
ST8SIA2	1	0
ST8SIA1	1	0
LOC147646	1	0
SHQ1	1	0
C6orf170	1	0
HERC4	1	0
STX1A	1	0
STX1B	1	0
OR2A25	1	0
BTBD19	1	0
BTBD17	1	0
HARS	1	0
LOC731275	1	0
SIK1	1	0
CTDNEP1	1	0
KRT80	1	0
KRT81	1	0
KRT82	1	0
CST9L	1	0
KRT86	1	0
SNAR-A9	1	0
TSEN2	1	0
SNAR-A1	1	0
TPRXL	1	0
MAST1	1	0
MAST3	1	0
MAST4	1	0
SALL3	1	0
QARS	1	0
GALK1	1	0
CYP1A1	1	0
RAB9B	1	0
STX11	1	0
LINC00578	1	0
FARSA	1	0
C9orf72	1	0
LINC00570	1	0
ZMIZ1	0	1
LINC00575	1	0
LOC285696	1	0
SLURP1	1	0
CUTC	1	0
MOSPD3	1	0
IL23R	1	0
SHANK2-AS1	1	0
RIMBP3B	1	0
TM9SF1	1	0
TLN2	1	0
PCDHGA12	1	0
DPP8	1	0
RSBN1L-AS1	1	0
STK33	1	0
DPP4	1	0
OR7E2P	1	0
CEP63	1	0
COQ10B	1	0
GLTSCR2	1	0
IK	1	0
CYP2A6	1	0
OR7E24	1	0
MRPS16	0	1
HS1BP3	1	0
NOC3L	1	0
RNFT1	1	0
SYN3	1	0
HIAT1	1	0
SECISBP2	1	0
PRPF18	1	0
A4GALT	1	0
LOC728730	1	0
OR10R2	1	0
FLJ36777	1	0
TRMT61A	1	0
TRMT61B	1	0
ZFYVE9	1	0
ZNF300P1	1	0
DGCR9	1	0
CTU2	1	0
MUM1	1	0
CCDC88A	1	0
RXFP3	1	0
RXFP2	1	0
RXFP4	0	1
DGCR6	1	0
ZNF782	1	0
ZNF785	1	0
GOT2	1	0
RNASEK	1	0
ZNF788	1	0
RPP40	1	0
RNASE8	1	0
QTRT1	1	0
OR2T4	1	0
OR2T3	1	0
BRAT1	1	0
OR2T1	1	0
SNAP25-AS1	1	0
SCAND2P	1	0
CCDC82	1	0
LAMB1	1	0
CCDC80	1	0
CCDC87	1	0
ROBO4	1	0
CCDC84	1	0
ZNF569	1	0
ZNF567	1	0
ZNF565	1	0
HSD11B1	1	0
ZNF563	0	1
ZNF561	1	0
STMN4	1	0
RHOT2	1	0
ACRBP	1	0
DCLK1	1	0
NOX4	1	0
TOMM22	1	0
C1orf151-NBL1	1	0
UBE3C	1	0
MIAT	1	0
LINC00623	1	0
TOP2B	1	0
IPW	1	0
SDAD1	1	0
SNORD32A	1	0
SLC26A3	1	0
SLC26A5	1	0
MIA3	1	0
SLC26A7	1	0
SLC26A9	1	0
FGF5	1	0
GET4	1	0
FGF1	1	0
OLFML2B	1	0
BCAM	1	0
HTA	1	0
GLOD5	1	0
SDC2	0	1
SDC4	1	0
ELOVL6	1	0
ELOVL4	1	0
ELOVL5	1	0
ELOVL2	1	0
AMY1A	1	0
AMY1B	1	0
POM121C	1	0
NUDT4P1	0	1
CWF19L1	1	0
NAA20	1	0
NAA25	1	0
KIN	1	0
SGCG	1	0
SGCD	0	1
CNKSR3	1	0
SGCZ	1	0
DUSP5	1	0
DUSP7	1	0
DUSP6	1	0
DUSP2	1	0
LRRC8D	1	0
GBGT1	1	0
NKD2	0	1
RBL1	1	0
LRRC8B	1	0
OR51E1	1	0
NMRK2	1	0
LOC100506035	1	0
XRCC6BP1	1	0
LINC00629	0	1
MTF2	1	0
LEP	1	0
TPTE2P3	1	0
TBC1D19	1	0
TPTE2P5	1	0
TBC1D13	1	0
TOR4A	1	0
TBC1D16	1	0
TAB1	1	0
TBC1D14	1	0
NUMA1	1	0
C21orf67	1	0
C21orf62	1	0
HSPA1B	1	0
FAM83H	1	0
GPR56	1	0
BAZ2B	1	0
FAM83C	1	0
CACTIN	1	0
MIR101-2	1	0
FAM83D	1	0
C12orf71	1	0
C12orf73	1	0
C12orf74	1	0
C12orf76	1	0
TMEM254-AS1	1	0
DGKK	1	0
DGKI	1	0
DGKA	1	0
DGKD	0	1
COPZ1	1	0
TMEM106C	1	0
TMEM106A	0	1
PTGIS	1	0
CLTCL1	1	0
RTEL1	1	0
ANKRD66	1	0
NPM2	1	0
FLJ40292	1	0
TXNDC15	1	0
ATF1	1	0
RHCE	1	0
CCSAP	1	0
TMEM25	1	0
TXNDC12	1	0
DGCR11	1	0
C1orf95	1	0
AHNAK2	1	0
PPP3R2	1	0
PPP3R1	1	0
FAM222A	1	0
IQCB1	1	0
SCG2	1	0
AP5S1	0	1
SEMA4A	1	0
MPHOSPH6	1	0
SEMA4F	1	0
SEMA4G	1	0
CTAGE9	1	0
OTUD7B	1	0
SQRDL	1	0
CTAGE4	1	0
OR6W1P	0	1
GLP1R	1	0
SCN4A	1	0
MIR1203	1	0
TMCO4	1	0
CEBPE	1	0
SCCPDH	1	0
SERP1	0	1
MS4A4A	1	0
STRBP	1	0
GALNT10	1	0
TTI1	1	0
AHR	1	0
COLEC12	1	0
LOC652276	1	0
TXNRD1	1	0
ACTA2	0	1
ZNF195	1	0
LOC100505624	1	0
PDS5A	1	0
PDS5B	0	1
TSTD1	1	0
BNIPL	1	0
TADA2B	1	0
OR1I1	1	0
RSBN1L	1	0
UBXN2B	1	0
VWA5B2	1	0
VTA1	1	0
EDARADD	1	0
ZNF221	1	0
ZNF223	1	0
ZNF225	1	0
ZNF227	1	0
CBLL1	1	0
KIF7	1	0
KCNQ5	1	0
KCNQ3	1	0
ALDH8A1	1	0
VEGFA	1	0
VEGFB	1	0
C3P1	1	0
BNIP1	1	0
ASTN1	1	0
EMC9	1	0
SHD	1	0
NAB1	1	0
CLCC1	1	0
OTUD4	0	1
AP3M1	1	0
SPEM1	1	0
AKAP14	1	0
TRIM43B	1	0
AKAP10	1	0
HTRA4	0	1
COL2A1	1	0
HTRA2	1	0
BSDC1	1	0
SPI1	1	0
MFSD6	1	0
S100Z	1	0
UNC5CL	1	0
CYP21A2	1	0
EGLN3	1	0
C17orf82	1	0
NASP	1	0
SPIB	1	0
MIR4787	1	0
ARID5B	1	0
MAP2K2	1	0
LOC100129722	1	0
LOC641367	1	0
LAPTM4B	1	0
ALG1L2	1	0
WDR85	1	0
ALOX5AP	1	0
WDR81	1	0
NLRC5	1	0
ASB9P1	1	0
HLA-DRA	1	0
B3GALT2	1	0
SNAR-C2	1	0
ESYT1	1	0
CXCR3	1	0
CXCR7	1	0
PSMD6-AS2	1	0
JAG2	1	0
JAG1	1	0
CLRN1	1	0
QRICH1	1	0
CRYBB1	1	0
EXOC3	1	0
HAP1	1	0
EXOC4	1	0
BNC2	1	0
EXOC8	1	0
ANK1	1	0
ANK3	1	0
CHRNG	0	1
MGAT4B	1	0
LINC00550	1	0
RAD17	0	1
CRAMP1L	1	0
EVA1B	1	0
OR9A2	1	0
C5AR1	1	0
TNRC6C	1	0
TNRC6B	1	0
USP28	1	0
USP25	1	0
USP22	1	0
ADAMTS5	1	0
BCRP2	1	0
ADAMTS1	1	0
ARHGEF9	1	0
ARHGEF7	1	0
ARHGEF2	1	0
COTL1	1	0
TSPEAR	1	0
GMCL1	1	0
CDH1	1	0
RP1L1	1	0
CDH7	1	0
CENPO	1	0
SLC10A4	1	0
CENPM	1	0
CENPJ	1	0
CENPH	0	1
SENP3-EIF4A1	1	0
CENPF	1	0
RAMP1	1	0
HYMAI	1	0
RAMP2	1	0
LDB3	1	0
LDB1	1	0
SSH3	1	0
CENPV	1	0
CENPQ	1	0
LIN9	1	0
TSPY26P	1	0
PLEKHA4	1	0
LOC100130301	1	0
PLEKHA7	1	0
PLEKHA1	1	0
PLEKHA2	1	0
NETO1	1	0
PLEKHA8	1	0
SEC62	1	0
DHX38	1	0
TRIB1	1	0
TRIB3	1	0
DHX32	1	0
LOC100506100	1	0
DHX34	1	0
DHX36	1	0
LCE1F	0	1
LCE1C	1	0
HRNR	1	0
LCE1A	1	0
LINC00424	0	1
MPLKIP	0	1
VN1R2	1	0
ZNF768	1	0
ZNF765	1	0
ZNF767	1	0
ZNF761	1	0
OR2V1	1	0
VNN3	1	0
VNN1	1	0
DSCR10	1	0
CLEC11A	1	0
FAM185A	1	0
C14orf79	1	0
SUCLG2	1	0
SLC4A1AP	1	0
DOPEY1	1	0
ZNF501	1	0
MIR520C	1	0
ZNF503	1	0
ZNF502	1	0
MIR520G	1	0
ZNF506	1	0
GPBP1	1	0
TREM2	1	0
RPL41	1	0
MYH2	1	0
USF2	1	0
GREB1	1	0
MYH6	1	0
PION	1	0
FAM167B	1	0
MYH9	1	0
LOC100287015	1	0
CELF6	1	0
ZNF431	1	0
CADM4	1	0
FGD5	1	0
FGD4	1	0
MPHOSPH10	1	0
KIAA0430	1	0
MACC1	1	0
KRTAP5-2	1	0
KRTAP5-3	1	0
PRR5-ARHGAP8	1	0
KRTAP5-8	1	0
SATB2	1	0
SATB1	1	0
UHRF1	1	0
FAM149B1	1	0
CNNM3	1	0
CNNM4	1	0
PIP5K1C	1	0
OR8K5	1	0
PIP5K1A	1	0
LOC100288122	0	1
MYO9A	1	0
ZBTB8OS	1	0
PHF14	1	0
PHF15	1	0
PHF16	1	0
PHF11	1	0
PHF13	1	0
ZNF862	1	0
DNM1P46	1	0
SLC5A1	1	0
MEGF8	1	0
LOC100505978	1	0
CCNB1IP1	1	0
TSLP	1	0
LOC100506172	0	1
STIP1	1	0
RAVER2	1	0
ALX3	1	0
RB1	1	0
ZBTB3	1	0
ZBTB1	1	0
ATAD3C	1	0
ATAD3B	1	0
MAT2B	1	0
LOC653513	1	0
CARD10	1	0
CARD14	1	0
CASC2	1	0
MIR3646	1	0
ARR3	1	0
CASC4	1	0
PXMP2	1	0
PXMP4	1	0
LOC284379	1	0
HCG22	1	0
NUDT16	1	0
ABCC3	1	0
IMMT	1	0
SLC6A3	1	0
BOLA2B	1	0
SLC6A7	1	0
NDUFB9	1	0
NDUFB6	1	0
SLC6A9	1	0
NDUFB4	0	1
ASB12	1	0
FAM213B	1	0
KIAA1919	1	0
TMOD1	1	0
GPR32	1	0
GPR34	0	1
NAALADL1	1	0
C12orf57	1	0
C12orf52	1	0
DNAH12	1	0
FAM50A	1	0
FMNL3	1	0
STAP2	1	0
ZIC5	1	0
NEXN	1	0
MAPRE1	1	0
TBC1D26	1	0
ANKRD45	1	0
AQP7	1	0
AQP5	1	0
AQP3	1	0
ANKRD42	1	0
TBC1D24	1	0
AQP8	1	0
MIR125B1	1	0
PATZ1	1	0
TAGAP	1	0
MPV17L	1	0
EIF1B-AS1	1	0
PGGT1B	1	0
RHAG	1	0
ZNF79	1	0
SNHG1	1	0
POM121L12	1	0
RNF215	0	1
RNF214	1	0
RNF217	1	0
RNF216	1	0
LZTR1	1	0
RNF213	1	0
MED29	1	0
MED21	1	0
MED20	1	0
ENAH	1	0
MED22	1	0
LOC100862671	1	0
MED26	1	0
CC2D1B	1	0
C10orf131	1	0
FNBP1L	1	0
UTS2R	1	0
LOC100128554	1	0
LOC100131551	1	0
YARS	1	0
RBM33	1	0
SENP6	1	0
LOC100129148	1	0
RBM39	1	0
EPHB2	1	0
EPHB1	0	1
EPHB6	1	0
PARP9	1	0
PARP4	1	0
PARP6	1	0
PTPDC1	1	0
HOXB7	1	0
BCCIP	1	0
TP53INP2	1	0
BTNL2	1	0
MELK	1	0
FGF23	1	0
MDFI	1	0
RASIP1	1	0
LAGE3	1	0
ACTC1	1	0
ZNF35	1	0
SH3GL1	1	0
SPACA5B	1	0
SLC10A7	1	0
PART1	1	0
FHL3	1	0
OR1K1	1	0
FTH1	1	0
BSPRY	1	0
ITPRIPL2	0	1
KIAA1751	1	0
LOC732275	1	0
ALDH7A1	1	0
RAD51D	1	0
FRMD8P1	1	0
CTDSPL2	1	0
VTRNA1-3	1	0
VTRNA1-1	1	0
HMGXB4	1	0
DIP2B	1	0
BAHD1	1	0
MYLPF	1	0
DCLRE1C	1	0
YES1	1	0
DCLRE1A	1	0
ECT2	1	0
PI4KAP1	1	0
NADK	1	0
LOC100506795	0	1
ZCCHC8	1	0
KCNS2	1	0
ZCCHC3	1	0
ZCCHC6	1	0
ZCCHC4	1	0
C17orf62	1	0
C17orf66	1	0
SPOP	1	0
ADAM21P1	1	0
SLCO2A1	1	0
OR2M4	0	1
TP53BP1	1	0
LOC400456	1	0
OR2M2	1	0
THTPA	1	0
ZNF804B	1	0
UPP2	1	0
ARID3C	1	0
ARID3B	1	0
MRPS31	1	0
RAMP2-AS1	1	0
CD300LG	1	0
ADPRHL2	1	0
LOC392196	1	0
DARS	1	0
LYPLA2	1	0
GLRX2	1	0
PIH1D3	1	0
S100A10	1	0
LOC100507557	0	1
PHYHIP	1	0
C19orf40	1	0
PRAP1	1	0
AHCYL1	1	0
C19orf45	1	0
C19orf48	1	0
A4GNT	1	0
GRK4	1	0
GRK1	1	0
CAPN5	1	0
CAPN2	1	0
RPE	1	0
NECAB1	1	0
SPAG8	1	0
PRRC2C	1	0
SPAG4	1	0
KLHL6	1	0
KLHL4	1	0
KLHL3	1	0
KLHL8	1	0
CAB39L	1	0
FUT10	1	0
PTMA	1	0
LINC00534	1	0
LINC00536	1	0
KDELR2	1	0
LINC00538	1	0
LRRD1	1	0
MAMDC4	1	0
FSBP	1	0
AANAT	1	0
ST18	1	0
LOC730101	1	0
LOC100506207	0	1
LYG1	1	0
TCTN2	1	0
TCTN1	1	0
SOHLH1	1	0
GRAMD3	1	0
PCTP	1	0
GRAMD4	1	0
PRDM14	1	0
LOC728558	1	0
RGMA	1	0
DCHS1	1	0
FAM133DP	1	0
LCE6A	1	0
SERPINB10	1	0
SERPINB12	1	0
CMA1	1	0
PLEC	1	0
LRMP	1	0
PLEK	1	0
LOC100130899	1	0
GSTT2B	1	0
SF3B14	1	0
SLC6A10P	1	0
TUBBP5	1	0
SPOCK2	1	0
LINC00523	1	0
FNBP1	1	0
CLDN11	1	0
BTN3A2	1	0
FNBP4	1	0
SLC32A1	1	0
CLDN19	1	0
APOOL	1	0
TENM2	1	0
TENM4	1	0
MIR512-2	1	0
GAD2	1	0
ZNF747	1	0
ZNF740	1	0
LCE3E	1	0
ODF3L2	1	0
PHIP	1	0
LOC441242	1	0
DDB2	1	0
MPV17L2	1	0
SYNE2	1	0
FAM187B	1	0
SYNE4	1	0
FAM170B	1	0
YTHDC2	1	0
TRPS1	1	0
ZNF527	1	0
LOC100287632	1	0
ZNF525	1	0
ZNF528	1	0
ARHGEF28	1	0
RNF144B	1	0
FAM86EP	1	0
STEAP2	1	0
ARHGEF25	1	0
STEAP4	1	0
OTC	1	0
LOC100129931	1	0
SLX1B-SULT1A4	0	1
DSCAM	1	0
UBASH3A	1	0
AVL9	1	0
GRHL2	1	0
ZNF818P	1	0
GCLC	1	0
C1GALT1	1	0
WHAMM	1	0
MIR5088	1	0
DAPK1	1	0
NR3C2	1	0
PABPN1	1	0
ULK1	1	0
DPY19L4	1	0
MIR4688	1	0
PIM1	1	0
IL18R1	1	0
MYNN	1	0
TNN	1	0
FAM138C	1	0
FAM138A	0	1
GORAB	1	0
RNLS	1	0
MYO7B	1	0
UBL7	1	0
UBL3	1	0
STK10	1	0
POLG2	1	0
GPAT2	1	0
FKBP5	1	0
FKBP7	1	0
SEC23IP	1	0
LINC00707	1	0
FKBP8	1	0
LINC00700	1	0
TYROBP	1	0
PPME1	1	0
SV2C	1	0
SLC27A2	1	0
LOC645638	1	0
WIPI1	1	0
ZNF638	1	0
LOC284395	1	0
FKBPL	1	0
GM2A	1	0
FDXACB1	1	0
UPK3BL	1	0
CSRP2	1	0
LOC100289673	1	0
GPR17	1	0
ATP6V1D	1	0
HSD17B10	1	0
ATP6V1F	1	0
ATP6V1A	1	0
HSD17B14	1	0
GPR19	1	0
AGXT2L2	1	0
SPTSSB	1	0
PANK1	1	0
NPIP	1	0
PANK2	1	0
ETAA1	1	0
PLCL2	1	0
KIF2B	1	0
HEATR5A	1	0
RPL19P12	1	0
RAP1GDS1	1	0
IGJ	1	0
PLXNC1	1	0
ZNRF1	1	0
ZNRF3	1	0
C10orf68	1	0
GPX1	1	0
CBS	1	0
PRDM7	1	0
SLC22A1	1	0
PDE6D	1	0
MYBBP1A	1	0
IL11RA	1	0
FLNA	1	0
FLNC	1	0
SLC22A8	1	0
PRDM9	1	0
EFCAB2	1	0
RCAN1	1	0
RCAN2	1	0
WASH7P	1	0
PRKCSH	1	0
FAM226B	1	0
HIC1	1	0
HFM1	1	0
RAD51AP2	1	0
SAP30BP	1	0
ICA1L	1	0
SIT1	1	0
PARVA	1	0
TPRA1	1	0
MIR122	1	0
BEND7	1	0
BEND3	1	0
RXRB	1	0
CCNYL1	1	0
ALDH9A1	1	0
GRAMD1B	1	0
CXorf23	1	0
YAP1	1	0
ALK	1	0
SUCLA2	1	0
RELL2	1	0
ABCA7	1	0
ABCA5	1	0
ABCA3	1	0
RFT1	1	0
CIZ1	1	0
TUBGCP5	1	0
ZNF492	1	0
LOC100505619	1	0
MGC16142	1	0
ZNF490	1	0
PSMD3	1	0
NLGN3	1	0
RTP4	0	1
ZNF18	1	0
ZNF19	1	0
ZNF14	1	0
ZNF10	1	0
ZNF12	1	0
MYBPHL	1	0
PROP1	1	0
PPP5D1	1	0
SPON2	1	0
BANP	1	0
SCN8A	1	0
KIAA1731	1	0
ST6GALNAC6	1	0
ST6GALNAC4	1	0
COPS7B	1	0
CIDECP	1	0
LOC642361	1	0
NAF1	1	0
OR5E1P	1	0
NCK2	1	0
DKK4	0	1
DKK3	1	0
DKK1	1	0
RABGGTB	1	0
KIF13B	1	0
CES4A	1	0
AVPR1B	1	0
HPS5	1	0
HPS6	1	0
HPS3	1	0
TMED11P	1	0
DOM3Z	1	0
HOXA9	1	0
NFE2L3	1	0
NFE2L1	1	0
ATP8B5P	1	0
ROPN1L	1	0
ZNF267	1	0
ZNF263	1	0
ZNF268	1	0
LOC440905	1	0
TSNAX	1	0
PLBD1	1	0
PTAR1	1	0
MCHR1	1	0
CORIN	1	0
RPH3A	1	0
CACHD1	1	0
CEP350	1	0
HPSE	1	0
ZC3H11A	1	0
ARID1B	1	0
DHRS4L1	1	0
DHRS4L2	1	0
YIPF3	1	0
YIPF5	1	0
YIPF7	1	0
SDR39U1	1	0
CYB5R3	1	0
CYB5R2	0	1
CYB5R1	1	0
SPTAN1	1	0
SUDS3	1	0
TCF7L2	1	0
MIR4479	1	0
BTF3L4	1	0
YPEL1	1	0
C19orf60	1	0
YPEL2	1	0
FTSJ2	1	0
MKL1	1	0
MKL2	1	0
DERL1	1	0
SRMS	1	0
C11orf53	1	0
SAPCD2	1	0
C11orf57	1	0
UNC93A	1	0
SORL1	1	0
NLGN4X	0	1
NCR3	1	0
TICAM2	1	0
SLC24A3	0	1
IBTK	1	0
EIF4E	1	0
BCAR3	1	0
EIF4B	1	0
LINC00518	1	0
TNS1	1	0
CD96	1	0
S100A7A	1	0
CYB5RL	1	0
CLEC10A	1	0
EFNB3	1	0
HDAC2	1	0
THEMIS	1	0
HDAC4	1	0
HDAC6	1	0
CIRBP	1	0
TMEM161A	1	0
NHLH2	1	0
OXSR1	1	0
LOC145837	1	0
ITIH2	1	0
ITIH5	1	0
ITIH4	1	0
KIAA1549L	1	0
FXR2	1	0
FILIP1	1	0
CDT1	1	0
UCMA	1	0
SKAP2	1	0
TNFSF9	1	0
CHPT1	1	0
TRAPPC10	1	0
TRAPPC12	1	0
CST4	1	0
AURKAPS1	1	0
PTPLAD1	1	0
RRS1	1	0
GMPPA	1	0
SNRPD2P2	1	0
CMC1	1	0
JOSD2	1	0
OXGR1	1	0
OIT3	1	0
LOC100272228	1	0
OR10H2	1	0
OR10H1	1	0
OR10H4	1	0
KL	1	0
HNRNPA1P33	1	0
RAD51	1	0
AMIGO1	1	0
KY	1	0
AMIGO2	1	0
SRCAP	1	0
USP2	1	0
USP4	1	0
USP5	1	0
USP6	1	0
FAM86C1	1	0
CECR3	1	0
RNF39	1	0
SOX3	1	0
SOX1	1	0
SOX4	1	0
SOX5	1	0
ZNF721	1	0
LOC440173	1	0
CEBPA	1	0
UGT1A10	1	0
ZNF729	1	0
LCE5A	1	0
ZNF541	1	0
INTS3	1	0
INTS2	1	0
INTS1	1	0
KLRC2	1	0
INTS7	1	0
KLRC4	1	0
INTS5	1	0
LOC100507373	1	0
INTS9	1	0
SLC1A6	1	0
CTNNA3	1	0
FAM181A	1	0
OR5AU1	1	0
SELRC1	1	0
TGIF2	1	0
ARHGEF40	1	0
LOC388906	1	0
CDRT15	1	0
TM7SF2	1	0
EPB41L4B	1	0
EPB41L4A	1	0
MYL4	1	0
BLCAP	1	0
ATP2C1	1	0
MYL9	1	0
NALCN-AS1	1	0
LINGO4	1	0
LINGO3	1	0
LINGO2	1	0
LINGO1	1	0
CERS1	1	0
TFB2M	1	0
MPP7	1	0
MPP5	0	1
MPP4	1	0
FAM110A	1	0
PCDHAC1	1	0
INHBE	1	0
MGC27382	0	1
FAM210A	1	0
EXTL1	1	0
EXTL3	1	0
STAU2	1	0
RGSL1	1	0
SNORD83A	1	0
LY86-AS1	1	0
IKBKB	0	1
DONSON	1	0
LOC286370	1	0
MYO5A	1	0
SNORA71B	1	0
SYNM	1	0
PLCB3	1	0
YME1L1	1	0
GORASP1	0	1
GSPT1	1	0
CRTC2	1	0
PNMAL1	1	0
TSHR	1	0
AP4B1	1	0
SUMF2	1	0
SDHAF2	1	0
NCALD	1	0
LOC400084	1	0
PIK3IP1	1	0
SURF1	1	0
HECA	1	0
FNDC3B	1	0
ZFAND2B	1	0
ZFAND2A	1	0
GNL3	1	0
MIER3	1	0
GBP2	1	0
ACSF3	1	0
MAN2A2	1	0
MB21D2	1	0
CORO2A	1	0
CCDC135	1	0
CCDC136	1	0
RBFOX2	1	0
CCDC132	1	0
SPACA3	1	0
PRTFDC1	1	0
OTOF	1	0
STK31	1	0
USP17L15	1	0
RSL1D1	1	0
USP17L13	1	0
USP17L12	1	0
USP17L10	0	1
STK39	1	0
GGNBP1	1	0
SYN1	1	0
LINC00184	1	0
THEG	1	0
CD7	1	0
LAMC3	1	0
DNAAF2	1	0
LOC727896	1	0
STAT1	1	0
CHRNB3	1	0
CHRNB4	1	0
HBEGF	1	0
CYP7A1	1	0
GABRB3	1	0
PODNL1	1	0
PLXNA3	1	0
PLXNA1	1	0
PLXNA4	1	0
PLN	1	0
MAS1L	1	0
BMPR1A	1	0
BMPR1B	1	0
MAP2K6	1	0
CT47A11	1	0
MAP2K4	1	0
AACS	1	0
GTF2IRD2B	1	0
BTN2A1	0	1
NLRC3	1	0
MINK1	1	0
DYDC1	1	0
EFCAB14-AS1	1	0
TSC22D3	1	0
NET1	1	0
ATP5G2	1	0
TNFSF15	1	0
OR4P4	1	0
LAMTOR5	1	0
ALDOA	1	0
GRPR	1	0
ALDOB	1	0
CAND2	1	0
FMN1	1	0
ARX	1	0
TIA1	1	0
SLC2A4RG	1	0
BAZ1B	1	0
ABCC9	1	0
GATSL2	0	1
ABCC5	1	0
ABCC1	1	0
LEAP2	1	0
TMOD4	1	0
DNAH10	1	0
LOC100505676	1	0
C2CD4A	1	0
PSMF1	1	0
PGM5-AS1	1	0
APLP1	1	0
APLP2	1	0
HRG	1	0
RPL22L1	1	0
SUPT20HL2	1	0
RYR1	1	0
RYR2	1	0
GOLGA1	1	0
GOLGA4	1	0
GOLGA7	1	0
SLCO3A1	1	0
ENPP6	1	0
ENPP4	1	0
ENPP1	1	0
LOC286442	1	0
GIPC2	1	0
ELFN1	1	0
FLJ37453	1	0
LOC100507299	1	0
MEGF10	1	0
CD2AP	1	0
LOC653160	1	0
PTMS	1	0
KDM5A	1	0
KDM5C	1	0
COL8A2	1	0
PDGFC	1	0
UBE2L3	1	0
DNM2	1	0
ICT1	0	1
LOC440925	1	0
ZNF287	1	0
ZNF284	1	0
ZNF285	1	0
ZNF283	1	0
SMIM3	1	0
OR2B11	1	0
LOC729444	1	0
GYS1	1	0
STK24	1	0
KIAA0040	1	0
SERTAD3	0	1
EVPL	1	0
STT3A	1	0
PLAT	1	0
RFXAP	1	0
ETV3	1	0
ETV5	1	0
ETV7	1	0
FAM8A1	1	0
BTBD8	1	0
BTBD7	1	0
BTBD1	1	0
BTBD3	1	0
TUBA8	1	0
CFL1	1	0
C10orf2	1	0
IKZF4	1	0
IKZF1	1	0
IKZF2	1	0
IGLL3P	1	0
LOC100506655	0	1
C11orf71	1	0
C11orf73	1	0
IL4I1	1	0
SPATS1	1	0
NFIC	1	0
SPATS2	1	0
SLC13A1	1	0
SLC13A4	1	0
TCEAL4	1	0
RGS16	1	0
RGS14	1	0
RGS12	1	0
RGS10	1	0
PSPH	1	0
SELK	1	0
IFNA5	1	0
EMX2OS	1	0
PHF20L1	1	0
TIMM23	1	0
LOC284454	1	0
HMX2	1	0
CLEC16A	1	0
IGFL2	1	0
ANKAR	1	0
LOC100506241	1	0
ELF3	1	0
ELF5	1	0
ELF4	1	0
MIR3148	1	0
UPK3B	1	0
KIAA1875	1	0
PRPS1	1	0
KRBOX1	1	0
TTLL11	1	0
TTLL12	1	0
LDHA	1	0
DNASE2B	1	0
ODF2L	1	0
DDX10	1	0
ACAP1	1	0
CCDC37	1	0
OR10J5	1	0
ZNRF2P1	1	0
LUZP2	1	0
LINC00310	1	0
C8orf82	1	0
SLFN13	1	0
BCL6B	0	1
FP588	1	0
PLEKHG2	1	0
NFIB	1	0
H1FOO	1	0
PLEKHG1	1	0
PLEKHG6	1	0
PLEKHG5	1	0
SELE	1	0
APPL2	1	0
LINC00317	1	0
SELV	1	0
