UBE2Q1	1
RNF14	1
UBE2Q2	1
RNF11	1
GTF2IP1	1
C16orf13	1
UCHL5	1
MZT2B	1
PMM2	1
FHIT	1
ZNF708	1
ZNF878	1
ZNF703	1
ZNF701	1
ZNF707	1
ZNF704	1
ZC3H13	1
ZC3H15	1
SPN	1
ZC3H18	1
LOC100507351	1
DHX9	1
TCOF1	1
XPC	1
GRINA	1
CEACAM6	1
SP4	1
SP6	1
GOLIM4	1
OPA1	1
RAB40B	1
COL7A1	1
OVCH2	1
OVCH1	1
SPPL2B	1
MYO3A	1
ITGA9	1
MYO3B	1
ATP2A2	1
ITGA1	1
ITGA3	1
ITGA5	1
ITGA7	1
DENND4A	1
DENND4C	1
SWAP70	1
PHLDA1	1
ZNF664-FAM101A	1
UFSP2	1
PAMR1	1
NWD1	1
FBXL13	1
FBXL15	1
HRH3	1
FBXL17	1
FAM169A	1
FAM169B	1
GHDC	1
SDK1	1
KIRREL3-AS2	1
THSD4	1
FAM212B	1
THSD1	1
CHST9	1
COL4A5	1
COL4A4	1
COL4A3	1
COL4A1	1
CHST3	1
CHST5	1
CHST7	1
ITGAX	1
NOG	1
PREP	1
CAMK1	1
ITGAM	1
HLF	1
FAM134C	1
ITGAE	1
SMAD9	1
LRPAP1	1
SMAD6	1
GOLPH3L	1
SMAD2	1
MUS81	1
AMMECR1L	1
TMPRSS11A	1
IGF2R	1
TMPRSS11F	1
FLJ16341	1
HAUS6	1
SLC36A3	1
SLC36A1	1
RNF112	1
C14orf119	1
ART5	1
HERC2P4	1
HERC2P7	1
TCEA2	1
ABCD1	1
TMLHE-AS1	1
OR6P1	1
CCDC117	1
RLF	1
CCDC113	1
ATP1A3	1
ATP1A1	1
MGRN1	1
CRTAP	1
SPHK1	1
CUEDC1	1
IPO13	1
CPEB4	1
CPEB3	1
SBSPON	1
RBMXL1	1
SIRPD	1
ZNF780A	1
ZNF41	1
IFT81	1
LOC100289495	1
IL10RA	1
SARDH	1
MCM10	1
IGFBPL1	1
ATG4B	1
PHOX2A	1
LRGUK	1
CFI	1
CFB	1
SMKR1	1
ATP6V0E2	1
SIX4	1
SIX6	1
MR1	1
LOC100506385	1
CNPY2	1
LINC00303	1
LINC00301	1
HMG20A	1
PHOSPHO2	1
LOC286177	1
C4orf19	1
C3orf70	1
ECEL1	1
CHFR	1
EFHA2	1
RFPL1	1
SYPL2	1
RFX5	1
RFX7	1
RFX1	1
RFX3	1
IBA57	1
TMEM179B	1
PDZK1	1
UQCRC2	1
XPNPEP2	1
TEN1-CDK3	1
TRAPPC2	1
PAPLN	1
PM20D2	1
KHDRBS3	1
ARPP21	1
GPR78	1
MSL3P1	1
TARS2	1
DPYSL3	1
OSTM1	1
KRTAP10-12	1
HBE1	1
IGFBP4	1
LOC286297	1
LOC729013	1
C15orf27	1
GJA4	1
CYP8B1	1
PMS2P4	1
PRR7-AS1	1
LOC100505658	1
KDM3A	1
PPP6R3	1
TMC6	1
TMC1	1
GPR15	1
EIF2B5	1
EIF2B2	1
EIF2B3	1
PRKAR2A	1
XRRA1	1
OR4D6	1
IFT140	1
TMEM14C	1
TMEM14A	1
MECOM	1
RSPH3	1
RSPH1	1
TPBGL	1
MYT1L	1
C9orf123	1
LOC646719	1
PHACTR4	1
CLIC5	1
OR2K2	1
CFHR4	1
NUP107	1
KRTAP2-1	1
KRTAP2-4	1
ASGR1	1
TMEM143	1
TMEM141	1
MIR4703	1
RTKN2	1
SOWAHA	1
SOWAHC	1
KIAA1199	1
PKD1P1	1
FER1L6	1
FER1L5	1
EPN2-AS1	1
ZCCHC18	1
C19orf21	1
ZMAT4	1
C19orf25	1
SMOC2	1
MYBL2	1
ITGB1BP2	1
VN1R10P	1
ZNF3	1
CTCFL	1
ZAP70	1
LOC284294	1
RAC1	1
FIGNL2	1
VCP	1
CPLX1	1
CPLX4	1
LOC389332	1
CADPS	1
PBX3	1
AIRE	1
NSUN2	1
NSUN4	1
NSUN6	1
WWC2-AS2	1
PRAMEF5	1
TUBG2	1
PRAMEF1	1
PTCH2	1
AOAH-IT1	1
PAGR1	1
ERGIC2	1
RRP7A	1
CDR2L	1
PDF	1
B3GAT1	1
FAM66B	1
FAM66A	1
CXCR5	1
LOC728537	1
CALM3	1
CALM1	1
GSDMB	1
GSDMD	1
UPK1B	1
DLGAP3	1
DLGAP4	1
MBNL3	1
SRSF10	1
CDX2	1
CLCN2	1
CLCN7	1
CLCN5	1
FBXL19	1
BRD8	1
BRD4	1
BRD1	1
BRD3	1
DNAJA1	1
PTPN12	1
PTPN14	1
GALR2	1
LYAR	1
CH25H	1
MRPL24	1
CSF2RA	1
MRPL20	1
MRPL23	1
USP17L3	1
FAAH2	1
GAB2	1
LOC100506844	1
IRS1	1
HABP4	1
C2orf83	1
SNORA81	1
ZSCAN9	1
NPTX1	1
C2orf88	1
FLJ46361	1
NDRG3	1
ZSCAN2	1
SRSF4	1
SRSF1	1
SRSF3	1
MZB1	1
HOXA5	1
DNAJB13	1
RAPH1	1
VIL1	1
MSMB	1
HLA-DQB2	1
RNF139	1
CISD3	1
SUPT20H	1
TSHZ2	1
TSHZ1	1
CHML	1
VILL	1
TRMT13	1
TIPARP	1
ASUN	1
KRTAP24-1	1
CAMKK2	1
NPTXR	1
ARHGAP5-AS1	1
MYO1F	1
MYO1D	1
SAP25	1
CHMP3	1
CHMP7	1
CHMP6	1
DENND6A	1
PGBD5	1
CTPS2	1
PGBD1	1
LY6G6C	1
PPAPDC1B	1
HOXA10	1
KRTAP19-2	1
KRTAP19-3	1
ATAT1	1
TSSK6	1
TSSK4	1
SRF	1
TSSK3	1
ZNF322	1
FAM214B	1
SRM	1
LGALS8	1
LGALS2	1
SRY	1
LGALS4	1
LOC399715	1
EIF2AK1	1
EIF2AK2	1
HN1	1
HP07349	1
FAM136A	1
LOC388948	1
ASAP1	1
ASAP3	1
PLAUR	1
TBC1D1	1
SLCO1B1	1
LRRC25	1
TPPP	1
LRRC23	1
KIAA1033	1
LPGAT1	1
PRKY	1
TIMM17B	1
TIMM17A	1
GCNT3	1
C14orf132	1
LPCAT2	1
LPCAT1	1
PIGA	1
PIGC	1
PIGM	1
PIGQ	1
TMEM194B	1
PIGU	1
PIGV	1
PIGW	1
PIGY	1
RMND1	1
ANKLE1	1
SERPINB9	1
ANKLE2	1
RHPN2	1
CCDC171	1
SRRM2	1
RAET1L	1
CCDC175	1
CCDC177	1
RGL1	1
PDK2	1
PDK4	1
LNPEP	1
ALPI	1
SEC61A1	1
ALPL	1
PTGS1	1
NAPRT1	1
ZFAND6	1
PUF60	1
ZFAND4	1
ZFAND1	1
SUPT3H	1
SLC39A13	1
MIR4513	1
SLC39A11	1
SLC39A14	1
INMT-FAM188B	1
CTAGE11P	1
NTRK1	1
NTRK2	1
NTRK3	1
ARHGAP23	1
SMAD4	1
ARHGAP21	1
ARHGAP27	1
ARHGAP25	1
D21S2088E	1
ARHGAP29	1
FLJ39739	1
DDIT4	1
RBFA	1
COL19A1	1
NKRF	1
AFTPH	1
ATG2A	1
MLYCD	1
BMP5	1
BMP3	1
BMP1	1
KIAA0586	1
DR1	1
LOC613037	1
GOLGA8S	1
TERF2	1
GOLGA8G	1
FEM1A	1
GOLGA8A	1
ROCK1P1	1
RASSF1	1
PTOV1	1
RASSF3	1
CT45A2	1
CT45A4	1
RASSF6	1
VMO1	1
LPPR2	1
ATP5C1	1
CHD3	1
CHD5	1
CHD4	1
CHD7	1
CHD9	1
MIR636	1
CAP2	1
NPC2	1
GATA3-AS1	1
LINC00327	1
C3orf58	1
RAB3GAP2	1
BHLHA15	1
C3orf52	1
TTC9	1
TTC8	1
DAG1	1
CHDH	1
TPRKB	1
PRDM16	1
LOC389043	1
PLSCR3	1
PRDM11	1
SLC22A31	1
HIST1H3A	1
SPC25	1
LMAN1	1
MPZ	1
GRPEL1	1
GRPEL2	1
FLJ42102	1
OR1S2	1
SRGAP2D	1
KRTAP5-10	1
SRGAP2C	1
QRSL1	1
MIR1227	1
BTG2	1
SLA2	1
SRD5A1	1
AKAP17A	1
ZFP36L1	1
GGA1	1
GGA2	1
TSNAXIP1	1
C15orf41	1
C4orf6	1
PKD1	1
LOC100287225	1
GJC1	1
PSMB9	1
PRKACB	1
STAMBPL1	1
PSMB5	1
PSMB3	1
ZNF136	1
HDHD1	1
FAM127A	1
SPG7	1
TDGF1	1
LOC339788	1
KCNK9	1
KCNK5	1
KCNK7	1
KCNK1	1
KCNK3	1
LOC100128787	1
C9orf142	1
NACC2	1
ACOT11	1
ACOT12	1
VPS13A	1
VPS13C	1
BEX5	1
BCORP1	1
SCAF11	1
NUP160	1
TMEM163	1
TMEM164	1
EVI2A	1
EVI2B	1
FOXN2	1
COL14A1	1
VWDE	1
GNA14	1
GRIN2A	1
GNA12	1
KLHDC8B	1
GRIN2D	1
MYO10	1
SH2B3	1
TAP1	1
SMIM10	1
SBF2	1
ADD2	1
TGIF2-C20orf24	1
PILRA	1
C11orf35	1
BRWD1-IT2	1
C11orf30	1
R3HDM1	1
LOC284276	1
LMBRD1	1
RPL13AP20	1
DAZ3	1
DAZ2	1
TAS2R19	1
SRFBP1	1
TAS2R10	1
BCAT1	1
MACROD2	1
FSD2	1
AKAP4	1
AKAP6	1
GTF2F1	1
ZNF833P	1
AKAP9	1
LOC284412	1
NFU1	1
RRP1B	1
LOC283194	1
TMEM98	1
TMEM132E	1
TMEM132D	1
TMEM132A	1
TMEM132C	1
CWC25	1
CCL28	1
H3F3C	1
H3F3B	1
VSX2	1
CCL22	1
CCL24	1
CCL26	1
ALPK3	1
TRIOBP	1
C8orf47	1
C8orf44	1
C8orf42	1
C8orf40	1
CUX2	1
CYSTM1	1
FSIP2	1
CSNK1A1	1
DNAJC4	1
DNAJC6	1
DZANK1	1
DNAJC3	1
DUX4L3	1
GOSR2	1
SLC18A2	1
PTPRVP	1
GOSR1	1
RALBP1	1
DEAF1	1
RAP1A	1
ZNF831	1
SNORA68	1
ZNF836	1
DCTN1-AS1	1
FAM91A2	1
HPYR1	1
ATOH7	1
ACAT2	1
LIMD2	1
LIMD1	1
ATOH8	1
LOC100505768	1
MECP2	1
NADSYN1	1
TRPV5	1
TSPY3	1
OR8S1	1
ZFYVE21	1
ZFYVE27	1
TPCN1	1
TPCN2	1
IL2RG	1
SLC17A5	1
ZFYVE28	1
SLC17A1	1
SLC17A3	1
C16orf58	1
SRBD1	1
TRPV3	1
C16orf52	1
LOC441025	1
C16orf54	1
SYCE1L	1
AP5B1	1
CCDC144B	1
ERC1	1
ERC2	1
BAD	1
BHMT2	1
IGSF9	1
COBLL1	1
CDK18	1
GFI1B	1
SLC37A4	1
CDK12	1
CDK10	1
TMEM255B	1
SULF1	1
CDK15	1
ST5	1
ST7	1
ATP6V1B1	1
NOS1AP	1
GPR128	1
BFSP2	1
ZNF302	1
ZNF300	1
YY1P2	1
P2RY8	1
MMP28	1
MMP25	1
MMP27	1
PASK	1
MMP21	1
MTERFD1	1
HVCN1	1
RPL36A	1
RND1	1
RND3	1
CTNNBIP1	1
PPP3CB	1
DCAF10	1
TCAIM	1
KIAA1549	1
LRRC41	1
LRRC43	1
LRRC47	1
LRRC49	1
LOC284648	1
B3GNT4	1
B3GNT7	1
FNDC9	1
B3GNT3	1
FNDC5	1
B3GNT8	1
FNDC1	1
ADRA2C	1
PWWP2B	1
PWWP2A	1
GINM1	1
CXCL1	1
HLA-DRB6	1
HLA-DRB5	1
CCDC153	1
LOC100505933	1
CCDC154	1
CCDC158	1
WRAP73	1
SYT8	1
MUTYH	1
LRRC4C	1
MTCH2	1
FN1	1
SYT2	1
SYT4	1
SYT7	1
TIAL1	1
RHD	1
TASP1	1
PCED1A	1
FUBP3	1
LOC100133331	1
41528	1
SCHIP1	1
41523	1
FAM189A2	1
41526	1
YJEFN3	1
NBL1	1
GNAI3	1
HSFX2	1
ANGPT2	1
ANGPT4	1
PALM3	1
OXT	1
MANSC4	1
OR5T2	1
LOC284865	1
LOC100289187	1
ICMT	1
PNKD	1
EME1	1
MPZL1	1
LINC00691	1
ATP6V0A1	1
LINC00696	1
GPR98	1
GUCA1A	1
KRT75	1
KRT76	1
KRT72	1
C17orf107	1
ATM	1
KRT79	1
KRT78	1
TBC1D5	1
SMPD1	1
ADAM33	1
SMPD3	1
BRIP1	1
ZSWIM8-AS1	1
RPL36A-HNRNPH2	1
ATP5A1	1
FLJ31306	1
TTC28	1
LINC00340	1
TTC24	1
TTC27	1
TTC22	1
PODXL2	1
IL6R	1
ENO1	1
ENO3	1
NPAT	1
TAOK3	1
USP30-AS1	1
LLGL2	1
SLC22A18	1
ADAM3A	1
ACOX2	1
SLC22A14	1
SLC22A12	1
SLC22A10	1
NSMCE1	1
NSMCE2	1
CBX3P2	1
PFDN1	1
PTK7	1
RABGAP1	1
PRKAA1	1
ITGB3BP	1
MCL1	1
SORBS1	1
GAL3ST3	1
GAL3ST2	1
ODC1	1
IL18RAP	1
ATG16L1	1
C3orf33	1
BCDIN3D-AS1	1
C3orf35	1
NANP	1
C3orf38	1
IL17REL	1
MATN3	1
MATN4	1
PCGEM1	1
AP2S1	1
PDSS2	1
C15orf60	1
C15orf61	1
KBTBD13	1
KBTBD12	1
EBF1	1
FFAR2	1
FFAR3	1
LMNA	1
UCP3	1
BDH2	1
ENDOU	1
DDX21	1
ACVR2B-AS1	1
DDX24	1
GULP1	1
RPL32P3	1
LOC100505695	1
CENPVP1	1
ZNF99	1
SAC3D1	1
FKBP15	1
UBE2J2	1
RAB3IP	1
TBX21	1
TBX20	1
FBXO10	1
FBXO16	1
FBXO17	1
PRB1	1
SFTA3	1
C9orf169	1
CNGB1	1
SNORD41	1
SLCO4C1	1
PARD6A	1
PLA2G6	1
PLA2G5	1
HNRNPUL1	1
ATPAF2	1
CCDC77	1
KRTAP1-3	1
KRTAP1-5	1
ERBB4	1
CCDC71	1
OR2G3	1
FPR1	1
FPR3	1
CCDC78	1
NACAD	1
TMEM101	1
LTN1	1
TMEM107	1
TMEM104	1
LOC100127888	1
TRANK1	1
LOC650293	1
CSHL1	1
ZCWPW2	1
FKBP1B	1
FKBP1A	1
MANEAL	1
PAIP2	1
DAXX	1
CDC16	1
MAP10	1
NKAIN4	1
NKAIN2	1
MAP1A	1
IGSF9B	1
LBX2	1
LOC151475	1
CCM2	1
LINC00592	1
LINC00597	1
CCP110	1
IMMP1L	1
FRMD6	1
FRMD1	1
DSCR9	1
MEF2BNB-MEF2B	1
GNAS	1
MED13L	1
PTCD2	1
GNAZ	1
GNAL	1
ZHX1-C8ORF76	1
AGFG1	1
LOC341056	1
DPF3	1
KRT3	1
KRT1	1
FST	1
CRYGN	1
KRT4	1
CRYGA	1
CRYGB	1
CLEC18B	1
DACT3	1
VPS45	1
VPS41	1
BCAP29	1
TMCC2	1
ECT2L	1
SDR42E1	1
TAS2R31	1
ALOX12B	1
TAS2R38	1
EPB41L1	1
ABCA10	1
EPB41L3	1
EPB41L5	1
ACSS3	1
ACSS1	1
ABCA12	1
PLEKHM2	1
RHOXF1	1
PCOLCE2	1
SLC43A1	1
HDGF	1
SETD5-AS1	1
VHL	1
WNT2	1
LRRN4	1
LRRN2	1
WNT4	1
GLYCAM1	1
BLMH	1
TREML4	1
CDHR2	1
SNORA46	1
SNORA47	1
SNORA44	1
SNORA45	1
SNORA40	1
SPDYE5	1
LOC100130691	1
MRPL34	1
SPDYE2	1
HIST2H2BF	1
ZNF812	1
SPTBN4	1
ZNF816	1
SPTBN1	1
LOC100131347	1
VEPH1	1
EBAG9	1
KLF16	1
KLF14	1
ASAP1-IT1	1
RBMY1F	1
LOC100508120	1
PCNA	1
SLC44A3	1
ZBTB7C	1
MSI1	1
UTY	1
ENGASE	1
PACRG	1
KLK1	1
DNPH1	1
ADNP2	1
ENY2	1
CXorf40A	1
CXorf40B	1
MIR409	1
NDUFS4	1
NDUFS5	1
SLC9A3R2	1
NDUFS8	1
COQ4	1
LOC100506804	1
COQ6	1
ILF3	1
LOC100506801	1
FAM198A	1
ITCH	1
ZRANB2	1
SVEP1	1
FAM132A	1
PCDHGB3	1
PCDHGB1	1
PCDHGB7	1
PCDHGB5	1
HBZ	1
RREB1	1
DENND2C	1
TPX2	1
WWC3	1
WWC2	1
RABAC1	1
GAGE4	1
GAGE7	1
GPR101	1
MICAL2	1
MICAL3	1
PHC3	1
GPR108	1
PIANP	1
SCNN1G	1
SAFB	1
ZNF367	1
ZNF366	1
PRF1	1
MGMT	1
LOC399753	1
H2AFV	1
ALS2CR11	1
UBOX5-AS1	1
H2AFY	1
CSNK1G1	1
TMEM189-UBE2V1	1
RNF6	1
RNF4	1
RNF2	1
H2AFJ	1
NRXN2	1
PPP1R21	1
CLTB	1
NGLY1	1
DPEP1	1
DPEP2	1
C7orf31	1
BTBD11	1
TEX40	1
MSANTD3-TMEFF1	1
LOC440288	1
USP17L9P	1
ISCA2	1
ZCCHC24	1
OR6V1	1
PRSS2	1
KIAA1430	1
LOC100130264	1
SIK3	1
KIAA1432	1
PRKRIR	1
BAIAP3	1
ACTR5	1
ACTR3	1
WBSCR27	1
WBSCR22	1
MASTL	1
WBSCR28	1
HYDIN	1
GBX2	1
CNR2	1
POLDIP3	1
RAB22A	1
RAPGEFL1	1
GTDC1	1
ALDH18A1	1
C19orf81	1
NUP85	1
TGS1	1
C1orf74	1
ANKS1A	1
LINC00102	1
GLB1	1
CLP1	1
NKX3-2	1
PITPNM2	1
GPATCH8	1
CPED1	1
ADAM10	1
ADAM12	1
ADAM19	1
CEBPA-AS1	1
MEPE	1
CPNE3	1
CPNE2	1
LOC340357	1
WNT8B	1
PYCARD	1
DNMT3A	1
AAK1	1
SNRPN	1
GDE1	1
CSNK1A1P1	1
SNRPF	1
SNRPG	1
SHANK1	1
ADAM1A	1
SALL4	1
RGS9BP	1
CDC42BPB	1
KCNQ5-AS1	1
ZDHHC14	1
PCSK9	1
ZDHHC13	1
PCSK2	1
PRKAG2	1
ZDHHC19	1
PCSK7	1
PCSK5	1
HIPK3	1
HIPK2	1
HIPK4	1
DUSP22	1
LEMD2	1
LEMD1	1
ARHGAP19-SLIT1	1
FENDRR	1
SLC39A10	1
C3orf18	1
C3orf14	1
LARP4	1
LARP7	1
ISM1	1
GPATCH3	1
MACROD2-AS1	1
COL15A1	1
TC2N	1
ZNF174	1
ZNF175	1
ZNF177	1
LOC401320	1
DDX46	1
PTEN	1
PLTP	1
EIF5A2	1
ELAVL4	1
NUDT8	1
LGR6	1
ELAVL2	1
CDKN1C	1
UBE2D4	1
UBE2D2	1
UBE2D1	1
MLL2	1
MLL5	1
EDNRA	1
MORN5	1
SNORD69	1
APOD	1
APOB	1
APOM	1
APOH	1
FAM151A	1
RBAK-LOC389458	1
FOXJ1	1
CCDC53	1
FRAS1	1
SNORD91A	1
STX16	1
MIR4766	1
TMEM128	1
MIR219-1	1
VPRBP	1
PREPL	1
SULT4A1	1
ACTR3BP5	1
CABP4	1
DPY19L2P2	1
CABP1	1
SLC35B1	1
SLC35B3	1
SLC35B2	1
FBXO31	1
IGFBP6	1
CNRIP1	1
FBXO39	1
LOC282997	1
ANP32AP1	1
MBOAT1	1
SPSB2	1
HINT1	1
HINT3	1
LOC642929	1
BIRC8	1
CDC37	1
41339	1
OR2A2	1
ZFX-AS1	1
OR2A7	1
EIF1	1
BRWD3	1
S100A6	1
OR2T33	1
41336	1
41337	1
LONRF2	1
TCFL5	1
CDCA7L	1
C20orf203	1
C20orf201	1
SLCO1B3	1
SPIN2A	1
PGLS	1
ATP11B	1
PTPRZ1	1
GPATCH2L	1
CCNA1	1
DYNC1I1	1
VPS28	1
ATP13A2	1
SSUH2	1
SKA1	1
RAI2	1
LRRIQ1	1
PRKRA	1
FAM197Y2	1
CBWD6	1
C1orf111	1
CBWD3	1
CBWD1	1
ADAT1	1
ADAT2	1
TTBK2	1
E2F6	1
E2F4	1
E2F2	1
C6orf89	1
ACBD3	1
PPP1R13B	1
ACBD4	1
GJA9-MYCBP	1
EEF2	1
TUSC5	1
SNORA23	1
TUSC2	1
EPHX1	1
SNORA28	1
FLJ46300	1
LOC100128239	1
IZUMO2	1
IZUMO4	1
EPHX4	1
PYCR1	1
WNT10A	1
FAM168A	1
GNG13	1
URB2	1
IL36B	1
LIPA	1
LIPC	1
LIPE	1
LIPG	1
RIMBP3C	1
MIR1470	1
LIPJ	1
DFFB	1
LIPN	1
SEC24D	1
SEC24A	1
SEC24C	1
LMTK3	1
LOC100131096	1
LOC100131094	1
HOGA1	1
PI16	1
C16orf96	1
MRPL42	1
MRPL41	1
MRPL40	1
C16orf93	1
HGFAC	1
C16orf91	1
TRIP6	1
TM4SF19	1
MRPL48	1
ZNF699	1
NGF	1
LOC100271702	1
RILP	1
ZNF695	1
ZNF697	1
ZNF696	1
ARFGAP3	1
UNC93B1	1
LAMB2	1
LAMB4	1
MPHOSPH9	1
NEK4	1
NEK2	1
NEK1	1
NEK9	1
TIGIT	1
GPR161	1
DHPS	1
TMEM14E	1
TMEM63A	1
SHB	1
CCDC6	1
SHE	1
SHF	1
CCDC8	1
DYNC2H1	1
MGA	1
MTHFD2	1
TBP	1
MIR550A3	1
PITPNA-AS1	1
NUDCD2	1
NUDCD1	1
OR1D5	1
IFI27L1	1
IFI27L2	1
SAMD4A	1
ADSL	1
SAMD4B	1
AS3MT	1
TIMMDC1	1
ACVR1C	1
GAS2L2	1
ZNF341	1
LOC646498	1
ZNF430	1
ZNF345	1
ZNF439	1
LOC284950	1
RALGDS	1
EPYC	1
DLL1	1
NUDT10	1
DLL3	1
DLL4	1
NUDT15	1
ZW10	1
OR6X1	1
TM6SF1	1
TM6SF2	1
STX3	1
STX5	1
STX7	1
STX6	1
LOC285626	1
CPN2	1
LOC400680	1
LOC400685	1
LOC400684	1
TP73-AS1	1
PYHIN1	1
MTMR14	1
CDADC1	1
ECE2	1
TRMT2B	1
LOC90246	1
ARHGAP44	1
CASQ1	1
LRSAM1	1
ARHGAP42	1
LOC100506776	1
CLIC1	1
ICA1	1
AURKB	1
SERPINE3	1
SPTY2D1-AS1	1
TXLNG	1
CDC42EP1	1
TXLNA	1
HRASLS5	1
TBKBP1	1
WFIKKN2	1
ABI2	1
ABI1	1
LINC00163	1
LOC284578	1
FOXL2	1
GPI	1
KRT39	1
CACNA1G-AS1	1
OR6C76	1
NCR3LG1	1
KRT32	1
KRT34	1
KRT36	1
IL20	1
IL25	1
IL27	1
MIR656	1
KIF2C	1
MIR654	1
IL12RB1	1
ATP6AP1	1
CLINT1	1
OR4N2	1
PRY2	1
OR4N5	1
ACOT8	1
ACOT9	1
ACOT6	1
ACOT4	1
H2BFM	1
ADCY5	1
RBBP9	1
RBBP8	1
ADCY2	1
LOC100130776	1
KIF25	1
KIF27	1
ADCY8	1
RBBP6	1
KIF23	1
JKAMP	1
RAB42	1
NUCKS1	1
PI4K2B	1
SOX2-OT	1
FAM208A	1
DDI1	1
PTPLAD2	1
SKAP1	1
C12orf5	1
LEPROT	1
XRCC1	1
XRCC2	1
XRCC4	1
SMURF1	1
SMN2	1
SMURF2	1
MEIS3	1
MEIS1	1
TFRC	1
NARF	1
GSPT2	1
TFR2	1
MIER1	1
RALGPS1	1
USP32P1	1
ESPNP	1
PAPD4	1
AMN1	1
LMNB1	1
MRPS28	1
MRPS27	1
MRPS25	1
CSPG4	1
MRPS21	1
CTSL2	1
PPP2R5C	1
PMP2	1
NAMPT	1
PRORSD1P	1
OPN1MW	1
KCNA7	1
NPHP3-AS1	1
KCNA5	1
KCNA1	1
JMJD6	1
JMJD4	1
ZHX2	1
JMJD8	1
OPTC	1
SUSD5	1
CCDC38	1
ACACA	1
SLFN14	1
CCDC30	1
SLFN11	1
FOXD1	1
PLA2G2C	1
PLA2G2E	1
PLA2G2F	1
LOC100506548	1
CAPN14	1
CAPN12	1
CAPN10	1
DCTD	1
SLC35D3	1
SLC35D1	1
COX7B	1
LOC653501	1
CYFIP1	1
C20orf195	1
TOB1	1
GUSBP5	1
MPRIP	1
GUSBP1	1
KGFLP1	1
C11orf95	1
TTPAL	1
C11orf92	1
THUMPD1	1
THUMPD3	1
CHORDC1	1
MLLT4	1
UVRAG	1
KRT15	1
MLLT3	1
SYNJ1	1
GLT8D2	1
COPG1	1
OR2T11	1
OR2C3	1
KERA	1
ZNHIT1	1
MRGPRD	1
OSR1	1
OSR2	1
GTPBP5	1
GTPBP6	1
GTPBP1	1
NFATC2IP	1
PCDHA2	1
PCDHA1	1
PCDHA6	1
IL15RA	1
PCDHA9	1
BCL9	1
EPM2AIP1	1
BCL6	1
BCL3	1
POR	1
PLK2	1
PLK4	1
LYRM2	1
LRFN1	1
LYRM7	1
LYRM5	1
LYRM4	1
GPR75-ASB3	1
NKX2-6	1
NKX2-4	1
GIGYF2	1
ZP1	1
ZP2	1
KIAA0391	1
OAS2	1
CLIC3	1
TLE2	1
MTM1	1
CSNK1G2	1
CSNK1G3	1
LOC339535	1
SERPINB1	1
SERPINB3	1
SERPINB4	1
BRSK2	1
PCGF1	1
SMO	1
FAM76A	1
PCGF5	1
PCGF6	1
MAGED1	1
MAGED4	1
POLE	1
NFS1	1
C22orf42	1
EXD2	1
ATP8B4	1
ELP6	1
ELP4	1
FBXL2	1
SIGLECL1	1
DPPA3	1
SPRYD3	1
SPRYD4	1
LY75-CD302	1
PTGFRN	1
LRP5L	1
DDX4	1
UBAP1	1
DDX5	1
DHRS4-AS1	1
ASXL2	1
TRIM50	1
ZBTB39	1
ZNF252P-AS1	1
HTR2A	1
HTR2B	1
NEUROG3	1
NEUROG2	1
ZBTB32	1
ZBTB37	1
KLHL36	1
KLHL34	1
TMEM99	1
KLHL32	1
KLHL30	1
KLHL31	1
TMEM92	1
COL18A1-AS1	1
EPHA1-AS1	1
SGTA	1
RPS6KA2-IT1	1
TRIM47	1
GBAS	1
IVD	1
GAS7	1
TBPL1	1
PEX5	1
PEX6	1
REG4	1
ERMN	1
ACE	1
FAM222A-AS1	1
UBXN4	1
NEB	1
ACR	1
ATP5I	1
ATP5O	1
ATP5L	1
LOC399829	1
NES	1
GPR144	1
GPR146	1
GPR141	1
GPR143	1
EPPIN-WFDC6	1
AFMID	1
SFMBT2	1
LOC90834	1
CITED2	1
SLC7A4	1
DAGLA	1
DAGLB	1
PFDN6	1
PHF21A	1
MAGEA11	1
SLC7A3	1
HLA-E	1
POMC	1
ACHE	1
NFKBIE	1
GAGE12F	1
WSCD1	1
WSCD2	1
HIRA	1
RIN3	1
ADIPOQ-AS1	1
PDE4DIP	1
KIF9	1
WWOX	1
CLPX	1
LNX1-AS2	1
CLPP	1
LOC100128164	1
RIPK1	1
OR1F1	1
LAMA3	1
PDCL	1
CLPB	1
SPRR1B	1
IL17A	1
PRAMEF4	1
FEZF1	1
C2orf27B	1
C7orf72	1
PLCXD3	1
PLCXD1	1
LOC646471	1
ZNF415	1
HILS1	1
RRAGD	1
RRAGA	1
RRAGC	1
POU4F1	1
MCOLN1	1
GPRC5A	1
GGT5	1
RASA4	1
RASA2	1
ACTN3	1
CCDC144NL	1
ACTN1	1
PTPRT	1
PTPRS	1
PTPRR	1
PTPRQ	1
TINF2	1
PTPRF	1
PTPRD	1
PTPRB	1
PTPRA	1
PTPRO	1
PTPRN	1
PTPRM	1
PTPRK	1
PTPRJ	1
CPM	1
CPE	1
MIR4263	1
MIR4265	1
GAPVD1	1
CASS4	1
CYP46A1	1
AQPEP	1
N6AMT2	1
DMPK	1
GPR153	1
PWRN2	1
RNASEH1	1
ALAS1	1
LOC729739	1
RRP7B	1
ABLIM2	1
OCSTAMP	1
FAM172A	1
LINC00630	1
LINC00636	1
GPR155	1
LINC00634	1
LOC284009	1
TOP2A	1
RMRP	1
HHIP	1
HMGN4	1
HMGN2	1
MX2	1
RC3H1	1
RC3H2	1
FAM66D	1
LOC541471	1
ISG15	1
CDKN1A	1
PIM2	1
ERVV-2	1
CACNA1I	1
SNORD115-20	1
GDI2	1
GDI1	1
ARL5C	1
ARL5B	1
ERLIN1	1
ERLIN2	1
SPDL1	1
SBSN	1
GABRP	1
KRT17	1
WDR34	1
WDR37	1
WDR36	1
KRT13	1
WDR33	1
GABRE	1
EIF4A1	1
KRT18	1
GIGYF1	1
NBPF9	1
TLE3	1
PAG1	1
NBPF4	1
NAPEPLD	1
TLE4	1
LINC00857	1
LINC00852	1
NUDT16L1	1
PLP1	1
ZFP69B	1
PROB1	1
CRYZL1	1
SERF2	1
PCDHB13	1
PCDHB12	1
PCDHB11	1
PCDHB17	1
TM9SF3	1
TFPI	1
PCDHB18	1
C10orf10	1
C10orf12	1
SPATS2L	1
NAT2	1
NAT6	1
FAIM3	1
EEF1DP3	1
CCBL2	1
FABP12	1
KCNC1	1
TMEM259	1
KCNC3	1
TMEM254	1
TMEM252	1
TMIE	1
PGM5P2	1
KIAA2026	1
NGFR	1
CPSF7	1
CPSF4	1
CPSF2	1
LOC257358	1
MAD1L1	1
ZNF281	1
SIPA1L1	1
SIPA1L3	1
TTLL5	1
TTLL6	1
LTBP3	1
LTBP2	1
TTLL3	1
EPS15	1
TTLL9	1
SUFU	1
PLA2G4B	1
PLA2G4F	1
PLA2G4D	1
OR8H1	1
SLC35F1	1
SLC35F2	1
MBD4	1
MBD6	1
MBD3	1
MBD2	1
LMAN1L	1
CMTM6	1
FAM126A	1
FAM126B	1
MLPH	1
TSPAN18	1
LOC440297	1
TSPAN10	1
SLC17A8	1
LOC100132741	1
TSPAN15	1
SFTPA2	1
REXO2	1
PSG10P	1
SLC15A3	1
SLC25A16	1
SLC25A12	1
CHRFAM7A	1
HSD17B8	1
LOC645249	1
EAF1	1
CCDC17	1
NDUFA11	1
CCDC12	1
NDUFA13	1
CCDC18	1
TMUB1	1
MIR3907	1
KIAA1644	1
HSD17B2	1
SYNCRIP	1
TRIM34	1
ALDH1L1	1
ZNF280B	1
GNG7	1
GNG4	1
DBF4	1
VIT	1
HSD17B7	1
ALG8	1
STAR	1
UGT3A2	1
UGT3A1	1
ALG6	1
TMEM88B	1
STAM	1
TMEM51-AS1	1
KIAA1324L	1
LTBP1	1
HAR1B	1
INSL6	1
INSL3	1
CLDN8	1
CLDN9	1
RAB11B	1
GCC1	1
CLDN2	1
CLDN4	1
CLDN6	1
RASGEF1C	1
SMYD4	1
TRDMT1	1
SMYD2	1
OR6A2	1
RTN3	1
SERPIND1	1
C6orf48	1
IRF7	1
IRF5	1
IRF4	1
IRF8	1
CLUL1	1
SNX22	1
CLK2	1
SNX27	1
ADRBK2	1
LINC00284	1
INMT	1
ONECUT3	1
ONECUT1	1
SGCA	1
PANX1	1
PANX2	1
LOC100129083	1
ZBTB12	1
PTGDR2	1
LOC90784	1
C16orf72	1
MIR205	1
ZBTB18	1
TEX101	1
TMEM150C	1
MTO1	1
DDX19B	1
LINC00461	1
KLHL10	1
LYSMD1	1
KLHL14	1
LYSMD4	1
DAB2IP	1
MIR100HG	1
TRIM68	1
APOBEC3A_B	1
MTOR	1
UNG	1
TRIM61	1
UNK	1
TRIM66	1
C2orf81	1
OMG	1
LOC339862	1
C2orf62	1
C2orf66	1
IER5	1
C2orf69	1
NRF1	1
NAGPA	1
HABP2	1
NDRG1	1
SNHG15	1
SNHG16	1
SERTAD4	1
RBM12B-AS1	1
SNHG12	1
LOC100130451	1
FAM229B	1
TTPA	1
PTCHD3P1	1
MIR642A	1
PARP2	1
NR1D1	1
CEACAM19	1
DPP7	1
SLK	1
CIDEB	1
PHYH	1
PMS2P5	1
NOTCH4	1
AZIN1	1
LCA5	1
NOTCH2	1
CMTM4	1
EGR3	1
TCTEX1D2	1
MCU	1
ZNF653	1
HSF1	1
FGFRL1	1
HSF2	1
HSF5	1
NISCH	1
SRSF8	1
RAPGEF6	1
RAPGEF1	1
RAPGEF2	1
RAPGEF3	1
MIR941-2	1
COL11A1	1
ZNF384	1
POC1A	1
C1RL	1
RORC	1
RORA	1
NXPE2	1
NXPE4	1
ZNF473	1
RNF135	1
LOC100216479	1
KRTAP3-3	1
MDM2	1
TSPAN17	1
ROR2	1
SNRPD2	1
SFI1	1
LOC100132354	1
LOC100132356	1
KPNA7	1
KPNA6	1
KPNA4	1
KPNA2	1
KPNA1	1
CRP	1
ERVFRD-1	1
CRX	1
SLC25A18	1
SYNGR4	1
TNFRSF14	1
CRK	1
LOC440335	1
TNFRSF18	1
LOC100506730	1
GLDN	1
PPP4R1L	1
QPCT	1
RTN4IP1	1
B4GALT1	1
B4GALT5	1
B4GALT4	1
B4GALT7	1
FCN2	1
TRRAP	1
GPR89B	1
LINC00612	1
LINC00615	1
CR2	1
CR1	1
LGMN	1
FAM174B	1
CYP19A1	1
SPRN	1
POLR2J4	1
SOGA3	1
SOGA1	1
VMAC	1
PAX2	1
LOC286114	1
ARNTL2	1
PTPN1	1
EHMT2	1
NBPF24	1
PAX8	1
MARK1	1
STOX2	1
S100A4	1
RPPH1	1
CD69	1
ZNF705G	1
TPD52L3	1
EFCAB10	1
EFCAB12	1
CELA1	1
ACTR3B	1
WDR12	1
OR7A10	1
CHRD	1
WDR16	1
WDR19	1
WDR18	1
PF4	1
PPP2R1A	1
JHDM1D	1
ZMYND15	1
WASL	1
ZMYND11	1
FAM83A	1
LOC100500773	1
KRT33B	1
AMBP	1
ZFP41	1
ZFP42	1
OR4B1	1
HSPB7	1
C10orf35	1
C10orf32	1
LOC100292680	1
PKN3	1
RHOBTB3	1
INO80D	1
INO80B	1
SDCBP2-AS1	1
KCNE2	1
FKBP9L	1
NGDN	1
ERBB2IP	1
LOC100379224	1
FAM124A	1
LDLRAD1	1
LDLRAD3	1
LDLRAD4	1
CYP2F1	1
A2MP1	1
NSFP1	1
CSNK1E	1
LIG3	1
LOC389791	1
DEFB131	1
ISCU	1
FNTA	1
LOC100505702	1
UMODL1	1
NKX6-2	1
KCTD13	1
KCTD11	1
KCTD17	1
KCTD16	1
BARHL1	1
KCTD14	1
SCGB2A1	1
KRTAP10-5	1
KCTD18	1
KRTAP10-3	1
ZKSCAN1	1
ZKSCAN3	1
ZKSCAN5	1
ZKSCAN7	1
GLIS3	1
GLIS1	1
SLC25A35	1
CHCHD10	1
SLC25A37	1
BCHE	1
SLC25A32	1
SLC25A38	1
AJAP1	1
TMEM182	1
TMEM180	1
FAM102B	1
FAM102A	1
HCAR3	1
HCAR1	1
PGBD3	1
TAF6	1
MMAB	1
TAF2	1
LOC100507632	1
G6PD	1
HMOX1	1
TAF9	1
TAF8	1
TSPAN32	1
TSPAN31	1
POMT1	1
AIF1	1
AGPS	1
FOSB	1
CCNG2	1
NPLOC4	1
LGALS13	1
TEX26-AS1	1
FNIP2	1
SMIM7	1
SMIM5	1
SMIM4	1
SMIM9	1
C9	1
LOC644172	1
ALG2	1
PDCD6	1
PDCD4	1
TCF20	1
FLJ31662	1
PDCD1	1
ALG1	1
MINA	1
PBLD	1
SERPINF1	1
OR6C6	1
ARFGEF2	1
GCAT	1
OR5K3	1
VPS26A	1
SMU1	1
SREBF2	1
LINC00263	1
OXCT1	1
OXCT2	1
TXNDC17	1
GALNTL5	1
RAB39A	1
SSRP1	1
IRAK1BP1	1
CIT	1
TAF6L	1
POM121L8P	1
TATDN1	1
TATDN3	1
DAK	1
C1orf174	1
RPIA	1
C1orf173	1
MTA3	1
LRP11	1
GPC2	1
GPC5	1
SNTN	1
BICD2	1
DOC2GP	1
SCAP	1
SEC22A	1
LOC339807	1
BBS4	1
ANKDD1A	1
C2orf48	1
C2orf47	1
ESM1	1
OR52B2	1
ELANE	1
CCNE1	1
AGK	1
NIPA1	1
CELA2B	1
PDCD10	1
AGT	1
ESPN	1
SLC28A2	1
SLC28A3	1
PPP4C	1
SLC28A1	1
PIK3CG	1
ZSWIM5	1
ZSWIM7	1
ZSWIM2	1
MEIS3P1	1
PRND	1
TMEM54	1
TMEM52	1
TMEM51	1
PAR-SN	1
POLR3GL	1
MEN1	1
SFRP1	1
MEG3	1
JMJD1C-AS1	1
AKIRIN2	1
ZNF676	1
ORM1	1
ZNF670	1
PARP16	1
WHSC1	1
LOC100996291	1
ERI2	1
ERI3	1
ZNF678	1
MAG	1
MAK	1
ALDH3A2	1
EVC	1
MGST2	1
MGST1	1
EDC4	1
LOC100287072	1
JAM2	1
BACH1	1
LSR	1
WSB2	1
NMB	1
KCNIP2	1
PRSS54	1
PRSS56	1
WAPAL	1
PRSS53	1
LIN28B	1
MOGAT2	1
MOGAT1	1
RBM12B	1
HMCN1	1
ANAPC7	1
RPS6KA2	1
RPS6KA4	1
RPS6KA6	1
PISD	1
PSMD13	1
ACOXL	1
FTCD	1
UTP20	1
LOC283585	1
CYTL1	1
MINPP1	1
METTL2B	1
GANAB	1
TOPAZ1	1
VAPA	1
GALNT4	1
ZWILCH	1
LOC100506714	1
LOC100506710	1
EXOSC10	1
ARF1	1
ARF4	1
SCAND1	1
MOBP	1
LOC255025	1
RGPD2	1
SP110	1
RGPD1	1
RGPD4	1
RGPD5	1
MOB2	1
LINC00674	1
LINC00675	1
PQLC2	1
LINC00671	1
LOXHD1	1
RAB11FIP5	1
RAB11FIP4	1
BPIFA3	1
KIAA1524	1
METTL22	1
METTL25	1
KIAA1522	1
ACTR10	1
HMGB2	1
CHP1	1
FYCO1	1
ARL11	1
SPNS3	1
SPNS2	1
ARL15	1
ARL16	1
LOC550112	1
FRRS1	1
GCHFR	1
WDR45B	1
KIF4B	1
ANGEL2	1
CLIP2	1
ETNK2	1
CLIP4	1
HEXDC	1
CDC37L1	1
MND1	1
CA13	1
CA11	1
FPGS	1
VMA21	1
CETN4P	1
RAB21	1
EIF4E3	1
RAB23	1
RAB24	1
RAB26	1
RAB28	1
CALR	1
MIR371B	1
CALU	1
MIR371A	1
WDR78	1
ACTR1B	1
FAR2	1
WDR73	1
WDR72	1
WDR75	1
WDR77	1
STARD13-AS	1
FOLH1	1
NTAN1	1
NQO2	1
CDO1	1
RIBC1	1
RAPGEF4-AS1	1
PRPF3	1
PRPF4	1
LOC100128338	1
ZSCAN16	1
CD177	1
GSTTP1	1
C5orf48	1
CLEC1A	1
ZFP69	1
BTF3P11	1
C5orf47	1
ZFP62	1
PIP4K2C	1
PIP4K2B	1
IL31RA	1
RFFL	1
LOC728012	1
ARRDC5	1
EGOT	1
ARRDC3	1
RFC2	1
FAM45B	1
KIAA0930	1
CSAD	1
C7orf55-LUC7L2	1
CDON	1
LSAMP	1
PAK6	1
LRIG3	1
MIR543	1
STRADB	1
FAM122A	1
FAM122C	1
KCNG1	1
KCNG4	1
LOC115110	1
CEP95	1
CYP2D6	1
RPRM	1
MFSD2A	1
CBX2	1
DMBT1	1
FECH	1
LCN12	1
TNS3	1
IGBP1P1	1
TRAF3IP1	1
TNS4	1
SPRR4	1
SPRR3	1
OR8D4	1
FASTKD5	1
OR8D1	1
EZH2	1
LOC400940	1
KLC4	1
GLYCTK	1
CALML6	1
CALML4	1
SHISA4	1
PFN1	1
TMEM211	1
PFN3	1
CREM	1
SHISA3	1
TRIM3	1
COX14	1
SHISA9	1
TRIM7	1
GAS6	1
PDGFRB	1
PDGFRA	1
ANKRD13A	1
AIDA	1
KIAA1462	1
PDGFRL	1
PPA2	1
MCTP1	1
NUP62	1
WDR27	1
ALCAM	1
CSF1R	1
TPM2	1
TPM1	1
ETF1	1
C22orf39	1
FAM21C	1
FAM21A	1
C22orf32	1
FOXB2	1
TAGLN	1
FBXW5	1
FBXW7	1
VWA8-AS1	1
TGFBR2	1
ETFB	1
SH3RF3	1
FAM159B	1
SSX2IP	1
ALPP	1
PCIF1	1
TJP3	1
NDOR1	1
TTN-AS1	1
GKAP1	1
SH3PXD2B	1
SNORD88B	1
CCDC174	1
KLHL12	1
NFYC	1
SMARCA1	1
RABL5	1
MIR181C	1
SMARCA5	1
POMZP3	1
SYCN	1
GOLGA6L4	1
OLAH	1
FYN	1
MIR98	1
MIR3940	1
LOC339505	1
CCT6A	1
CCT6B	1
FLJ35946	1
RUFY3	1
FCGR2B	1
FCGR2A	1
KLF12	1
LOC100129518	1
CYTH1	1
CYTH3	1
CYTH4	1
DPH2	1
MYH7B	1
PSAPL1	1
WIBG	1
LINC00242	1
LINC00240	1
OR13A1	1
KCNQ1DN	1
TM2D2	1
PLK1S1	1
OR51B4	1
PAM	1
DCN	1
LOC100506060	1
LINC00423	1
THRB	1
THRA	1
PERP	1
DCX	1
CUL7	1
CUL2	1
PNKP	1
TRIM25	1
CDH22	1
CDH23	1
TRIM21	1
CDH26	1
TRIM23	1
PER2	1
FLRT2	1
TRPT1	1
KAT8	1
DYNC2LI1	1
ARCN1	1
F2R	1
NKAP	1
ULK4P1	1
ULK4P2	1
ULK4P3	1
QRFP	1
CD300A	1
PNRC2	1
GBA	1
DNAJC27	1
MROH2B	1
DNAJC24	1
GAPDH	1
DNAJC21	1
PROSAPIP1	1
DTD2	1
ARHGAP9	1
ARHGAP5	1
ICOSLG	1
AEN	1
FAM196B	1
KHDC1L	1
OR4D10	1
PPP6C	1
TMEM70	1
ANXA10	1
ANXA13	1
FAM86A	1
CCT6P3	1
HEMGN	1
MRPL2	1
RPUSD2	1
ZFAT	1
ZNF611	1
ZNF613	1
ZNF614	1
ZNF618	1
SLC3A1	1
MOK	1
EIF4EBP1	1
EIF4EBP2	1
MS4A14	1
BAG2	1
BAG1	1
BAG4	1
SH2D1B	1
OR1L4	1
OR1L6	1
RTKN	1
MSRB2	1
LRRC37A2	1
MEOX1	1
CSDC2	1
ATXN7L3B	1
ZNF816-ZNF321P	1
ZNF385C	1
GMFB	1
CBLN3	1
UTP11L	1
MGC2889	1
SNORD50A	1
FSCN3	1
FSCN1	1
MYL12B	1
AIM1L	1
TSTA3	1
RILPL1	1
IDO1	1
CAMK1G	1
MIR4285	1
LDHAL6A	1
SMCR9	1
SMCR7	1
RAB3IL1	1
LYPD5	1
LYPD3	1
CATSPER4	1
CALCOCO2	1
NAP1L4	1
NAP1L6	1
MAPKAP1	1
RGS5	1
RGS7	1
RGS2	1
LOC100133669	1
PLAG1	1
RGS9	1
TRDN	1
ASPDH	1
PEAK1	1
LOC151009	1
LINC00656	1
LINC00657	1
LINC00652	1
CATSPERD	1
LOXL4	1
KIAA1143	1
CATSPERB	1
ACTN1-AS1	1
XIAP	1
LOC100133445	1
KANK4	1
KANK2	1
RDH12	1
DEDD2	1
FAM178A	1
DOLK	1
PCDHB8	1
COL6A6	1
TARSL2	1
CANX	1
NALCN	1
UG0898H09	1
ZSCAN29	1
ZSCAN25	1
NUCB2	1
ZSCAN21	1
ZSCAN23	1
TDRD9	1
TRHDE	1
MRPS7	1
MRPS6	1
C9orf24	1
TDRD7	1
TDRD6	1
IFI30	1
ABHD8	1
MYLIP	1
ABHD2	1
ABHD6	1
ABHD4	1
TWF1	1
WDR55	1
WDR53	1
WDR52	1
EIF4G3	1
LOC731223	1
FTSJD1	1
FAT3	1
NR1I2	1
FAT1	1
ULBP3	1
PSG9	1
PSG7	1
PSG5	1
PSG3	1
HOXC9	1
HOXC5	1
HOXC6	1
LOC100499227	1
TMEM248	1
FAM200A	1
OR4F3	1
C5orf63	1
OR4F4	1
COL27A1	1
LSM6	1
MFSD5	1
MAN1A1	1
TMEM241	1
POLR2D	1
POLR2G	1
POLR2F	1
PYDC1	1
POLR2M	1
AKR7A2	1
TMEM243	1
POLR2J	1
CYBB	1
TLK1	1
SERHL	1
GGT3P	1
USP50	1
PRODH	1
LOC338799	1
BATF2	1
ASCC2	1
ASCC1	1
ZNF137P	1
AGO3	1
LOC100499484	1
VBP1	1
TYRO3P	1
FAM120B	1
FAM120A	1
MAPK14	1
MAPK13	1
HPGD	1
FZD1	1
FZD3	1
FZD5	1
UBE2Q2P3	1
IQUB	1
FZD9	1
CYP2B6	1
C10orf76	1
TBRG1	1
C8orf44-SGK3	1
ASH1L	1
HIST1H1T	1
ATP12A	1
OR8B2	1
AMFR	1
CTRB1	1
PLCD3	1
ZNF518B	1
CT45A6	1
HIST1H1C	1
ITFG3	1
ITFG2	1
SOS1	1
TACC2	1
JDP2	1
JRKL-AS1	1
TMEM239	1
TMEM234	1
TMEM236	1
TMEM231	1
KIF20A	1
MCC	1
CKMT1A	1
ANKHD1	1
GNAT2	1
BCL2L14	1
BCL2L10	1
LAMB2P1	1
TMIGD2	1
TMIGD1	1
ZNF556	1
ZNF554	1
CTU1	1
C22orf15	1
SCARNA21	1
FAM27L	1
ZNF559	1
OR2AT4	1
SHOX	1
GTF2H2	1
WASH1	1
TVP23B	1
ZNF654	1
MIR639	1
PCDH8	1
RPL36	1
RPL34	1
RPL35	1
RPL32	1
RPL31	1
TARBP1	1
ATF5	1
ATF4	1
ATF7	1
ATF6	1
ZNF286A	1
ATF3	1
ATF2	1
PPP1R42	1
SMARCC1	1
PPAP2B	1
BUB1B	1
SUMO3	1
SUMO2	1
PSPC1	1
TMCO6	1
ANKIB1	1
EEF2K	1
LHX2	1
LHX4	1
LHX5	1
LHX6	1
PTGER4	1
PTGER1	1
MIB2	1
LOC285074	1
LOC113230	1
B3GALTL	1
MIR3960	1
B3GALT4	1
SLC38A4	1
B3GALT6	1
SLC38A6	1
CTNNAL1	1
SLC38A3	1
STK4	1
CSF3R	1
CYP3A7	1
CYP3A4	1
CYP3A5	1
CXCL14	1
GOLGA8EP	1
UBE4B	1
UBE4A	1
OR13C2	1
HCN3	1
HCN2	1
LINC00221	1
LINC00222	1
YBX1	1
LRIT2	1
PTGDR	1
TEN1	1
NKG7	1
CHIC1	1
POM121L4P	1
PEPD	1
CDC25C	1
ZIC4	1
TBC1D20	1
TNFRSF9	1
TBC1D25	1
C6orf1	1
TBC1D29	1
MIR941-4	1
FUNDC2	1
GUCY2C	1
FIBCD1	1
SENP2	1
LOC283683	1
RSU1P2	1
ING4	1
ING5	1
LOC283688	1
C21orf58	1
ING1	1
ZNF382	1
CEP170B	1
ZNF823	1
INS	1
DCUN1D3	1
WDFY3	1
P2RX5-TAX1BP3	1
ECHDC2	1
DYNC1LI1	1
MIR191	1
TPI1P2	1
ACP1	1
ACP2	1
TFAMP1	1
GLA	1
SLC2A13	1
SLC2A11	1
ANKRD36	1
ANKRD32	1
EFHC2	1
FKBP10	1
GLS	1
CDIPT	1
NCOA3	1
ITPR1	1
NCOA6	1
NCOA4	1
FLJ10038	1
FAM194B	1
CISH	1
MECR	1
GSG2	1
ABCG2	1
FAM153B	1
USMG5	1
SLC27A6	1
SLC27A1	1
STARD3NL	1
PRDM13	1
ACPT	1
SREK1	1
AK8	1
ACPP	1
GTF2IRD1P1	1
AK3	1
AK1	1
ZNF630	1
AK7	1
AK5	1
NPNT	1
HOXA10-HOXA9	1
SARS	1
SMARCAD1	1
FLJ42627	1
OR1N2	1
WDR83	1
ZNF496	1
ERG	1
HAND1	1
ZNF491	1
SH2D3C	1
PRR15L	1
HERPUD2	1
LOC401177	1
TMEM55A	1
MTRNR2L8	1
FCGRT	1
TRA2B	1
ACER2	1
SLC24A6	1
C4orf40	1
SLC24A2	1
FBN3	1
SLC24A1	1
STARD4-AS1	1
LOC645212	1
RNF126	1
BRMS1L	1
MEX3D	1
APOBEC3F	1
MEX3C	1
MEX3A	1
ENDOD1	1
BAAT	1
A1CF	1
SCN1B	1
SCN1A	1
C20orf111	1
SFTPD	1
DEXI	1
SFTPB	1
KDM1A	1
IDI1	1
SPTB	1
LOC440354	1
ZXDB	1
SCRT2	1
UBXN11	1
DNTTIP2	1
POTEM	1
ANKRD36B	1
MTMR8	1
MTMR6	1
MTMR4	1
MTMR3	1
MTMR1	1
NAAA	1
LOC389906	1
TSC22D4	1
FCHSD1	1
KIAA1161	1
TRAIP	1
UBA52	1
ASIP	1
MESDC2	1
KCNJ2-AS1	1
GRASP	1
KATNA1	1
BCKDK	1
EXOSC2	1
EXOSC1	1
EXOSC7	1
ADAMTSL2	1
ADAMTSL1	1
ADAMTSL5	1
TULP3	1
TULP1	1
TULP4	1
NID2	1
C6orf147	1
TACSTD2	1
OR5B2	1
MIR5193	1
C9orf43	1
C9orf47	1
PGCP1	1
LOC100507501	1
OR2A14	1
DEPDC1	1
DEPDC7	1
DEPDC4	1
GIMAP4	1
EEF1E1	1
PSMB10	1
SCYL3	1
STXBP1	1
STXBP2	1
STXBP6	1
OR4D9	1
CYP1B1	1
INS-IGF2	1
S1PR3	1
S1PR1	1
TMEM200A	1
S1PR5	1
S1PR4	1
FANCG	1
FANCE	1
FANCB	1
HNRNPAB	1
FANCM	1
HAS1	1
CA5B	1
HNRNPA3	1
MORC2-AS1	1
TAPT1-AS1	1
C12orf60	1
FRS2	1
MC5R	1
C12orf65	1
LRRFIP2	1
LOC84931	1
IRS4	1
TFIP11	1
HOXA7	1
CDK1	1
CDK2	1
HOXA3	1
CDK5	1
CDK6	1
IGLL1	1
LPAR3	1
LPAR1	1
NHEG1	1
DNPEP	1
FAM86HP	1
CEP57	1
FAM188B	1
LIMS2	1
ARMCX1	1
OR7C1	1
HMGA1P7	1
CA4	1
RERE	1
SUN2	1
RGL3	1
RGL4	1
SUN5	1
SPHKAP	1
MTX1	1
PNMT	1
PRKCH	1
ATP10B	1
LINC00558	1
ATP10D	1
PRKCG	1
PRKCZ	1
HIST1H3F	1
SGSM2	1
KRIT1	1
TRABD2B	1
SEC11A	1
SLC6A20	1
SCRIB	1
TYMP	1
ZNF791	1
ZNF793	1
MUL1	1
ZNF799	1
WWP1	1
PDZRN4	1
TPI1	1
ZBBX	1
LOC339524	1
CYP4F12	1
CYP4F11	1
PRMT7	1
ZNF570	1
ZNF572	1
ZNF574	1
ZNF576	1
ZNF578	1
FAM25A	1
SETDB1	1
SETDB2	1
LOC100505761	1
ATPAF1	1
LOC100505835	1
CTSB	1
KCNAB1	1
CTSE	1
KCNAB3	1
CTSG	1
RPL15	1
RPL10	1
RPL12	1
GSTA3	1
GPATCH2	1
RPL19	1
FGFR1	1
PCYT1A	1
CXCL3	1
CXCL5	1
CXCL6	1
SYK	1
INCA1	1
SYP	1
AMMECR1	1
KRTAP23-1	1
PRRX2	1
CSRP2BP	1
EMB	1
C4orf3	1
FBLN2	1
SPRNP1	1
LINC00637	1
STIL	1
AFF4	1
AFF2	1
PDPN	1
PDPR	1
ALDH16A1	1
THRSP	1
KIAA0196	1
HMP19	1
GCKR	1
UBA6	1
PDP2	1
UBA2	1
PWP2	1
SFXN5	1
PHF20	1
UBE2I	1
UBE2K	1
LINC00200	1
LINC00207	1
UBE2O	1
NAA11	1
LINC00208	1
SI	1
UBE2F	1
FTH1P3	1
PSMB1	1
TOP3A	1
UBE2W	1
PTGFR	1
LIPT2	1
RPRML	1
ADIRF	1
LOC440563	1
FLJ34503	1
LOC389247	1
LOC650368	1
PROKR1	1
RHBG	1
BMP2K	1
PDE3B	1
GPR158-AS1	1
RABEP1	1
PENK	1
NDUFA6	1
NDUFA4	1
PIFO	1
NDUFA8	1
GPR64	1
GPR62	1
GPR61	1
INE2	1
C8orf74	1
RPLP0P2	1
FAM171A2	1
FAM171A1	1
KIAA1967	1
TBL1XR1	1
ASMT	1
IL4	1
CACFD1	1
VWA5A	1
PAXBP1-AS1	1
PLGLB1	1
ATP5L2	1
DTX1	1
UFM1	1
BIRC6	1
JARID2	1
AIP	1
EIF6	1
OXR1	1
GNE	1
ANKRD17	1
RB1CC1	1
ANKRD10	1
F8A3	1
TMEM31	1
TMEM33	1
NT5C1A	1
NT5C3	1
SNORD115-7	1
OTOP2	1
SNRNP200	1
SNORD115-1	1
KRTAP4-11	1
FAM53B	1
FAM53A	1
SDS	1
ANO10	1
ACRC	1
GSTCD	1
POLR2J2	1
SIGLEC12	1
AHCY	1
PARG	1
AOC3	1
AOC2	1
TIMP2	1
PARS2	1
PARN	1
EPO	1
PNLIP	1
IL21R-AS1	1
PI4K2A	1
FAM155A	1
CXorf58	1
NHLRC4	1
CXorf56	1
ADGB	1
SYCE2	1
SUSD2	1
MAP3K14-AS1	1
SLC26A10	1
SLC26A11	1
PSORS1C3	1
FAM221B	1
IP6K2	1
GH1	1
OTUD6A	1
PDXDC1	1
TLR2	1
TLR3	1
DDX6	1
TLR6	1
PAR1	1
MYO15B	1
TLR8	1
TLR9	1
SCN3A	1
ZNF215	1
ZNF217	1
SLC7A8	1
NFKBIB	1
TRAK1	1
SLC7A5	1
SLC7A2	1
HLA-F	1
NFKBID	1
PHF21B	1
ARID4A	1
ARID4B	1
PGRMC2	1
HAUS8	1
PLAC9	1
HAUS4	1
PRRT3-AS1	1
PRSS33	1
LOC729732	1
NR5A2	1
NR5A1	1
DLX4	1
UBXN6	1
DLX1	1
DLX3	1
HIST1H2BD	1
KIAA1107	1
KIAA1109	1
HIST1H2BK	1
TNFAIP8	1
VAV3	1
TNFAIP2	1
ECI1	1
IPO8	1
IPO4	1
NRBP1	1
DTX3L	1
PAPL	1
OR52K2	1
DCAF8L1	1
LMBR1	1
C6orf163	1
C6orf164	1
SMAD5-AS1	1
MGAT5B	1
CACTIN-AS1	1
ARL17A	1
GABPB2	1
GABPB1	1
SHPK	1
PHYHD1	1
MARK3	1
PAQR4	1
PAQR6	1
FERMT3	1
FERMT1	1
FADS3	1
CRNKL1	1
SIL1	1
WWTR1	1
SYNGR3	1
HCG11	1
NXT2	1
PRR5L	1
DGUOK	1
MAK16	1
CTDSPL	1
PRPH2	1
WDR86-AS1	1
SAA2-SAA4	1
ACAD10	1
AWAT1	1
C5orf28	1
C5orf22	1
PLOD3	1
C5orf20	1
PLOD1	1
C5orf24	1
RFTN2	1
DNASE1	1
SYNDIG1L	1
ALS2CR8	1
USP6NL	1
LINC00565	1
RAD21	1
USP12	1
USP10	1
USP14	1
SSBP3	1
BAP1	1
CCL11	1
INPP1	1
MYOM1	1
UNC45B	1
DUS4L	1
FABP5P3	1
CRKL	1
DAND5	1
JPH2	1
CXXC11	1
UBAC2	1
TYK2	1
AMZ1	1
SUPT5H	1
ZCCHC14	1
TYW1	1
LOC100130370	1
FOXN3-AS1	1
OR10S1	1
SLC9C1	1
ARHGEF11	1
SLITRK5	1
SLITRK3	1
ARHGEF17	1
ARHGEF19	1
PAPPA	1
PIK3C2B	1
PIK3C2A	1
DHX29	1
CYP4X1	1
SH3GL1P1	1
D2HGDH	1
CEP76	1
RHBDD3	1
ZNF778	1
KLC2	1
CEP78	1
ZNF770	1
SERF1A	1
FBXW10	1
USP17L7	1
USP17L4	1
CCDC142	1
GPLD1	1
TPK1	1
TST	1
OR2W5	1
CHCHD3	1
MYBPH	1
CHCHD5	1
RFK	1
ZNF519	1
LOC100505783	1
ZNF513	1
GDF15	1
ZNF511	1
ZNF517	1
LINC00475	1
CYP3A43	1
TSPYL1	1
SPRTN	1
RPH3AL	1
SLC39A9	1
DLG2	1
SLC39A2	1
SLC39A4	1
SLC39A5	1
SLC39A6	1
PSCA	1
B3GALT5	1
MTHFD1L	1
VWF	1
EPDR1	1
MYH11	1
MYH13	1
MYH14	1
MYH16	1
REN	1
PIK3AP1	1
TRIM72	1
OXER1	1
TP53TG3D	1
ZNF28	1
SLCO4A1	1
OR6K3	1
DNM1P35	1
PIP5K1P1	1
SCAF1	1
LEF1	1
SCAF8	1
LRP4-AS1	1
TMEM63C	1
KIAA1598	1
NTN1	1
NTN4	1
FITM1	1
USP9Y	1
RPS10P7	1
ATAD2B	1
B4GALNT4	1
RBM5	1
RBM3	1
B4GALNT2	1
OR51D1	1
RPS16P5	1
MIR3656	1
AP1S2	1
LINC00485	1
LINC00487	1
LINC00483	1
CAD	1
PGF	1
PGD	1
ZNF204P	1
KAZN	1
PDE1C	1
PDE1A	1
TAS2R14	1
LOC284344	1
DEFA4	1
PGP	1
POTEF	1
SCIMP	1
NUMBL	1
C21orf91	1
NUP210P1	1
DKFZP434A062	1
COA4	1
COA1	1
COA3	1
MRS2	1
ZNF500	1
RPS27A	1
NRP2	1
DMXL2	1
ARSE	1
CA9	1
ARSG	1
ARSA	1
ARSB	1
C12orf69	1
HEXB	1
ARSH	1
CA6	1
ARSJ	1
RBMX	1
FUT6	1
FUT4	1
FUT2	1
FES	1
MAGEA9B	1
ZNF705B	1
FUT8	1
GHR	1
GABPB1-AS1	1
SF1	1
VTCN1	1
SNRK-AS1	1
MIP	1
ZNF705A	1
FBLN5	1
LOC100132832	1
VPS9D1	1
NDUFC2-KCTD14	1
STRAP	1
PXT1	1
C1orf86	1
RNF208	1
C2orf74	1
MDH1	1
HGC6.3	1
SIGLEC16	1
SIGLEC14	1
CGNL1	1
SIGLEC10	1
SIGLEC11	1
KIFC2	1
PAFAH1B3	1
MARK2P9	1
LOC100131564	1
CYLD	1
SYNPO2	1
ACTB	1
DMRT1	1
PROS1	1
FAM157B	1
LOC643441	1
NCKAP5L	1
PLA2G12A	1
PKN1	1
ADAL	1
SF3A1	1
IQCA1	1
ZNF184	1
ZNF180	1
ALYREF	1
ZNF25	1
ZNF26	1
ZNF23	1
BLVRB	1
GLTPD2	1
EPOR	1
SEMA5B	1
SH3TC2	1
SH3TC1	1
SNORA9	1
HS6ST1	1
HS6ST3	1
SNORA3	1
OR1J2	1
SNORA6	1
LOC143666	1
ZNF236	1
ZNF234	1
ZNF232	1
CNBP	1
RNPEP	1
ABCG5	1
EGFLAM-AS4	1
CERCAM	1
RANBP9	1
RANBP6	1
RANBP1	1
RANBP2	1
TXN2	1
AGAP2	1
AGAP4	1
GXYLT1	1
GXYLT2	1
TAPT1	1
ISPD	1
TMEM2	1
TAF7L	1
CSPP1	1
GDPD3	1
SLC23A2	1
SLAMF8	1
SLAMF6	1
SLAMF1	1
TBCEL	1
C17orf98	1
OSGEPL1	1
C17orf96	1
LOH12CR2	1
FKRP	1
LPHN2	1
HDGFRP2	1
HDGFRP3	1
FGD3	1
C6orf106	1
YWHAQ	1
LOC79015	1
YWHAH	1
YWHAB	1
FCRL2	1
FCRL4	1
FCRL6	1
FCRLA	1
CHRM4	1
LOC643201	1
MGAT1	1
MGAT2	1
MIR22HG	1
SPATA31D3	1
PDCD1LG2	1
LOC100507547	1
VAMP1	1
CHST10	1
VAMP3	1
SLC20A1	1
CHST14	1
ROCK2	1
MMP8	1
TGFBI	1
MMP2	1
CCNT1	1
CCNT2	1
CREBZF	1
CBFA2T2	1
IRF2BP1	1
C9orf89	1
LINC00547	1
LINC00548	1
VRK1	1
VRK3	1
WNK2	1
LRRC6	1
LRRC1	1
LRRC3	1
TNIP2	1
USP39	1
USP30	1
USP32	1
USP34	1
SHMT2	1
SHMT1	1
ZAN	1
PLD6	1
PLD1	1
PLD2	1
PLD3	1
ENAM	1
PPFIBP2	1
RUNX2	1
APOBEC2	1
FRA10AC1	1
HHIPL1	1
DOCK8	1
RRP8	1
ZNF75A	1
DOCK1	1
KIF26A	1
KIF26B	1
DOCK5	1
UHRF1BP1	1
ACSBG2	1
TNFRSF12A	1
SLC9A4	1
SLC9A6	1
HSPH1	1
SUPT7L	1
SEC1P	1
JUN	1
PLEKHB1	1
JUP	1
GDPD1	1
SCNN1B	1
PLCB1	1
UCK2	1
CYP4Z1	1
LOC93622	1
GDPD5	1
ARHGEF38	1
LOC339298	1
REV1	1
GIMAP6	1
BST2	1
DACT3-AS1	1
GIMAP1	1
GIMAP2	1
SCUBE3	1
ESR2	1
JMJD7-PLA2G4B	1
FGF6	1
LOC221122	1
RPSAP52	1
ZNF750	1
CEP19	1
MYOM3	1
MYOM2	1
COX10-AS1	1
ITSN2	1
SMIM15	1
SMIM18	1
POLA1	1
TBX2	1
GLMN	1
TBX1	1
CTNND2	1
TBX5	1
BCORL1	1
KLRF2	1
A2M	1
TMEM38A	1
TMEM38B	1
ZNF532	1
LOC100289650	1
NAV2	1
LOC401010	1
TAL1	1
LOC100129924	1
DBR1	1
DNAJC9	1
LCE2C	1
LCE2A	1
LOC100132781	1
ATL3	1
ATL1	1
PRRT2	1
RUSC2	1
GLYATL2	1
RUSC1	1
PPIH	1
PPIF	1
PPID	1
PPIB	1
CCDC85A	1
SLC5A5	1
RNMTL1	1
SNTB2	1
MIR4324	1
KIAA0408	1
CORO1B	1
CORO1A	1
RING1	1
MOXD1	1
PIN4	1
SMOX	1
FAS	1
NPAS4	1
PTHLH	1
FAU	1
THEMIS2	1
HNRNPA2B1	1
LOC648691	1
AP4E1	1
LOC100287846	1
MIDN	1
NCAPH2	1
C7orf43	1
FAM166A	1
PURB	1
ATF6B	1
GSTA7P	1
HECTD2	1
OAF	1
NOP56	1
HELZ2	1
MAN2B1	1
CCS	1
CCDC28B	1
OAT	1
C7orf49	1
FAM193A	1
FLII	1
KLHL29	1
LRRC37B	1
COG8	1
NUF2	1
COG2	1
CHTOP	1
COG7	1
COG6	1
COG5	1
COG4	1
LITAF	1
TIMM10B	1
ANKUB1	1
GPR20	1
GPR21	1
C12orf44	1
GPR25	1
NFAT5	1
KCNMB4	1
GSK3A	1
GSK3B	1
MSTO1	1
UBB	1
LOC100507489	1
ANKRD52	1
PATE4	1
ANKRD54	1
POC5	1
AKR1A1	1
HEG1	1
PLXNB2	1
KBTBD6	1
KBTBD3	1
AMN	1
GUCY1A3	1
PCBP2	1
NR4A3	1
RNF222	1
RNF224	1
SNX25	1
C1QL1	1
NR4A1	1
RASL11B	1
LOC728377	1
PAK1IP1	1
MOGS	1
FSD1	1
HOPX	1
RBM26	1
RBM24	1
RBM23	1
HECW2	1
POU6F2-AS1	1
TRHDE-AS1	1
EPHA8	1
MIR1250	1
EPHA1	1
RASD2	1
KLHDC3	1
PBOV1	1
TRMT6	1
FGF18	1
TRMT1	1
FGF12	1
FGF17	1
FGF14	1
CHST11	1
ZGLP1	1
LOC100505622	1
FAM225A	1
VAMP2	1
RNF150	1
SEMA3A	1
SEMA3B	1
SEMA3D	1
SEMA3F	1
ARHGAP11B	1
SLC25A31	1
MIR125A	1
DESI2	1
DESI1	1
ZNF250	1
ARL2	1
ZNF257	1
MTERF	1
RRM2	1
PSENEN	1
ZC3H12C	1
DERA	1
FAM35BP	1
TSR2	1
TG	1
UBAC2-AS1	1
KCNJ12	1
ZNF80	1
KCNJ15	1
MLXIPL	1
KCNJ18	1
TMX4	1
TMX1	1
TMX2	1
NAGK	1
DAZAP2	1
CYP4A11	1
LOC100507173	1
C1QTNF3	1
C1QTNF1	1
C1QTNF4	1
CREB3L2	1
CREB3L1	1
LOC440910	1
THBS4	1
PGAP1	1
PGAP3	1
C17orf77	1
AGPHD1	1
PPAPDC2	1
MFAP5	1
OR2L5	1
SRSF11	1
MFAP2	1
MFAP1	1
CD180	1
OR2L8	1
SLMAP	1
CDC42SE2	1
CDC42SE1	1
ANKRD22	1
HEBP1	1
HEBP2	1
HBS1L	1
IL2RB	1
NDUFB2	1
IWS1	1
APRT	1
FDPSL2A	1
GYPA	1
C19orf52	1
RAX2	1
C19orf57	1
HNRPDL	1
LECT1	1
TAS2R9	1
ATF7IP2	1
C11orf48	1
PRR11	1
PRR14	1
C11orf40	1
C11orf42	1
C11orf44	1
TNFSF12	1
CLPSL2	1
MAPT-IT1	1
PUM2	1
PUM1	1
SFXN3	1
SFXN1	1
SPAG17	1
CRYBA4	1
IFNL3	1
IFNL4	1
RWDD2B	1
CCT3	1
CCT7	1
CCT5	1
C3orf45	1
TIMM13	1
LINC00521	1
ARL13A	1
TICRR	1
TRPV2	1
AKTIP	1
BMS1P1	1
LOC145820	1
RIMKLA	1
CDK5RAP1	1
LOC100130557	1
ZC3H6	1
CYP2J2	1
LOC100335030	1
UHMK1	1
SLC4A5	1
SLC4A7	1
SLC4A1	1
TNFRSF10D	1
CLCA2	1
DCTN3	1
SLC4A9	1
DCTN4	1
KCMF1	1
ASPA	1
LOC100130331	1
ASPH	1
SLC35F4	1
TTC28-AS1	1
CCDC144C	1
ZC3HAV1	1
BROX	1
FAM96A	1
PLCL1	1
FAM86B1	1
TAF4	1
MXRA7	1
RNF25	1
RNF26	1
FOSL2	1
ZNF736	1
ZNF735	1
LOC100499405	1
ZNF738	1
SSTR1	1
SSTR2	1
SSTR4	1
RADIL	1
KLRD1	1
ANKRD44	1
G6PC	1
OR2S2	1
CTNNB1	1
MOB1A	1
SEC14L1	1
MYOG	1
MYOF	1
TMEM41A	1
TMEM41B	1
LRRC4	1
NHS	1
CNOT2	1
CNOT1	1
APOL4	1
CNOT6	1
CNOT4	1
NOS1	1
ITGB2	1
ITGB4	1
ITGB6	1
YARS2	1
ATN1	1
KRT19P2	1
LCP2	1
LCP1	1
FAM92A1P2	1
NEO1	1
PMPCA	1
H3F3AP4	1
NLGN4Y-AS1	1
FAM90A7P	1
RPP14	1
AICDA	1
LARS2-AS1	1
MIR4696	1
CDK17	1
RASAL1	1
GCM2	1
EGF	1
LBP	1
SMAGP	1
ATP5J2-PTCD1	1
SLC12A4	1
SLC12A6	1
SLC12A3	1
LBH	1
SLC12A9	1
RAX	1
IMP3	1
MRVI1	1
EXT1	1
POU5F1P3	1
ACIN1	1
ATP1B2	1
LOC145845	1
XYLT1	1
SERF2-C15ORF63	1
ZAK	1
LHPP	1
TSEN15	1
ALDH5A1	1
LEPROTL1	1
TCTA	1
SNX3	1
SNX1	1
SNX6	1
SNX4	1
SNX8	1
CCDC127	1
CCDC125	1
CCDC124	1
SLC11A2	1
CCDC121	1
CCDC120	1
KHSRP	1
SNHG7	1
CCDC129	1
ITPKA	1
ITPKB	1
MGEA5	1
PHKG2	1
PKM	1
ORAI3	1
ORAI1	1
GUCY1B2	1
LOC440028	1
TSIX	1
UHRF1BP1L	1
C12orf23	1
ERVK13-1	1
COMTD1	1
MAOA	1
DTYMK	1
NEIL3	1
BAIAP2L2	1
MSTO2P	1
C21orf2	1
CHAD	1
PCCA-AS1	1
AHI1	1
DIEXF	1
PGAM2	1
FABP3	1
LOC402160	1
PGAM1	1
MESP1	1
MXD3	1
MXD1	1
FKSG29	1
SPDYA	1
SPDYC	1
C1QBP	1
DOCK2	1
DOCK3	1
DNMBP	1
ASL	1
MRVI1-AS1	1
ATP6V0C	1
GKN1	1
DOCK7	1
COL5A3	1
COL5A1	1
LAMP2	1
EP300	1
LOC388692	1
NPY5R	1
LOC100129175	1
SMEK1	1
NEU4	1
NPFF	1
NEU1	1
NEU3	1
UVSSA	1
UQCR11	1
ARMS2	1
CXorf38	1
FN3KRP	1
VSTM5	1
OPRL1	1
MIR377	1
RAD54B	1
MIR373	1
RAD54L	1
PRR3	1
PRR5	1
PRR7	1
DVL2	1
KDM4B	1
MED13	1
MED15	1
KDM4E	1
ABCB4	1
MED19	1
ABCB8	1
MTBP	1
CAPZA1	1
ZNF69	1
MTFR1L	1
LOC283922	1
BAI3	1
TREML1	1
TLX1	1
TLX3	1
ADH1B	1
MUSK	1
C6orf25	1
FLJ37201	1
MLEC	1
C21orf33	1
IST1	1
SLC30A9	1
LOC645434	1
SLC30A4	1
SLC30A6	1
SLC30A3	1
SLC30A2	1
EIF5AL1	1
EML2	1
EML3	1
GADD45B	1
EML6	1
EML4	1
ZYG11B	1
TAGLN2	1
TAGLN3	1
GJD3	1
GJD2	1
ADM2	1
HLA-DPB1	1
CETP	1
NAIP	1
NUPL1	1
MIPOL1	1
GMPR	1
CNN1	1
CNN3	1
DHODH	1
SYNC	1
ZNF277	1
ZNF275	1
CHAC1	1
SNTA1	1
CDH8	1
PLGRKT	1
ARHGEF35	1
EXOC3L2	1
NOP16	1
CTXN1	1
ARHGEF33	1
LINC00261	1
TMEM175	1
MAML2	1
MAML1	1
FLJ20518	1
TRPM4	1
TRPM6	1
TRPM1	1
TRPM3	1
METRN	1
TUBB3	1
FAN1	1
FAM35DP	1
EPN3	1
C19orf71	1
C19orf73	1
PARP3	1
LOC147093	1
B3GNT1	1
PEX5L	1
TIPARP-AS1	1
ERCC1	1
C17orf58	1
C11orf68	1
LOC100507066	1
C17orf51	1
C11orf65	1
TFDP2	1
SLX1B	1
LCLAT1	1
B3GNT9	1
OLFM2	1
CCR2	1
CCR4	1
CCR6	1
CCR9	1
LOC151171	1
BCAS3	1
BCAS1	1
DRAM2	1
CD81	1
CD82	1
CD84	1
ABCC6P1	1
BEAN1	1
TM4SF4	1
SLC8A2	1
ZBED1	1
ZBED4	1
ZBED6	1
EFNA3	1
LOC730159	1
LOC644961	1
MIR581	1
CD8B	1
LRP2	1
LOC100130539	1
LRP6	1
LRP4	1
GALNT11	1
RPL34-AS1	1
LRP8	1
HLA-DOA	1
CALR3	1
HARS2	1
IYD	1
STIM2	1
ANTXR2	1
KIRREL	1
S100P	1
C8A	1
MAP7	1
CRIPAK	1
C8G	1
UCN2	1
TEAD2	1
CAMLG	1
C1orf186	1
PTPN22	1
FAM180B	1
PLEKHF1	1
BRI3	1
MRPL18	1
PPL	1
APEX2	1
PPY	1
SPOCD1	1
TMEM220-AS1	1
ESRRG	1
CLDN22	1
SPATA5L1	1
CLDN24	1
RPL29P2	1
CRYM-AS1	1
THAP7-AS1	1
ZNF714	1
ZNF710	1
ZNF711	1
ZNF860	1
YY1AP1	1
MAPT	1
FLJ45513	1
HLA-DQA1	1
ZNF512B	1
ASB11	1
FAM160A2	1
KLRB1	1
LRPPRC	1
SMIM12	1
LOC100506082	1
RPP38	1
DHCR7	1
MIR1193	1
AFG3L2	1
FIGLA	1
THPO	1
LOC401052	1
AVIL	1
TCHHL1	1
ZFP1	1
ZFP2	1
NSMF	1
KIAA0825	1
ANKMY2	1
PTBP3	1
PTBP1	1
NNT	1
FAM19A4	1
FAM19A3	1
LOC100129961	1
HK2	1
HK1	1
LOC285547	1
ATP2B1	1
LOC285548	1
ATP2B4	1
CACNA2D4	1
FDPS	1
MOB3C	1
MSRA	1
CYP27C1	1
PABPC1	1
LOC653786	1
DQX1	1
MAPKAPK5	1
MAPKAPK2	1
PDHX	1
GOLPH3	1
SAMD5	1
PIK3R5	1
PIK3R4	1
PIK3R3	1
PIK3R1	1
PDHB	1
SAMD9	1
PDIA4	1
LOC285819	1
PRICKLE2-AS1	1
HACE1	1
DENND5B	1
HEXIM2	1
PTCRA	1
LOC284632	1
LRRC18	1
LRRC17	1
AQP7P1	1
LRRC15	1
SLC51B	1
C14orf101	1
FAM111B	1
TOMM40L	1
POF1B	1
OR7E91P	1
RBKS	1
HEPH	1
NCAM1	1
CCDC101	1
CCDC103	1
OR6Q1	1
CCDC107	1
GUF1	1
OBP2B	1
HIATL2	1
CGB	1
POLD2	1
POLD4	1
LOC283214	1
PML	1
REEP2	1
ARMCX3	1
BBS9	1
TSKU	1
TSKS	1
ARL6IP6	1
ARL6IP4	1
CHRNA4	1
CHRNA6	1
CHRNA1	1
CHRNA3	1
CHRNA9	1
MAPK8IP3	1
CEP152	1
ID3	1
WDR11-AS1	1
LOC644554	1
SNORA5B	1
HP1BP3	1
CHGB	1
CD164	1
MSN	1
LEPREL2	1
FOPNL	1
LOC100268168	1
OPLAH	1
SEC31A	1
ANKRD6	1
ANKRD2	1
TSGA10	1
GLI2	1
GLI1	1
GLI4	1
MPPE1	1
PDGFA	1
HNRNPA1L2	1
ORC3	1
ORC1	1
RCC2	1
SPATA6	1
CWH43	1
SIGLEC8	1
C2orf43	1
TCP11L1	1
FOLR4	1
DNM1L	1
LINC00312	1
METTL11B	1
DUOXA1	1
C3orf80	1
NCBP1	1
B2M	1
SQLE	1
TM4SF19-TCTEX1D2	1
PABPN1L	1
PTPLB	1
SPTLC2	1
KDM2A	1
KDM2B	1
ABCD4	1
OSGEP	1
LOC100505666	1
C2CD5	1
LOC100131496	1
PRKAG2-AS1	1
TRAPPC9	1
PI3	1
TRAPPC1	1
LCE2D	1
SIM1	1
HNRNPUL2-BSCL2	1
ATPIF1	1
DGAT1	1
MTCP1	1
MIR5090	1
SOBP	1
PSMG1	1
PSMG3	1
RRN3P2	1
LINC00202-1	1
PABPC1P2	1
CNTFR	1
FHDC1	1
TACR1	1
KCNH4	1
KCNH6	1
KCNH3	1
KCNH8	1
PRNT	1
SERBP1	1
ZNF296	1
C9orf114	1
GPR183	1
LIN37	1
41343	1
LOC100129250	1
NDUFAF6	1
NDUFAF3	1
MIR4717	1
DLX6-AS1	1
GDAP1	1
FAHD1	1
AP3D1	1
TUG1	1
ILDR1	1
ZSWIM3	1
SULT1A3	1
BARX2	1
BARX1	1
SH2B2	1
PRKAR1A	1
CHTF18	1
SH2B1	1
SAR1B	1
OLIG2	1
OLIG1	1
NIPSNAP1	1
FAM156B	1
TTTY5	1
MIR19B2	1
CLPTM1	1
CDC45	1
CDC40	1
LOC284581	1
LOC100289019	1
RBBP5	1
PGLYRP2	1
PDDC1	1
BIN2	1
RGS22	1
RGS20	1
DPYD	1
PIPSL	1
DPYS	1
CDCA3	1
YLPM1	1
CDCA7	1
CDCA5	1
TIMM50	1
MID1	1
STEAP1B	1
RSF1	1
SRRD	1
SASH3	1
SASH1	1
TCL1A	1
LOC100294362	1
CYB5B	1
MAPT-AS1	1
DPPA2P3	1
ALKBH1	1
IGDCC4	1
SYTL1	1
SYTL2	1
SPRED1	1
SPRED3	1
BRK1	1
OR10K2	1
POU3F2	1
LOC100272217	1
ASTL	1
MTMR9LP	1
CEP85	1
PLEKHH3	1
PLEKHH1	1
ESRP2	1
RELB	1
MEG8	1
ZMPSTE24	1
CRISPLD1	1
MRPL32	1
MRPL30	1
CLEC17A	1
PTH2R	1
MRPL38	1
CYYR1	1
ESX1	1
FAM69A	1
KLK3	1
KLK5	1
DMRTC2	1
KLK7	1
KLK9	1
THOC7	1
THOC5	1
HTT-AS1	1
LOC100507472	1
ZNF844	1
RHBDL3	1
ZNF846	1
LOC388553	1
HSD3B2	1
LOC100129034	1
MAVS	1
MIR612	1
NUP88	1
FOXP3	1
FOXP1	1
MSL1	1
IL10RB	1
COPS2	1
SAA4	1
TBR1	1
COPS5	1
YTHDF2	1
ZNF596	1
MDGA1	1
ZNF594	1
KRTAP9-2	1
ZNF598	1
PARPBP	1
DUX4L	1
PLCH2	1
FLJ14186	1
PLCH1	1
VEZF1	1
FDFT1	1
FAM135B	1
IGF2	1
NUDT2	1
NUDT4	1
NUDT6	1
PVR	1
PHLDB1	1
PHLDB2	1
PHLDB3	1
LRRC37A11P	1
ELK4	1
OPN1MW2	1
MEF2C	1
MEF2B	1
DDRGK1	1
FBXL20	1
FBXL22	1
ZNF337	1
ZNF335	1
FAM168B	1
ZNF333	1
ZNF331	1
RPLP2	1
TP53BP2	1
TEX10	1
CSMD2	1
CSMD1	1
MALAT1	1
LRRC3C	1
ECD	1
GPATCH11	1
CIB2	1
PRIMA1	1
FLJ37035	1
TRIL	1
TRIO	1
LETMD1	1
MTMR12	1
MTMR10	1
CELSR3	1
CELSR1	1
PTCHD3	1
PTCHD2	1
BBX	1
NEK6	1
LOC100133091	1
GTF3C3	1
DOT1L	1
LRRC32	1
LRRC34	1
LY6G5B	1
LINC-ROR	1
ZNF33A	1
FAM117B	1
MAD2L2	1
SVIL	1
TCEB3	1
TCEB1	1
CEBPZ	1
C20orf197	1
C20orf196	1
SLC26A4-AS1	1
CLCNKA	1
CLCNKB	1
CCDC169	1
VPREB1	1
KRTAP6-3	1
CCDC164	1
ST3GAL2	1
ALDH1L1-AS1	1
LOC100652999	1
ST3GAL4	1
GALNS	1
SNORA74A	1
TJAP1	1
CYP7B1	1
SLC16A1	1
SLC16A3	1
SLC16A5	1
SLC16A7	1
ARHGAP30	1
ARHGAP32	1
BCKDHB	1
ARHGAP36	1
ARHGAP39	1
CMKLR1	1
MON1A	1
MON1B	1
LYVE1	1
SH3RF3-AS1	1
MOXD2P	1
UQCRQ	1
PIBF1	1
UQCRB	1
JMJD1C	1
GPS1	1
CACNA1B	1
CACNA1D	1
CACNA1F	1
SYCP3	1
TMEM178A	1
BMP8A	1
CNOT6L	1
LOC100131257	1
COIL	1
SLC15A4	1
LIME1	1
RBM41	1
RBM43	1
RBM47	1
NPY1R	1
PQBP1	1
TTC14	1
TTC16	1
LINC00339	1
LINC00338	1
LINC00336	1
TTC19	1
LINC00332	1
LINC00330	1
SLBP	1
LOC144742	1
C4orf26	1
SLC31A2	1
ZFP90	1
RICTOR	1
PPM1G	1
PPM1F	1
THEM5	1
ABCF3	1
PPM1B	1
ABCF1	1
C4BPA	1
EGR1	1
EGR4	1
LOC100130705	1
PJA2	1
CHEK1	1
SIKE1	1
PAX4	1
PAX6	1
KPRP	1
PTPN3	1
PTPN2	1
GCFC2	1
PCDHA13	1
PTPN6	1
PTPN4	1
GINS3	1
PROK1	1
GINS4	1
DDR2	1
PLD4	1
GRK6	1
LRCH1	1
LRCH2	1
MBD3L1	1
MBD3L5	1
PTDSS1	1
AGBL5	1
AGBL4	1
AGBL2	1
ARRB2	1
CYP2S1	1
ADPRM	1
CNTD2	1
ZEB1	1
PSMA2	1
GTF2A1L	1
SLC7A6OS	1
PSMA5	1
C3	1
C2	1
ZNF107	1
LOC401397	1
ZNF100	1
CEMP1	1
KIF16B	1
FBXO46	1
FBXO40	1
FBXO42	1
TNK1	1
DCDC2B	1
SH3BP5L	1
LMO7	1
FLJ41649	1
CP	1
RMND5A	1
KCNJ3	1
SNORD17	1
KCNJ6	1
SFRP5	1
KCNJ9	1
KCNJ8	1
C9orf131	1
AGPAT6	1
AGPAT5	1
C9orf135	1
AGPAT1	1
KIAA1217	1
KIAA1211	1
LOC729683	1
PEX19	1
TMEM156	1
FOXO4	1
PEX10	1
PEX12	1
PEX14	1
ANGEL1	1
AP3B1	1
MANBAL	1
FRAT2	1
SPAG6	1
FLJ23867	1
PRRC2A	1
ELK2AP	1
ANXA8L2	1
LOC201651	1
PGA4	1
FAM154A	1
PPP1CC	1
PPP1CA	1
MPPED1	1
C11orf21	1
C11orf24	1
WBP2	1
WBP1	1
COL6A2	1
RFXANK	1
WBP4	1
KLK12	1
KLK10	1
KLK15	1
FAM71D	1
C12orf42	1
HIF1AN	1
SLC34A1	1
SLC34A2	1
PPP1R16A	1
FXYD6-FXYD2	1
BLNK	1
ATP1A1OS	1
STRN	1
MIR3177	1
UBR3	1
UBR1	1
HSDL1	1
UBR4	1
CALN1	1
SOCS1	1
TMA16	1
PPP2CA	1
CCNY	1
SPG20OS	1
ATP6V1G2-DDX39B	1
CCNC	1
VPS72	1
PCM1	1
TBRG4	1
NCKAP5	1
NCKAP1	1
LRRK1	1
SRCRB4D	1
ABHD10	1
ABHD12	1
TGFB1I1	1
FAM108A1	1
MRPL11	1
MRPL14	1
MRPL16	1
ARPC3	1
ARPC2	1
CDC25A	1
RNF43	1
RNF40	1
TMPRSS13	1
ZNF821	1
SNORA77	1
ITPR3	1
ZNF829	1
AMPH	1
DEPTOR	1
LRIG1	1
ANKRD20A3	1
SNCG	1
CES2	1
CASKIN2	1
RNF128	1
EBF3	1
IL17RD	1
IL17RC	1
IL17RB	1
ANKRD53	1
MIR103A1	1
MIR103A2	1
TMEM110-MUSTN1	1
FAM217A	1
SOX9	1
NCOR1	1
AVEN	1
REPS1	1
REPS2	1
GPN1	1
NFKB1	1
TMEM30C	1
TMEM30B	1
RAP2B	1
RAB40AL	1
SIAH2	1
NSA2	1
TMPO-AS1	1
CLPTM1L	1
PHLPP2	1
PHLPP1	1
NUP210L	1
DAPP1	1
PIAS2	1
PIAS1	1
PIAS4	1
HIVEP2	1
HIVEP3	1
FAM115C	1
FAM115A	1
EOGT	1
ZNF318	1
TEX37	1
OVOL2	1
P2RX1	1
P2RX4	1
P2RX6	1
HADHA	1
RPS19BP1	1
STPG1	1
NPRL2	1
DKFZP434H168	1
RMDN2	1
TWISTNB	1
DKFZP434I0714	1
AMH	1
OTOGL	1
ALS2	1
LRRC56	1
LRRC55	1
DENND1B	1
LRRC59	1
NSUN5P2	1
NSUN5P1	1
SDHC	1
SHARPIN	1
ZCCHC13	1
ZCCHC11	1
ZCCHC17	1
FLVCR2	1
AP1M1	1
CDRT4	1
CCDC146	1
CDRT1	1
ANKS4B	1
CCDC148	1
SMG5	1
SMG6	1
SAMD12	1
SAMD13	1
TKTL1	1
TSG1	1
SYS1	1
PCBP4	1
FAM114A1	1
TEX33	1
FAM114A2	1
PCDH11X	1
IGF1R	1
IFNK	1
IFNG	1
IFNE	1
SLC45A1	1
SLC45A2	1
MTUS1	1
OSBPL9	1
IFRD2	1
OSBPL2	1
ALS2CL	1
R3HCC1L	1
STUB1	1
TUBB4B	1
ARHGAP17	1
STARD9	1
ARHGAP10	1
STARD3	1
STARD6	1
ARHGAP18	1
IL7R	1
PTRHD1	1
LOC100132891	1
FGL1	1
DCHS2	1
GPR137C	1
FZD10	1
CHKA	1
BMS1	1
BCDIN3D	1
MRI1	1
MAPK1IP1L	1
DST	1
DSP	1
HID1	1
DCDC5	1
DCDC2	1
MIR608	1
PDAP1	1
GSTO1	1
ERMP1	1
TTC33	1
TTC31	1
TTC36	1
TTC34	1
CNGB3	1
LOC643355	1
SLC22A23	1
ZNF658B	1
SLC22A20	1
DDTL	1
SLC22A25	1
SLC22A24	1
LOC100130231	1
LOC100130238	1
SETX	1
PLA2G3	1
FAM57B	1
ZNF83	1
SATB2-AS1	1
ZNF85	1
SS18	1
LOC100131234	1
FRMPD1	1
FRMPD2	1
AADACL4	1
PDE10A	1
AADACL2	1
GEMIN8	1
SCARF1	1
GEMIN2	1
LMO2	1
GEMIN7	1
GEMIN4	1
GEMIN5	1
BPIFC	1
C4orf46	1
TRPC4AP	1
KRBA1	1
KRBA2	1
LARP1B	1
LOC100130894	1
MCRS1	1
KRT16P1	1
MAZ	1
C15orf57	1
C15orf56	1
AFAP1	1
C15orf53	1
CCDC73	1
ZNF121	1
GJB1	1
GJB2	1
GJB6	1
VWCE	1
PSMC2	1
PSMC4	1
PSMC6	1
ARFIP1	1
FOLR2	1
KIF18B	1
TRIP11	1
TLR8-AS1	1
IFT172	1
LOC646762	1
SNORD33	1
SNORD30	1
NCLN	1
C9orf156	1
KIAA1239	1
APITD1-CORT	1
DNAL1	1
TGM1	1
GRHPR	1
LIN7B	1
IMMP2L	1
TGM7	1
OR2D2	1
HNRPLL	1
FOXI1	1
FOXI2	1
TMEM173	1
CLSTN3	1
EIF3J	1
EIF3L	1
EIF3A	1
EIF3C	1
ALMS1P	1
FGFBP3	1
FGFBP2	1
ARMC10	1
ARMC12	1
NOL11	1
CLDN18	1
ELSPBP1	1
CDKN2B	1
CDKN2C	1
CDKN2A	1
INPP5A	1
INPP5B	1
EDEM2	1
EDEM3	1
LOC100506585	1
UBTD2	1
UBTD1	1
CCL2	1
NFATC2	1
CCL1	1
NFATC4	1
TNFAIP8L1	1
DHRS7C	1
TAS2R20	1
LOC100289509	1
MIR7-3HG	1
CSDAP1	1
TBC1D3P1-DHX40P1	1
AP2B1	1
GTF2E1	1
LOC100294145	1
LINC00092	1
RRBP1	1
PPP1R14B	1
OR2AG2	1
OR2AG1	1
UBP1	1
TCTE1	1
PID1	1
RALY	1
DNTT	1
PCDH12	1
PCDH15	1
ALKBH7	1
ALKBH4	1
ALKBH5	1
ALKBH3	1
VPS54	1
ISX	1
C8orf58	1
BRE-AS1	1
CDKN2B-AS1	1
OR10G8	1
DBF4B	1
LOC284933	1
DNAJB8	1
DNAJB1	1
CLSPN	1
DNAJB7	1
DNAJB5	1
AMDHD1	1
TRMT5	1
DIDO1	1
KISS1	1
FRK	1
KDM6B	1
ZNF808	1
THAP4	1
EPB41	1
FAM65B	1
GRIK2	1
GRIK4	1
UGDH-AS1	1
RNF148	1
SGSH	1
DSCAM-AS1	1
GLRA1	1
RNF146	1
SYNRG	1
MSH3	1
MSH5	1
MYOCD	1
FAM219A	1
ASMTL-AS1	1
CCDC71L	1
XPR1	1
PACSIN3	1
GREM1	1
INTU	1
PADI3	1
LOC100128675	1
PM20D1	1
LATS1	1
ALPPL2	1
GPIHBP1	1
SMA4	1
NRIP1	1
NRIP3	1
LOC148145	1
GSTP1	1
GPR133	1
ATP6V1C2	1
LOC389641	1
CDKN2AIP	1
PIDD	1
CHSY1	1
SF3A2	1
OCIAD2	1
OCIAD1	1
PPP1R3B	1
TMEM191C	1
AHCTF1	1
NSG1	1
LUC7L3	1
FAM131A	1
FAM131C	1
TBXAS1	1
SH3GLB1	1
KIAA1551	1
BTN2A3P	1
PPP1R36	1
GLB1L3	1
CHERP	1
MCMDC2	1
EHHADH	1
NME4	1
NME5	1
NME6	1
PNPLA8	1
INPP5D	1
INPP5F	1
NME3	1
LOC100507053	1
INPP5K	1
APOC4-APOC2	1
FREM3	1
FREM1	1
CHURC1-FNTB	1
ZNF37A	1
MIR494	1
CNST	1
EPB49	1
HELZ	1
MATR3	1
HELB	1
RBAK	1
CYP4F3	1
GFOD1	1
SMG1P1	1
TEKT3	1
VPS37D	1
TEKT5	1
VPS37A	1
UNC5B	1
PNPLA1	1
PNPLA7	1
PNPLA5	1
PNPLA4	1
GUCA2A	1
ZBTB6	1
LOC285878	1
CLUH	1
PINLYP	1
TINCR	1
HOMEZ	1
KATNAL1	1
LOC400657	1
ATG12	1
ATG13	1
LOC254100	1
LOC100507463	1
LOC100507462	1
41531	1
KIAA0753	1
HMGN2P46	1
LOC400655	1
FRMD8	1
COL12A1	1
ACADVL	1
VSTM2L	1
SEC14L3	1
VSTM2B	1
SEC14L5	1
41532	1
PTAFR	1
OPA1-AS1	1
SNED1	1
IL1B	1
LINC00599	1
FLG2	1
THSD7A	1
LOC148709	1
CASK	1
CAST	1
WBP1L	1
KRT6C	1
CASR	1
GPR83	1
GPR85	1
THRAP3	1
BCL11A	1
WBP11	1
ZC3HAV1L	1
UAP1L1	1
ADAM20	1
ADAM22	1
ADAM28	1
PRKRIP1	1
AIF1L	1
GSTM1	1
IL13	1
IL15	1
TMSB15B	1
ZPBP2	1
MMEL1	1
TTF2	1
TTF1	1
AEBP1	1
LBX2-AS1	1
RBMS3	1
LTA4H	1
GDF9	1
CBR4	1
CBR1	1
CBR3	1
ABHD12B	1
CPT1C	1
ANXA5	1
ANXA7	1
ANXA9	1
MCM7	1
MCM5	1
POU5F1	1
DUSP18	1
POU5F2	1
DUSP15	1
ZDHHC21	1
ZDHHC23	1
MCM9	1
SQSTM1	1
SCXB	1
CSH1	1
C3orf20	1
C3orf22	1
WNT9A	1
SSX2	1
USH2A	1
LOC100507266	1
THAP9-AS1	1
SBF2-AS1	1
MROH9	1
KIFAP3	1
MDS2	1
MROH7	1
MROH1	1
MS4A1	1
CD27	1
ZNF140	1
ABCA11P	1
ZNF142	1
MBIP	1
ZNF148	1
CPT2	1
DDX31	1
DSC1	1
LOC153684	1
COX8A	1
MAGOH	1
DDX3X	1
C20orf27	1
VWA9	1
TMF1	1
RANGAP1	1
LOC100507194	1
BIVM	1
KCNN4	1
FASLG	1
KCNN1	1
PMS1	1
TRAF3IP2-AS1	1
PRKG1-AS1	1
RASEF	1
LOC646743	1
ISLR	1
C9orf171	1
PKIA	1
ZADH2	1
C9orf172	1
HUNK	1
KRT7	1
SLC19A2	1
SLC19A1	1
NIT2	1
CCDC66	1
FOXK2	1
FOXK1	1
CCDC62	1
CCDC69	1
CCDC68	1
KCNJ10	1
RPAP2	1
MIS12	1
TMEM115	1
TMEM116	1
KRT8	1
KANSL1L	1
C21orf128	1
SLC35A4	1
SLC35A1	1
SLC35A3	1
ANKRD18A	1
NXF4	1
NXF1	1
SH2D6	1
PHTF2	1
PGM5	1
ASIC1	1
PGM2	1
ABCB11	1
APLN	1
MMD2	1
CYHR1	1
APLF	1
SLC25A41	1
SLC25A42	1
SLC25A43	1
SLC25A44	1
SLC25A46	1
CDC27	1
RBPMS	1
PDZD7	1
FAM150A	1
FAM105B	1
OR2F2	1
BEST3	1
BEST1	1
BAIAP2-AS1	1
LIN52	1
PDZD8	1
UBQLNL	1
SORCS1	1
SORCS3	1
GPKOW	1
SPDYE8P	1
TNPO3	1
NANOG	1
FLJ38576	1
MAPK6	1
BCO2	1
SGPP1	1
WTAP	1
LYL1	1
ATP8A2	1
ATP8A1	1
STAG3L2	1
KIAA1804	1
SERINC2	1
THNSL2	1
VWA3A	1
METTL9	1
CCL13	1
ADTRP	1
VPS39	1
REEP4	1
BLOC1S5-TXNDC5	1
METTL5	1
STAT5B	1
TAS2R40	1
TAS2R46	1
KCTD3	1
LRRC14B	1
KCTD1	1
KCTD7	1
KCTD5	1
C1orf109	1
UST	1
GLTSCR1L	1
PLEKHN1	1
KCNT1	1
SLC18B1	1
HCFC2	1
SERPINA6	1
SERPINA9	1
NRAS	1
SLC38A11	1
FOXRED2	1
LOC374443	1
COMP	1
CABLES2	1
ESF1	1
ROPN1	1
ASZ1	1
SNORD116-15	1
NCCRP1	1
FOXD4L6	1
FOXD4L2	1
PACS1	1
SBNO2	1
PCSK1N	1
BRAP	1
RNF166	1
CLEC19A	1
RNF168	1
C8orf76	1
UPF3B	1
GAGE13	1
ZBTB44	1
ZBTB46	1
ZBTB48	1
PDPK1	1
TLCD2	1
SYNPO	1
SBF1P1	1
P4HA3	1
P4HA1	1
ANP32A	1
SYNPR	1
UQCC	1
ZFYVE19	1
NTNG2	1
RPF2	1
ZFYVE16	1
TAZ	1
PRR23B	1
MRPL55	1
MRPL51	1
PRIM2	1
MIR410	1
MIR412	1
ZNF688	1
HSP90B2P	1
ZNF682	1
ZNF683	1
ZNF684	1
MIR137HG	1
PPP1R9A	1
PCDHGC3	1
PCDHGC5	1
IQCD	1
IQCK	1
IQCJ	1
IQCH	1
MUC12	1
CCDC90B	1
LOC100133957	1
MBTD1	1
SYAP1	1
ANGPTL6	1
ANGPTL4	1
ANGPTL2	1
POP4	1
FDX1	1
GPR112	1
GPR110	1
MMP15	1
RASGRP1	1
MMP10	1
MMP12	1
DSTYK	1
MMP19	1
GSTM5	1
MYO18B	1
SYT14L	1
PRRT3	1
PPP1R1A	1
PPP1R1C	1
PPP1R15B	1
NF1	1
ST3GAL6-AS1	1
FAM133B	1
ZC2HC1B	1
NCAPD2	1
SLFNL1-AS1	1
MMACHC	1
BLK	1
HCK	1
C14orf182	1
C7orf25	1
LOC100507032	1
TCN1	1
TCN2	1
SIRPB2	1
ZNF420	1
ATXN2	1
ZNF428	1
SOAT2	1
SOAT1	1
SRGAP3	1
EFHD1	1
GPRC5D	1
TSC2	1
TSC1	1
NEDD9	1
PRH1-PRR4	1
NEDD1	1
P2RY11	1
SMC6	1
GPRIN2	1
GARNL3	1
SPDYE6	1
ABTB1	1
SMCP	1
LEPR	1
LTB	1
GRIPAP1	1
LASP1	1
ALG12	1
ALG13	1
ALG14	1
RIOK2	1
RIOK1	1
MICALL1	1
MICALL2	1
MEF2BNB	1
KLHL7-AS1	1
LMOD1	1
LMOD2	1
ARL8A	1
C10orf88	1
C1orf68	1
GYG1	1
C1orf64	1
GYG2	1
TMEM213	1
TRIM8	1
TWIST2	1
CRISP3	1
GAGE2B	1
ARPC4-TTLL3	1
TMEM214	1
PDIK1L	1
IL37	1
IL32	1
IL31	1
LOC100506314	1
TRIM5	1
COX16	1
CAMK2N1	1
GDF7	1
AGXT2	1
THEG5	1
MCCD1	1
C1RL-AS1	1
HYOU1	1
BREA2	1
DPY19L1P1	1
RAB5C	1
AMACR	1
LOC116437	1
KPTN	1
SLC41A1	1
SLC41A2	1
SCARB1	1
THEGL	1
LOC388499	1
SAYSD1	1
ERAP2	1
LOC441601	1
RRAD	1
EMR2	1
ANXA3	1
CNTN2	1
CNTN1	1
CNTN5	1
PRR12	1
DDX59	1
SHISA8	1
DDX52	1
DDX50	1
DDX56	1
CSRNP2	1
GATS	1
GATM	1
FAM129A	1
CDC42BPA	1
FOCAD	1
TXNRD2	1
GATC	1
BUB1	1
BUB3	1
UBE2E1	1
UBE2E2	1
CNGA2	1
SNORD71	1
NCF1C	1
ADSSL1	1
DNAH2	1
PLA2G15	1
EGLN1	1
PLA2G10	1
DNAH5	1
DNAH9	1
MYBPC2	1
MGC45922	1
FLG	1
HSD17B12	1
TMEM131	1
TMEM135	1
CCDC47	1
TPM3	1
TMEM139	1
CCDC42	1
LAG3	1
SPRY2	1
TRPC1	1
TRPC5	1
ALG1L9P	1
COASY	1
LOC100128881	1
DIRAS3	1
CDKL4	1
CDKL3	1
TBX10	1
LOC100499484-C9ORF174	1
FBXO25	1
TBX18	1
SLC35C2	1
XK	1
UTP15	1
GNB5	1
AMBRA1	1
GNB1	1
LOC100287944	1
GNB3	1
CHRNA10	1
OPN1LW	1
SAMHD1	1
C11orf87	1
LOC284751	1
SKA3	1
FAM107B	1
PARD3B	1
CRHR2	1
CRHR1	1
TGFBR3	1
GTF2A1	1
IL18BP	1
IQGAP2	1
SLIRP	1
CDYL	1
NOD1	1
TCP10L	1
TBC1D3P2	1
PCMTD1	1
KRI1	1
TECPR1	1
ISY1-RAB43	1
TUBA4A	1
CCNB2	1
VPS16	1
NUP62CL	1
FIBP	1
CSTF2	1
COQ3	1
COQ2	1
POU2F2	1
POU2F1	1
HBM	1
C1orf122	1
PCCA	1
LRRC16A	1
SIVA1	1
FCHO1	1
TNMD	1
PDE4A	1
SOX30	1
SERPINC1	1
C6orf99	1
QPCTL	1
CLN8	1
MRGBP	1
SNORA19	1
CLNK	1
TOR1AIP2	1
CHMP2B	1
TOR1AIP1	1
LIMA1	1
RNF186	1
TCF7L1	1
RNF183	1
C8orf12	1
BMPR2	1
ZBTB22	1
ZBTB21	1
ZBTB24	1
ZBTB25	1
APBB1IP	1
MIR146A	1
CLRN1-AS1	1
SKI	1
C16orf89	1
UBE2F-SCLY	1
MFF	1
MS4A2	1
LIMCH1	1
CLDND1	1
BICC1	1
SYT12	1
PPAT	1
SYT17	1
SYT15	1
ZFAS1	1
TM4SF20	1
GEM	1
RIC8A	1
BAHCC1	1
PCDHGA8	1
DDO	1
DTNBP1	1
DDC	1
PCDHGA3	1
LAMC1	1
PCDHGA6	1
PCDHGA4	1
RWDD4	1
BCS1L	1
CDC14B	1
GPR179	1
ATP6V1G2	1
PHF7	1
PHF2	1
WWC1	1
LAMTOR2	1
GPR176	1
LOC338817	1
C2CD4C	1
TMEM161B-AS1	1
INPP4B	1
TCHH	1
STRN4	1
CSTF3-AS1	1
SS18L1	1
TP53AIP1	1
CCDC162P	1
LOC440895	1
ERN2	1
KDR	1
RPS26	1
RPS25	1
RIMBP2	1
RIMBP3	1
MTSS1L	1
RPS28	1
OR1E2	1
MVB12B	1
CHMP1A	1
RARRES2	1
PREB	1
LINC00640	1
ZNF408	1
ZC3H3	1
GPSM1	1
ITPK1-AS1	1
AIMP1	1
PRELID1	1
ADPGK	1
HSH2D	1
MIEN1	1
MIR181D	1
FAM171B	1
SLC22A5	1
VPS33A	1
TGIF2LX	1
CNTNAP3B	1
ADARB2	1
TERT	1
GYLTL1B	1
STAC2	1
ZNF365	1
GRXCR2	1
SYNPO2L	1
TMBIM4	1
LOC100130950	1
TMBIM1	1
EFCAB6	1
DRD5	1
CASP8	1
FLJ30403	1
PICALM	1
UBE2QL1	1
SETD1A	1
AKT1	1
AKT2	1
AKT3	1
UPB1	1
TLX1NB	1
LINC00152	1
TRMT12	1
LINC00622	1
ST7-AS2	1
PKD1L3	1
ANAPC15	1
ANAPC16	1
ANAPC13	1
ENTPD7	1
KRT28	1
ENTPD4	1
ENTPD1	1
KRT20	1
KRT26	1
KRT24	1
SNAPC3	1
SNAPC1	1
SNAPC5	1
TNFRSF10C	1
HYAL3	1
HYAL1	1
TNFRSF10A	1
LACE1	1
PXDN	1
SLC4A2	1
C9orf170	1
C9orf173	1
SNORD115-14	1
CSDA	1
MCIN	1
LANCL3	1
LANCL1	1
BRMS1	1
CAGE1	1
ODF3	1
RAB7A	1
EFEMP2	1
RHNO1	1
LINC00847	1
LINC00840	1
KIF3B	1
KIF3A	1
TMEFF1	1
SDC4P	1
OLA1	1
SCTR	1
WNT5A	1
NCF1	1
LOC339442	1
TLR10	1
VDR	1
HNRNPH1	1
HNRNPH2	1
TBC1D8	1
SGOL1-AS1	1
MRPS35	1
LOC100131434	1
TBC1D2	1
HCFC1R1	1
TBC1D4	1
RBM11	1
MRPS33	1
LOC100630918	1
LIMD1-AS1	1
FAM127C	1
SUCNR1	1
FAM134B	1
SEL1L	1
CGB5	1
CGB1	1
ANKRD36BP2	1
UNC13B	1
KIAA2018	1
KIAA2013	1
SNORD92	1
RBM18	1
CNTLN	1
STOML2	1
EMP3	1
AMOT	1
AKR1CL1	1
TMSB4Y	1
CCDC22	1
CCDC24	1
RUNDC3A	1
CNTNAP1	1
DCAF12	1
FRMD4B	1
CNTNAP4	1
TRPA1	1
LEPRE1	1
OSCP1	1
PAPSS2	1
SLC8A1-AS1	1
UBE2G2	1
TRMT10B	1
KCTD20	1
SLC35E4	1
USP27X	1
MAP7D3	1
MAP7D1	1
HORMAD2	1
HEPHL1	1
LOC729603	1
G3BP2	1
MYOZ2	1
FAM101B	1
MYOZ1	1
KIAA1656	1
GPM6A	1
CKB	1
APBB2	1
ANXA2P1	1
IRAK2	1
OR7D2	1
IRAK1	1
OR7D4	1
UNKL	1
WDR6	1
WDR4	1
DIAPH1	1
DIAPH2	1
DIAPH3	1
SMARCD1	1
GATA4	1
GATA2	1
COX6A2	1
CCND3	1
TCF12	1
TCF19	1
TNKS	1
RPS27L	1
ACVR1B	1
UOX	1
MTL5	1
UROS	1
SEPT7P2	1
MAGEE2	1
UROD	1
GABBR2	1
SH2D5	1
IRG1	1
SOX10	1
CXXC1P1	1
SOX12	1
SH2D7	1
EPPK1	1
C4A	1
C4B	1
SNX30	1
ARHGEF26-AS1	1
IRGQ	1
PDLIM7	1
DPCD	1
PDLIM2	1
CHRAC1	1
MARS	1
INSIG2	1
INSIG1	1
IRGM	1
TMX2-CTNND1	1
ZDHHC3	1
TUBGCP3	1
ZDHHC5	1
ZDHHC7	1
ZDHHC9	1
NBEAL1	1
LIX1	1
TUBA3FP	1
TTC39C	1
TTC39B	1
HES2	1
C1orf140	1
LINC00457	1
C8orf34	1
KLHL25	1
TMEM88	1
KLHL26	1
CAPNS1	1
KLHL20	1
KLHL22	1
TMEM80	1
GABRR2	1
SMS	1
POLG	1
TAF11	1
TRIM59	1
POLB	1
TAF15	1
TRIM54	1
CDC123	1
POLL	1
RNASET2	1
COL6A4P1	1
TRIM52	1
MDK	1
GNAS-AS1	1
CROCCP3	1
ZNF213	1
C2orf15	1
MRPL45P2	1
GGH	1
LAMA1	1
PSMD6	1
LAMA5	1
IL17C	1
CHRDL1	1
CHRDL2	1
LOC399815	1
KIAA1984-AS1	1
ENO1-AS1	1
TAF1C	1
F2	1
GPR157	1
POC1B-GALNT4	1
F8	1
GPR158	1
TAF1L	1
KRTCAP2	1
HTR3E	1
HTR3A	1
FAM89A	1
TMEM151B	1
KTN1-AS1	1
FCAMR	1
HS2ST1	1
EI24	1
SGMS2	1
MITF	1
MOB1B	1
RPTOR	1
NUP153	1
QKI	1
PPFIA2	1
PPFIA1	1
RTDR1	1
MAB21L2	1
TM4SF5	1
LMCD1	1
ZNF648	1
SLC25A2	1
ZNF646	1
PDZD3	1
MIR518C	1
HSD17B4	1
MIR518D	1
ZNF641	1
ALDH3B1	1
CYR61	1
STON1	1
RTN4	1
MIS18BP1	1
RTN1	1
RTN2	1
MIR5186	1
TRIM22	1
HGF	1
PRMT5	1
BACE1	1
ZNF219	1
ATP4B	1
C7orf60	1
C7orf61	1
C7orf63	1
IER2	1
ZNF398	1
ZNF469	1
FAM228A	1
ZNF462	1
CYB561D2	1
ZNF461	1
ZNF394	1
ZNF395	1
PSKH1	1
IL1RL2	1
HUWE1	1
PKP4	1
PKP2	1
NUDT22	1
LOC100130744	1
LOC100653515	1
VAX1	1
SLCO5A1	1
POPDC3	1
FAM173A	1
PPP2R2B-IT1	1
ZNF705D	1
METTL7A	1
METTL7B	1
TEP1	1
LPP	1
UTP14A	1
TEX261	1
UTP14C	1
APOL6	1
GOLGA2P5	1
PROSER2	1
LPA	1
CLECL1	1
C1QC	1
C1QA	1
APOL2	1
MAMLD1	1
PKHD1	1
DDAH1	1
HUS1B	1
MBLAC2	1
OR5K4	1
OR5K1	1
VSIG1	1
SLC29A4	1
SLC29A1	1
ARL4C	1
ARL4A	1
LINC00607	1
ADORA2A	1
LINC00605	1
TIRAP	1
LINC00609	1
EIF4A2	1
FLJ38109	1
CRCP	1
SPHAR	1
PLXDC2	1
RP1-177G6.2	1
CSK	1
MIR600HG	1
MRAP	1
MKI67IP	1
TELO2	1
GALNT6	1
GALNT2	1
PRKCQ-AS1	1
PAAF1	1
TRIM49C	1
DMWD	1
CD70	1
CD72	1
CLOCK	1
ZFHX4	1
RFC1	1
RFC3	1
ZFHX2	1
CCDC64B	1
KIF15	1
KIF11	1
CBX8	1
CBX6	1
CBX4	1
ATXN7L3	1
KIF19	1
NLRP6	1
FASTKD2	1
MAPK3	1
ST6GALNAC3	1
PSEN1	1
BTLA	1
PCDHB19P	1
CYB5D1	1
RAB18	1
WDR25	1
LRAT	1
RAB15	1
RAB14	1
RAB17	1
SP140	1
MAPK4	1
RQCD1	1
RAB1A	1
CKS2	1
RAB1B	1
REP15	1
IGF2BP1	1
IGF2BP3	1
EFR3A	1
IGSF10	1
KIF1B	1
CD109	1
LCE4A	1
ZFP36	1
ZFP37	1
ATHL1	1
AATK	1
LOC100130855	1
CRNDE	1
ERCC6	1
CD244	1
NLRP14	1
CD247	1
MRPS10	1
CD248	1
LOXL2	1
LOC100128593	1
PFKL	1
GPR1	1
VIPR1	1
KCND1	1
KCND3	1
KCND2	1
CCHCR1	1
LSM4	1
TMEM246	1
DIRC2	1
TMEM240	1
FAM207A	1
LSM2	1
ABHD14B	1
MZT1	1
DCBLD2	1
DCBLD1	1
DDX26B	1
CLEC4G	1
CLEC4E	1
MAP6D1	1
CLEC4A	1
SSR2	1
SSR4	1
NCDN	1
KAT6A	1
CTTNBP2NL	1
LOC440117	1
UBN2	1
FGF3	1
APOC2	1
APOC1	1
RANBP10	1
SLC35G3	1
SLC35G6	1
SELENBP1	1
BHLHE41	1
PRODH2	1
OR8G2	1
COX20	1
MAGI3	1
MAGI2	1
MAGI1	1
MYRF	1
ST7-OT3	1
NGEF	1
ST7-OT4	1
HIF1A-AS2	1
SLC25A23	1
SLC25A21	1
GAPT	1
SLC25A24	1
SLC25A28	1
PRMT10	1
MAGIX	1
ULK3	1
GPBP1L1	1
FOXA3	1
CCL19	1
COPB2	1
ISG20L2	1
KIAA1671	1
MIR3911	1
GCM1	1
B9D1	1
KLRC3	1
RASAL2	1
PCDHB3	1
PCDHB7	1
PCDHB5	1
PCDHB4	1
MKS1	1
BECN1	1
BEST4	1
BSN-AS2	1
SDHAP2	1
SDHAP3	1
SMTNL1	1
IMPG2	1
IMPG1	1
FAM22G	1
INSM2	1
FAM22A	1
LOC285000	1
AP4B1-AS1	1
TINAGL1	1
TNIK	1
LOC100128176	1
PSTPIP1	1
DOCK10	1
GCSAM	1
SNX17	1
SNX14	1
SNX12	1
SNX10	1
SNX18	1
ICAM4	1
ICAM3	1
LINC00299	1
LINC00297	1
CTDSP2	1
LOC100128288	1
LY6E	1
PDYN	1
RABGEF1	1
SMTN	1
OCLN	1
TYW5	1
OCLM	1
EBNA1BP2	1
TMEM87A	1
GPR37L1	1
SGK3	1
SGK1	1
MIR744	1
ARPC5L	1
LOC101055625	1
BOD1L1	1
LINC00470	1
LINC00471	1
LINC00473	1
TMTC2	1
LINC00477	1
C1orf168	1
MAP4K1	1
MAP4K3	1
CDH12	1
TRIM73	1
CREG1	1
TRIM71	1
CDH16	1
SPATA20	1
SPATA24	1
RALGAPB	1
DFNB59	1
TCP10L2	1
NCKIPSD	1
NEFM	1
METTL21EP	1
SON	1
NIPBL	1
C2orf73	1
GAK	1
C2orf78	1
LOC728218	1
NRG2	1
GAA	1
SUV39H2	1
TFCP2L1	1
NUMB	1
TMA7	1
MAFG-AS1	1
OR7E12P	1
HCFC1	1
PON1	1
LOC100130992	1
PSAT1	1
SPATA2L	1
PASD1	1
HTR1E	1
CKAP4	1
BCL2L2	1
MIR3198-2	1
PNMA6C	1
GOLGA6L10	1
USP17L28	1
RBM15B	1
SLC38A10	1
NDST1	1
NDST3	1
PRAF2	1
KMO	1
ZNF662	1
ZNF664	1
SCAMP5	1
SCAMP1	1
CELA3B	1
LOC441454	1
TSPAN3	1
C7orf41	1
TSPAN4	1
NXN	1
TDP1	1
ZNF445	1
ZNF441	1
ZNF442	1
EPT1	1
PPIP5K2	1
GFRA4	1
PRAC	1
PPIP5K1	1
L3MBTL4	1
GFRA2	1
PRSS45	1
AFAP1L1	1
PRSS41	1
PRSS48	1
REEP1	1
SLAIN1	1
TIFAB	1
FAM177A1	1
TRABD	1
CPA3	1
KCNAB2	1
CPA1	1
CPA4	1
PVRL1	1
PVRL2	1
ATG9B	1
LNX1	1
STAG2	1
KLRAP1	1
STAG1	1
NPHS2	1
LONP1	1
KRT6A	1
TMEM44-AS1	1
ARG1	1
AP1G2	1
TMEM50B	1
MIR4659A	1
EHD3	1
NDEL1	1
GON4L	1
LOC100271832	1
LINC00661	1
LINC00663	1
LINC00662	1
TMED6	1
TMED4	1
TMED2	1
TMEM201	1
SHANK3	1
HNRNPR	1
HNRNPU	1
HNRNPL	1
LOC340508	1
DIS3L	1
HNRNPF	1
SYDE2	1
SYDE1	1
EGFEM1P	1
XKR5	1
XKR7	1
LOC728084	1
XKR9	1
XKR8	1
GLUD1	1
ANKRD33B	1
PALD1	1
C9orf16	1
LOC100129055	1
CD55	1
AAR2	1
CD59	1
SCP2	1
LINC00087	1
HCG4B	1
UGT1A9	1
UGT1A4	1
LOC344887	1
UGT1A6	1
LOC100130298	1
ZBTB40	1
RAB35	1
HJURP	1
RAB31	1
PCED1B-AS1	1
DOK2	1
LCA5L	1
C6orf222	1
PLS1	1
PLS3	1
CLASP1	1
PDIA6	1
C1orf200	1
PDIA2	1
RAB3A	1
ZBTB49	1
ARMC6	1
LRG1	1
ARMC2	1
AARS	1
PDCD6IP	1
ZDHHC8P1	1
TTC21A	1
SPATA9	1
ZFP57	1
ACTL6B	1
SPATA3	1
C5orf56	1
C5orf54	1
C5orf52	1
WNT11	1
SNAI3-AS1	1
HIST1H4B	1
CEL	1
HSPA6	1
HSPA4	1
HSPA9	1
OR10T2	1
LIFR	1
DLEC1	1
ADIPOQ	1
C22orf46	1
RAP1GAP2	1
PRKAG1	1
C11orf58	1
MIR554	1
IRX4	1
DANCR	1
PCSK1	1
WDR96	1
CAV1	1
CRB1	1
CRB3	1
PPP2R2B	1
LOC100128750	1
GK	1
CNPPD1	1
G2E3	1
CLEC2D	1
CTBP1	1
TSG101	1
LOC100505718	1
MFSD11	1
MFSD10	1
GTF3C1	1
GTF3C4	1
IQSEC3	1
GPRASP2	1
GPRASP1	1
XPO5	1
XPO7	1
SCARNA12	1
LOC400958	1
TTN	1
XPOT	1
LOC100132735	1
DNASE1L1	1
EPS15L1	1
GART	1
HPDL	1
ZEB2	1
LOC157381	1
SFT2D3	1
ATAD1	1
TOP1	1
TCIRG1	1
TMEM192	1
BOP1	1
TMEM196	1
TMEM198	1
C22orf24	1
FOXC1	1
GHRH	1
SESN1	1
GHRL	1
SHROOM3	1
SHROOM1	1
SHROOM4	1
VARS	1
PELI2	1
SPARC	1
ELMSAN1	1
NAPB	1
DBNDD1	1
LDHAL6B	1
CALB2	1
AKNAD1	1
FLJ30679	1
LOC100506810	1
COX19	1
SRPK1	1
BDKRB1	1
CEP170	1
FAM20B	1
CD99	1
GNG12-AS1	1
ADARB1	1
CXXC1	1
LINC00266-1	1
CXXC4	1
WTIP	1
NPC1L1	1
AGGF1	1
MAGEA9	1
OR6B1	1
OPN1SW	1
EEA1	1
OPHN1	1
LINC00272	1
SLIT3	1
GCDH	1
SLIT1	1
FIP1L1	1
HOMER2	1
SEL1L2	1
NOLC1	1
MIR766	1
FEZ1	1
MIR769	1
THAP1	1
NIPAL2	1
SNW1	1
NIPAL4	1
THAP6	1
THAP9	1
HSD17B7P2	1
SYBU	1
CHID1	1
EWSR1	1
QTRTD1	1
TRIM14	1
TRIM16	1
CHI3L2	1
MUC16	1
MIR498	1
ARL2BP	1
ASB2	1
ASB1	1
LOC100506895	1
ASB4	1
LOC649133	1
IL1RAPL1	1
HDAC8	1
SLC47A2	1
SLC47A1	1
C2orf54	1
DPY30	1
RINT1	1
LOC283710	1
TBL3	1
SH3BGRL	1
IQCC	1
PDE8B	1
DBH	1
POM121L9P	1
TMEM44	1
TAF5L	1
TMEM43	1
MIR940	1
SERINC4	1
SERINC1	1
ASTE1	1
MED1	1
MED7	1
GABRA4	1
SMARCB1	1
MNX1	1
ZNF600	1
LOC63930	1
PIN1P1	1
ZNF608	1
TREX1	1
ACVR2B	1
AKR1C2	1
KXD1	1
PPP1R9B	1
GCA	1
TCF7	1
TCF3	1
GCK	1
NPFFR1	1
EPS8L3	1
STK32C	1
STK32B	1
AZGP1	1
NXPH3	1
MDN1	1
LGR5	1
RASGRP3	1
PRSS30P	1
AMPD2	1
BMP10	1
RPS6KB2	1
WWTR1-AS1	1
MRGPRX3	1
PRELP	1
TNFRSF6B	1
DPAGT1	1
SEPHS2	1
TET2	1
LOC440300	1
SLMO2	1
MIR1295A	1
BUD13	1
DLST	1
YOD1	1
F2RL3	1
F2RL1	1
ST6GAL2	1
ST6GAL1	1
IL1F10	1
PRDX2	1
SNORA36A	1
AP3S2	1
LINC00642	1
AP3S1	1
PITX2	1
LINC00649	1
OTUB1	1
AXIN1	1
MMRN2	1
CAMP	1
ZNF252P	1
RDH10	1
SULT2A1	1
GJA1	1
PDIA3P	1
NDUFB2-AS1	1
NBPF16	1
NBPF15	1
NBPF11	1
VASP	1
PAPOLA	1
IGLON5	1
KATNB1	1
DCAF7	1
DCAF5	1
ZSCAN32	1
ZSCAN30	1
ERV3-1	1
ZFY	1
GLUD1P7	1
GLUD1P3	1
IFI27	1
CD37	1
TXNDC9	1
ZNF321P	1
POLR3E	1
POLR3C	1
TXNDC2	1
TOPORS	1
DNMT1	1
FAM46C	1
PSD2	1
TUT1	1
ASRGL1	1
WDR67	1
WDR65	1
C1orf226	1
SLC25A3	1
PRMT3	1
PRMT1	1
SLC25A6	1
SLC25A4	1
TMEM176A	1
TMEM176B	1
SIRT2	1
TTC23L	1
ORMDL3	1
KIF5A	1
KIF5C	1
MASP2	1
NCMAP	1
CD3E	1
CD3G	1
CCDC51	1
HSPG2	1
KAT2A	1
CD209	1
FOXJ3	1
IFNGR1	1
IFNGR2	1
TDRD12	1
TDRD10	1
C6orf10	1
IARS2	1
USP49	1
USP45	1
USP47	1
PPARGC1A	1
XDH	1
CDK2AP2	1
RPL10A	1
PLIN1	1
OR52N1	1
KCNK12	1
CDK11B	1
FAM203A	1
KCNK10	1
SCRN2	1
GGTA1P	1
MIR135A1	1
TNP2	1
NANOS1	1
NANOS2	1
CYP2E1	1
RBCK1	1
VAT1L	1
RPS7	1
LRRC37A6P	1
ADAMTS13	1
ADAMTS15	1
RPS2	1
ABO	1
ADAMTS19	1
VDAC1	1
ZNF503-AS2	1
SLC52A3	1
DEF6	1
DHX57	1
DEF8	1
ARPP19	1
SLC6A19	1
SLC6A18	1
TMEM205	1
SLC6A13	1
TMEM209	1
SLC6A16	1
GALT	1
HMGCS2	1
BLOC1S5	1
KIAA1456	1
KIAA1328	1
GALE	1
IGSF23	1
IGSF22	1
GALM	1
NUP50	1
RPSA	1
ADRB1	1
ADRB3	1
SCARNA17	1
SCARNA14	1
TMEM74B	1
FCGR3B	1
OR2AK2	1
ALDH1A2	1
FBXO34	1
PRICKLE3	1
RPL29	1
DEFB4B	1
PCYOX1	1
RPL27	1
MRTO4	1
MKRN7P	1
SLC16A14	1
GLT25D1	1
SLC16A11	1
SLC16A13	1
SPINK8	1
LOC100132247	1
ZNF350	1
EYA3	1
MPND	1
CALHM1	1
CALHM3	1
LOC649352	1
LOC642846	1
PIEZO1	1
KRTAP13-2	1
ZUFSP	1
LOC348761	1
WFDC11	1
WFDC12	1
ZNF727	1
ZNF358	1
OAZ3	1
KLKP1	1
FAM26E	1
RSPH6A	1
HAVCR1	1
HAVCR2	1
FXYD7	1
FXYD2	1
FXYD3	1
KIAA0146	1
FBP1	1
PLIN4	1
IGFN1	1
C6orf15	1
SMAP2	1
PALM2-AKAP2	1
LINC00254	1
URI1	1
ABCB6	1
CYP2A13	1
CCR10	1
NKIRAS1	1
RBP2	1
RBP4	1
RBP7	1
KRAS	1
LOC415056	1
ADAM2	1
ACYP2	1
LOC100506071	1
ARPC1B	1
EEF1D	1
ACSL6	1
ADAM9	1
NKX1-2	1
ZNF890P	1
C20orf166	1
ARPC1A	1
EGFL8	1
TRIM38	1
ANXA2R	1
RPL9	1
HR	1
RPL7	1
OLFML3	1
TMEM120B	1
RPL3	1
G6PC2	1
LOC283692	1
CTIF	1
THAP10	1
ACSL5	1
LUC7L	1
CYGB	1
OR6Y1	1
MNT	1
SCT	1
GPRC5B	1
FLYWCH1	1
RCN3	1
RCN1	1
FPGT-TNNI3K	1
MN1	1
RHOQ	1
DNAJC30	1
RHOV	1
RHOU	1
RHOJ	1
ANKRD24	1
ANKRD23	1
IFIT1B	1
GOLGA6A	1
ACO1	1
RHOA	1
ACO2	1
RHOG	1
RHOF	1
PBK	1
ANKRD28	1
INHA	1
TMEM62	1
TMEM60	1
TMEM68	1
KLHL42	1
KLHL40	1
CIR1	1
UGT8	1
PYROXD2	1
IL20RB	1
P2RY13	1
ZNF629	1
OGFOD2	1
ZNF625	1
ZNF627	1
ZNF621	1
ZNF623	1
UGT2B17	1
OLFML1	1
APAF1	1
BAI1	1
TRIM37	1
PDZK1P1	1
MLXIP	1
ADA	1
TMEM120A	1
ADK	1
PROX2	1
ZNF488	1
BRWD1	1
ATCAY	1
RASGRF2	1
ZNF480	1
ZNF483	1
LOC286190	1
IGFALS	1
41335	1
PRM3	1
DECR1	1
KIAA0513	1
CD200R1L	1
ACVR1	1
KALRN	1
JUND	1
HIST1H2AM	1
HIST1H2AH	1
SWSAP1	1
H1FX-AS1	1
HIGD1A	1
HIGD1B	1
41519	1
FAM179A	1
TMPRSS9	1
TRAF2	1
TRAF5	1
KLB	1
TRAF7	1
HOOK3	1
TMPRSS3	1
TMPRSS4	1
TMPRSS6	1
ESD	1
ABCC10	1
EMG1	1
SCD	1
TBC1D10B	1
MIR205HG	1
MOV10	1
ABP1	1
BPIFB2	1
MOCS1	1
TOMM40	1
BPIFB4	1
COMMD9	1
COMMD2	1
COMMD5	1
MIR4295	1
METTL13	1
METTL16	1
METTL14	1
METTL15	1
NPR1	1
NPR3	1
ZMYM4	1
CAMK2D	1
CYP2B7P1	1
CAMK2A	1
C17orf76-AS1	1
TMEM184A	1
TMEM184C	1
KAZALD1	1
APBA3	1
CYP2W1	1
TROAP	1
OR5A2	1
OR5A1	1
CD1D	1
CD1B	1
CD1A	1
ANO5	1
NRSN2	1
CELF4	1
CELF3	1
CELF1	1
POLR1A	1
POLR1C	1
POLR1E	1
SPATA31A1	1
SPATA31A2	1
SPATA31A4	1
MC4R	1
SPATA31A6	1
WDR43	1
WDR45	1
WDR47	1
WDR49	1
GTF2B	1
JAK3	1
GRM4	1
GRM6	1
GTF2I	1
NR1H2	1
HOXB8	1
NMRAL1	1
HOXB1	1
CHUK	1
PPARD	1
SPAM1	1
WFDC8	1
SPDEF	1
CD14	1
MIR3179-1	1
GOLGA6C	1
EFCAB4A	1
CD19	1
ASH2L	1
MKRN1	1
DYRK3	1
MKRN2	1
KIAA0947	1
LHFPL5	1
SAMSN1-AS1	1
PTGES	1
LHFPL3	1
WFDC5	1
FAM74A1	1
FAM74A3	1
ANKRD29	1
ELL3	1
ELL2	1
BHLHB9	1
RIMS3	1
OR4F16	1
OR4C45	1
CEP41	1
ST7L	1
FAM201A	1
ZYG11A	1
APOBEC3D	1
TLK2	1
APOBEC3A	1
APOBEC3B	1
EFHB	1
FAM72A	1
HSPE1	1
USP54	1
PRKD2	1
TTTY15	1
TTTY10	1
NARG2	1
FAM109A	1
LRRC37A4P	1
GIPR	1
EIF2S3	1
CFL1P1	1
LPIN1	1
PTPN20A	1
KLF7	1
CERKL	1
KLF3	1
KLF1	1
TMEM222	1
TMEM220	1
N4BP1	1
N4BP3	1
KLF8	1
HEATR4	1
HEATR2	1
FAM189B	1
REST	1
TPH2	1
NDUFC1	1
AGO1	1
MAP3K10	1
MAP3K11	1
MAP3K12	1
MAP3K13	1
MAP3K14	1
DDA1	1
SLC1A4	1
CYP11B1	1
STXBP5L	1
FUCA2	1
SLC1A3	1
LINC00176	1
LOC100505806	1
DHTKD1	1
GPT	1
DCTPP1	1
FCGR1A	1
MICB	1
RARA	1
GNL1	1
RARG	1
DHRS7	1
DHRS3	1
DHRS1	1
MIPEP	1
CACUL1	1
DYRK1A	1
DYRK1B	1
NABP1	1
CCNL1	1
JAKMIP2	1
CCNL2	1
DHRSX	1
GNLY	1
NOMO2	1
NOMO1	1
IMPA1	1
MTFP1	1
TPR	1
PHGDH	1
KITLG	1
OR4F29	1
SLC2A9	1
PTGES3	1
SLC2A6	1
SLC2A5	1
SLC2A3	1
SLC2A2	1
SLC2A1	1
DIXDC1	1
PLAGL1	1
OR6F1	1
SYF2	1
METRNL	1
SMLR1	1
CCAR1	1
MTDH	1
ZNF273	1
MADD	1
LINC00238	1
ZBTB8A	1
SHKBP1	1
CEACAM3	1
CEACAM5	1
CEACAM7	1
LRRTM2	1
LOC100288346	1
CEACAM8	1
SLC46A2	1
ENG	1
GTF2IRD1	1
F12	1
RBMY1J	1
LOC100506050	1
FZD7	1
TBC1D30	1
PPT2	1
CACNB2	1
SEC24B-AS1	1
EFCAB6-AS1	1
NODAL	1
TNR	1
JAKMIP2-AS1	1
GPR75	1
RCOR2	1
TIGD2	1
TIGD4	1
TIGD6	1
FLT4	1
FLT3	1
C21orf49	1
PTPRCAP	1
KIAA1958	1
OXSM	1
SUGP1	1
H1F0	1
RCL1	1
MRPS18B	1
FIGNL1	1
RUNX1-IT1	1
ELMOD2	1
S100PBP	1
CHAMP1	1
SKIV2L2	1
TAF9B	1
BPI	1
USP17L1P	1
LCN8	1
SF3B2	1
ALOX15	1
AFG3L1P	1
SEMA6D	1
SEMA6B	1
SEMA6A	1
CNIH2	1
ELAC1	1
PKI55	1
DDHD2	1
ADCK3	1
ADCK1	1
DNAJC17	1
SCN2A	1
RTBDN	1
DNAJC10	1
EPRS	1
EIF5A	1
RLIM	1
FEM1C	1
ASF1B	1
DNAJC19	1
SUPT16H	1
MLN	1
FAS-AS1	1
NAT8B	1
MS4A6E	1
METTL21A	1
SCML2	1
SCML1	1
SCML4	1
CXorf49	1
NRL	1
PFKFB3	1
FAM195A	1
PFKFB4	1
ACTG1	1
ADD1	1
ZDBF2	1
PPP4R2	1
PKD2L2	1
HIST1H1E	1
MIR1270-1	1
LTBR	1
MAP3K9	1
MAP3K3	1
MAP3K6	1
MAP3K4	1
PET117	1
MARVELD2	1
TPGS2	1
CCBP2	1
ZNF207	1
FMO1	1
ZNF202	1
ZNF200	1
GPX2	1
ZNF208	1
EVX2	1
SETD8	1
PRR14L	1
SETD2	1
SETD4	1
SETD6	1
TMEM45A	1
LOC146513	1
LOC100133612	1
PRAMEF13	1
MARCKSL1	1
PRSS21	1
PRSS23	1
RGP1	1
EME2	1
RAD21-AS1	1
DUOX1	1
DUOX2	1
VENTXP7	1
RIT2	1
ZNF486	1
GLYR1	1
KRTAP4-8	1
PCNXL4	1
PCNXL2	1
KRTAP4-1	1
KRTAP4-6	1
RRM2B	1
PTCSC3	1
FRZB	1
BZW2	1
GUCY2GP	1
SPRR2G	1
SPRR2A	1
SPRR2C	1
KRTAP12-1	1
KRTAP12-2	1
OR5C1	1
PALB2	1
CDHR4	1
ST8SIA2	1
ST8SIA1	1
LOC147646	1
SHQ1	1
C6orf170	1
HERC4	1
STX1A	1
STX1B	1
OR2A25	1
BTBD19	1
BTBD17	1
HARS	1
LOC731275	1
SIK1	1
CTDNEP1	1
KRT80	1
KRT81	1
KRT82	1
CST9L	1
KRT86	1
SNAR-A9	1
TSEN2	1
SNAR-A1	1
TPRXL	1
MAST1	1
MAST3	1
MAST4	1
SALL3	1
QARS	1
GALK1	1
CYP1A1	1
RAB9B	1
STX11	1
LINC00578	1
FARSA	1
C9orf72	1
LINC00570	1
ZMIZ1	1
LINC00575	1
LOC285696	1
SLURP1	1
CUTC	1
MOSPD3	1
IL23R	1
SHANK2-AS1	1
RIMBP3B	1
TM9SF1	1
TLN2	1
PCDHGA12	1
DPP8	1
RSBN1L-AS1	1
STK33	1
DPP4	1
OR7E2P	1
CEP63	1
COQ10B	1
GLTSCR2	1
IK	1
CYP2A6	1
OR7E24	1
MRPS16	1
HS1BP3	1
NOC3L	1
RNFT1	1
SYN3	1
HIAT1	1
SECISBP2	1
PRPF18	1
A4GALT	1
LOC728730	1
OR10R2	1
FLJ36777	1
TRMT61A	1
TRMT61B	1
ZFYVE9	1
ZNF300P1	1
DGCR9	1
CTU2	1
MUM1	1
CCDC88A	1
RXFP3	1
RXFP2	1
RXFP4	1
DGCR6	1
ZNF782	1
ZNF785	1
GOT2	1
RNASEK	1
ZNF788	1
RPP40	1
RNASE8	1
QTRT1	1
OR2T4	1
OR2T3	1
BRAT1	1
OR2T1	1
SNAP25-AS1	1
SCAND2P	1
CCDC82	1
LAMB1	1
CCDC80	1
CCDC87	1
ROBO4	1
CCDC84	1
ZNF569	1
ZNF567	1
ZNF565	1
HSD11B1	1
ZNF563	1
ZNF561	1
STMN4	1
RHOT2	1
ACRBP	1
DCLK1	1
NOX4	1
TOMM22	1
C1orf151-NBL1	1
UBE3C	1
MIAT	1
LINC00623	1
TOP2B	1
IPW	1
SDAD1	1
SNORD32A	1
SLC26A3	1
SLC26A5	1
MIA3	1
SLC26A7	1
SLC26A9	1
FGF5	1
GET4	1
FGF1	1
OLFML2B	1
BCAM	1
HTA	1
GLOD5	1
SDC2	1
SDC4	1
ELOVL6	1
ELOVL4	1
ELOVL5	1
ELOVL2	1
AMY1A	1
AMY1B	1
POM121C	1
NUDT4P1	1
CWF19L1	1
NAA20	1
NAA25	1
KIN	1
SGCG	1
SGCD	1
CNKSR3	1
SGCZ	1
DUSP5	1
DUSP7	1
DUSP6	1
DUSP2	1
LRRC8D	1
GBGT1	1
NKD2	1
RBL1	1
LRRC8B	1
OR51E1	1
NMRK2	1
LOC100506035	1
XRCC6BP1	1
LINC00629	1
MTF2	1
LEP	1
TPTE2P3	1
TBC1D19	1
TPTE2P5	1
TBC1D13	1
TOR4A	1
TBC1D16	1
TAB1	1
TBC1D14	1
NUMA1	1
C21orf67	1
C21orf62	1
HSPA1B	1
FAM83H	1
GPR56	1
BAZ2B	1
FAM83C	1
CACTIN	1
MIR101-2	1
FAM83D	1
C12orf71	1
C12orf73	1
C12orf74	1
C12orf76	1
TMEM254-AS1	1
DGKK	1
DGKI	1
DGKA	1
DGKD	1
COPZ1	1
TMEM106C	1
TMEM106A	1
PTGIS	1
CLTCL1	1
RTEL1	1
ANKRD66	1
NPM2	1
FLJ40292	1
TXNDC15	1
ATF1	1
RHCE	1
CCSAP	1
TMEM25	1
TXNDC12	1
DGCR11	1
C1orf95	1
AHNAK2	1
PPP3R2	1
PPP3R1	1
FAM222A	1
IQCB1	1
SCG2	1
AP5S1	1
SEMA4A	1
MPHOSPH6	1
SEMA4F	1
SEMA4G	1
CTAGE9	1
OTUD7B	1
SQRDL	1
CTAGE4	1
OR6W1P	1
GLP1R	1
SCN4A	1
MIR1203	1
TMCO4	1
CEBPE	1
SCCPDH	1
SERP1	1
MS4A4A	1
STRBP	1
GALNT10	1
TTI1	1
AHR	1
COLEC12	1
LOC652276	1
TXNRD1	1
ACTA2	1
ZNF195	1
LOC100505624	1
PDS5A	1
PDS5B	1
TSTD1	1
BNIPL	1
TADA2B	1
OR1I1	1
RSBN1L	1
UBXN2B	1
VWA5B2	1
VTA1	1
EDARADD	1
ZNF221	1
ZNF223	1
ZNF225	1
ZNF227	1
CBLL1	1
KIF7	1
KCNQ5	1
KCNQ3	1
ALDH8A1	1
VEGFA	1
VEGFB	1
C3P1	1
BNIP1	1
ASTN1	1
EMC9	1
SHD	1
NAB1	1
CLCC1	1
OTUD4	1
AP3M1	1
SPEM1	1
AKAP14	1
TRIM43B	1
AKAP10	1
HTRA4	1
COL2A1	1
HTRA2	1
BSDC1	1
SPI1	1
MFSD6	1
S100Z	1
UNC5CL	1
CYP21A2	1
EGLN3	1
C17orf82	1
NASP	1
SPIB	1
MIR4787	1
ARID5B	1
MAP2K2	1
LOC100129722	1
LOC641367	1
LAPTM4B	1
ALG1L2	1
WDR85	1
ALOX5AP	1
WDR81	1
NLRC5	1
ASB9P1	1
HLA-DRA	1
B3GALT2	1
SNAR-C2	1
ESYT1	1
CXCR3	1
CXCR7	1
PSMD6-AS2	1
JAG2	1
JAG1	1
CLRN1	1
QRICH1	1
CRYBB1	1
EXOC3	1
HAP1	1
EXOC4	1
BNC2	1
EXOC8	1
ANK1	1
ANK3	1
CHRNG	1
MGAT4B	1
LINC00550	1
RAD17	1
CRAMP1L	1
EVA1B	1
OR9A2	1
C5AR1	1
TNRC6C	1
TNRC6B	1
USP28	1
USP25	1
USP22	1
ADAMTS5	1
BCRP2	1
ADAMTS1	1
ARHGEF9	1
ARHGEF7	1
ARHGEF2	1
COTL1	1
TSPEAR	1
GMCL1	1
CDH1	1
RP1L1	1
CDH7	1
CENPO	1
SLC10A4	1
CENPM	1
CENPJ	1
CENPH	1
SENP3-EIF4A1	1
CENPF	1
RAMP1	1
HYMAI	1
RAMP2	1
LDB3	1
LDB1	1
SSH3	1
CENPV	1
CENPQ	1
LIN9	1
TSPY26P	1
PLEKHA4	1
LOC100130301	1
PLEKHA7	1
PLEKHA1	1
PLEKHA2	1
NETO1	1
PLEKHA8	1
SEC62	1
DHX38	1
TRIB1	1
TRIB3	1
DHX32	1
LOC100506100	1
DHX34	1
DHX36	1
LCE1F	1
LCE1C	1
HRNR	1
LCE1A	1
LINC00424	1
MPLKIP	1
VN1R2	1
ZNF768	1
ZNF765	1
ZNF767	1
ZNF761	1
OR2V1	1
VNN3	1
VNN1	1
DSCR10	1
CLEC11A	1
FAM185A	1
C14orf79	1
SUCLG2	1
SLC4A1AP	1
DOPEY1	1
ZNF501	1
MIR520C	1
ZNF503	1
ZNF502	1
MIR520G	1
ZNF506	1
GPBP1	1
TREM2	1
RPL41	1
MYH2	1
USF2	1
GREB1	1
MYH6	1
PION	1
FAM167B	1
MYH9	1
LOC100287015	1
CELF6	1
ZNF431	1
CADM4	1
FGD5	1
FGD4	1
MPHOSPH10	1
KIAA0430	1
MACC1	1
KRTAP5-2	1
KRTAP5-3	1
PRR5-ARHGAP8	1
KRTAP5-8	1
SATB2	1
SATB1	1
UHRF1	1
FAM149B1	1
CNNM3	1
CNNM4	1
PIP5K1C	1
OR8K5	1
PIP5K1A	1
LOC100288122	1
MYO9A	1
ZBTB8OS	1
PHF14	1
PHF15	1
PHF16	1
PHF11	1
PHF13	1
ZNF862	1
DNM1P46	1
SLC5A1	1
MEGF8	1
LOC100505978	1
CCNB1IP1	1
TSLP	1
LOC100506172	1
STIP1	1
RAVER2	1
ALX3	1
RB1	1
ZBTB3	1
ZBTB1	1
ATAD3C	1
ATAD3B	1
MAT2B	1
LOC653513	1
CARD10	1
CARD14	1
CASC2	1
MIR3646	1
ARR3	1
CASC4	1
PXMP2	1
PXMP4	1
LOC284379	1
HCG22	1
NUDT16	1
ABCC3	1
IMMT	1
SLC6A3	1
BOLA2B	1
SLC6A7	1
NDUFB9	1
NDUFB6	1
SLC6A9	1
NDUFB4	1
ASB12	1
FAM213B	1
KIAA1919	1
TMOD1	1
GPR32	1
GPR34	1
NAALADL1	1
C12orf57	1
C12orf52	1
DNAH12	1
FAM50A	1
FMNL3	1
STAP2	1
ZIC5	1
NEXN	1
MAPRE1	1
TBC1D26	1
ANKRD45	1
AQP7	1
AQP5	1
AQP3	1
ANKRD42	1
TBC1D24	1
AQP8	1
MIR125B1	1
PATZ1	1
TAGAP	1
MPV17L	1
EIF1B-AS1	1
PGGT1B	1
RHAG	1
ZNF79	1
SNHG1	1
POM121L12	1
RNF215	1
RNF214	1
RNF217	1
RNF216	1
LZTR1	1
RNF213	1
MED29	1
MED21	1
MED20	1
ENAH	1
MED22	1
LOC100862671	1
MED26	1
CC2D1B	1
C10orf131	1
FNBP1L	1
UTS2R	1
LOC100128554	1
LOC100131551	1
YARS	1
RBM33	1
SENP6	1
LOC100129148	1
RBM39	1
EPHB2	1
EPHB1	1
EPHB6	1
PARP9	1
PARP4	1
PARP6	1
PTPDC1	1
HOXB7	1
BCCIP	1
TP53INP2	1
BTNL2	1
MELK	1
FGF23	1
MDFI	1
RASIP1	1
LAGE3	1
ACTC1	1
ZNF35	1
SH3GL1	1
SPACA5B	1
SLC10A7	1
PART1	1
FHL3	1
OR1K1	1
FTH1	1
BSPRY	1
ITPRIPL2	1
KIAA1751	1
LOC732275	1
ALDH7A1	1
RAD51D	1
FRMD8P1	1
CTDSPL2	1
VTRNA1-3	1
VTRNA1-1	1
HMGXB4	1
DIP2B	1
BAHD1	1
MYLPF	1
DCLRE1C	1
YES1	1
DCLRE1A	1
ECT2	1
PI4KAP1	1
NADK	1
LOC100506795	1
ZCCHC8	1
KCNS2	1
ZCCHC3	1
ZCCHC6	1
ZCCHC4	1
C17orf62	1
C17orf66	1
SPOP	1
ADAM21P1	1
SLCO2A1	1
OR2M4	1
TP53BP1	1
LOC400456	1
OR2M2	1
THTPA	1
ZNF804B	1
UPP2	1
ARID3C	1
ARID3B	1
MRPS31	1
RAMP2-AS1	1
CD300LG	1
ADPRHL2	1
LOC392196	1
DARS	1
LYPLA2	1
GLRX2	1
PIH1D3	1
S100A10	1
LOC100507557	1
PHYHIP	1
C19orf40	1
PRAP1	1
AHCYL1	1
C19orf45	1
C19orf48	1
A4GNT	1
GRK4	1
GRK1	1
CAPN5	1
CAPN2	1
RPE	1
NECAB1	1
SPAG8	1
PRRC2C	1
SPAG4	1
KLHL6	1
KLHL4	1
KLHL3	1
KLHL8	1
CAB39L	1
FUT10	1
PTMA	1
LINC00534	1
LINC00536	1
KDELR2	1
LINC00538	1
LRRD1	1
MAMDC4	1
FSBP	1
AANAT	1
ST18	1
LOC730101	1
LOC100506207	1
LYG1	1
TCTN2	1
TCTN1	1
SOHLH1	1
GRAMD3	1
PCTP	1
GRAMD4	1
PRDM14	1
LOC728558	1
RGMA	1
DCHS1	1
FAM133DP	1
LCE6A	1
SERPINB10	1
SERPINB12	1
CMA1	1
PLEC	1
LRMP	1
PLEK	1
LOC100130899	1
GSTT2B	1
SF3B14	1
SLC6A10P	1
TUBBP5	1
SPOCK2	1
LINC00523	1
FNBP1	1
CLDN11	1
BTN3A2	1
FNBP4	1
SLC32A1	1
CLDN19	1
APOOL	1
TENM2	1
TENM4	1
MIR512-2	1
GAD2	1
ZNF747	1
ZNF740	1
LCE3E	1
ODF3L2	1
PHIP	1
LOC441242	1
DDB2	1
MPV17L2	1
SYNE2	1
FAM187B	1
SYNE4	1
FAM170B	1
YTHDC2	1
TRPS1	1
ZNF527	1
LOC100287632	1
ZNF525	1
ZNF528	1
ARHGEF28	1
RNF144B	1
FAM86EP	1
STEAP2	1
ARHGEF25	1
STEAP4	1
OTC	1
LOC100129931	1
SLX1B-SULT1A4	1
DSCAM	1
UBASH3A	1
AVL9	1
GRHL2	1
ZNF818P	1
GCLC	1
C1GALT1	1
WHAMM	1
MIR5088	1
DAPK1	1
NR3C2	1
PABPN1	1
ULK1	1
DPY19L4	1
MIR4688	1
PIM1	1
IL18R1	1
MYNN	1
TNN	1
FAM138C	1
FAM138A	1
GORAB	1
RNLS	1
MYO7B	1
UBL7	1
UBL3	1
STK10	1
POLG2	1
GPAT2	1
FKBP5	1
FKBP7	1
SEC23IP	1
LINC00707	1
FKBP8	1
LINC00700	1
TYROBP	1
PPME1	1
SV2C	1
SLC27A2	1
LOC645638	1
WIPI1	1
ZNF638	1
LOC284395	1
FKBPL	1
GM2A	1
FDXACB1	1
UPK3BL	1
CSRP2	1
LOC100289673	1
GPR17	1
ATP6V1D	1
HSD17B10	1
ATP6V1F	1
ATP6V1A	1
HSD17B14	1
GPR19	1
AGXT2L2	1
SPTSSB	1
PANK1	1
NPIP	1
PANK2	1
ETAA1	1
PLCL2	1
KIF2B	1
HEATR5A	1
RPL19P12	1
RAP1GDS1	1
IGJ	1
PLXNC1	1
ZNRF1	1
ZNRF3	1
C10orf68	1
GPX1	1
CBS	1
PRDM7	1
SLC22A1	1
PDE6D	1
MYBBP1A	1
IL11RA	1
FLNA	1
FLNC	1
SLC22A8	1
PRDM9	1
EFCAB2	1
RCAN1	1
RCAN2	1
WASH7P	1
PRKCSH	1
FAM226B	1
HIC1	1
HFM1	1
RAD51AP2	1
SAP30BP	1
ICA1L	1
SIT1	1
PARVA	1
TPRA1	1
MIR122	1
BEND7	1
BEND3	1
RXRB	1
CCNYL1	1
ALDH9A1	1
GRAMD1B	1
CXorf23	1
YAP1	1
ALK	1
SUCLA2	1
RELL2	1
ABCA7	1
ABCA5	1
ABCA3	1
RFT1	1
CIZ1	1
TUBGCP5	1
ZNF492	1
LOC100505619	1
MGC16142	1
ZNF490	1
PSMD3	1
NLGN3	1
RTP4	1
ZNF18	1
ZNF19	1
ZNF14	1
ZNF10	1
ZNF12	1
MYBPHL	1
PROP1	1
PPP5D1	1
SPON2	1
BANP	1
SCN8A	1
KIAA1731	1
ST6GALNAC6	1
ST6GALNAC4	1
COPS7B	1
CIDECP	1
LOC642361	1
NAF1	1
OR5E1P	1
NCK2	1
DKK4	1
DKK3	1
DKK1	1
RABGGTB	1
KIF13B	1
CES4A	1
AVPR1B	1
HPS5	1
HPS6	1
HPS3	1
TMED11P	1
DOM3Z	1
HOXA9	1
NFE2L3	1
NFE2L1	1
ATP8B5P	1
ROPN1L	1
ZNF267	1
ZNF263	1
ZNF268	1
LOC440905	1
TSNAX	1
PLBD1	1
PTAR1	1
MCHR1	1
CORIN	1
RPH3A	1
CACHD1	1
CEP350	1
HPSE	1
ZC3H11A	1
ARID1B	1
DHRS4L1	1
DHRS4L2	1
YIPF3	1
YIPF5	1
YIPF7	1
SDR39U1	1
CYB5R3	1
CYB5R2	1
CYB5R1	1
SPTAN1	1
SUDS3	1
TCF7L2	1
MIR4479	1
BTF3L4	1
YPEL1	1
C19orf60	1
YPEL2	1
FTSJ2	1
MKL1	1
MKL2	1
DERL1	1
SRMS	1
C11orf53	1
SAPCD2	1
C11orf57	1
UNC93A	1
SORL1	1
NLGN4X	1
NCR3	1
TICAM2	1
SLC24A3	1
IBTK	1
EIF4E	1
BCAR3	1
EIF4B	1
LINC00518	1
TNS1	1
CD96	1
S100A7A	1
CYB5RL	1
CLEC10A	1
EFNB3	1
HDAC2	1
THEMIS	1
HDAC4	1
HDAC6	1
CIRBP	1
TMEM161A	1
NHLH2	1
OXSR1	1
LOC145837	1
ITIH2	1
ITIH5	1
ITIH4	1
KIAA1549L	1
FXR2	1
FILIP1	1
CDT1	1
UCMA	1
SKAP2	1
TNFSF9	1
CHPT1	1
TRAPPC10	1
TRAPPC12	1
CST4	1
AURKAPS1	1
PTPLAD1	1
RRS1	1
GMPPA	1
SNRPD2P2	1
CMC1	1
JOSD2	1
OXGR1	1
OIT3	1
LOC100272228	1
OR10H2	1
OR10H1	1
OR10H4	1
KL	1
HNRNPA1P33	1
RAD51	1
AMIGO1	1
KY	1
AMIGO2	1
SRCAP	1
USP2	1
USP4	1
USP5	1
USP6	1
FAM86C1	1
CECR3	1
RNF39	1
SOX3	1
SOX1	1
SOX4	1
SOX5	1
ZNF721	1
LOC440173	1
CEBPA	1
UGT1A10	1
ZNF729	1
LCE5A	1
ZNF541	1
INTS3	1
INTS2	1
INTS1	1
KLRC2	1
INTS7	1
KLRC4	1
INTS5	1
LOC100507373	1
INTS9	1
SLC1A6	1
CTNNA3	1
FAM181A	1
OR5AU1	1
SELRC1	1
TGIF2	1
ARHGEF40	1
LOC388906	1
CDRT15	1
TM7SF2	1
EPB41L4B	1
EPB41L4A	1
MYL4	1
BLCAP	1
ATP2C1	1
MYL9	1
NALCN-AS1	1
LINGO4	1
LINGO3	1
LINGO2	1
LINGO1	1
CERS1	1
TFB2M	1
MPP7	1
MPP5	1
MPP4	1
FAM110A	1
PCDHAC1	1
INHBE	1
MGC27382	1
FAM210A	1
EXTL1	1
EXTL3	1
STAU2	1
RGSL1	1
SNORD83A	1
LY86-AS1	1
IKBKB	1
DONSON	1
LOC286370	1
MYO5A	1
SNORA71B	1
SYNM	1
PLCB3	1
YME1L1	1
GORASP1	1
GSPT1	1
CRTC2	1
PNMAL1	1
TSHR	1
AP4B1	1
SUMF2	1
SDHAF2	1
NCALD	1
LOC400084	1
PIK3IP1	1
SURF1	1
HECA	1
FNDC3B	1
ZFAND2B	1
ZFAND2A	1
GNL3	1
MIER3	1
GBP2	1
ACSF3	1
MAN2A2	1
MB21D2	1
CORO2A	1
CCDC135	1
CCDC136	1
RBFOX2	1
CCDC132	1
SPACA3	1
PRTFDC1	1
OTOF	1
STK31	1
USP17L15	1
RSL1D1	1
USP17L13	1
USP17L12	1
USP17L10	1
STK39	1
GGNBP1	1
SYN1	1
LINC00184	1
THEG	1
CD7	1
LAMC3	1
DNAAF2	1
LOC727896	1
STAT1	1
CHRNB3	1
CHRNB4	1
HBEGF	1
CYP7A1	1
GABRB3	1
PODNL1	1
PLXNA3	1
PLXNA1	1
PLXNA4	1
PLN	1
MAS1L	1
BMPR1A	1
BMPR1B	1
MAP2K6	1
CT47A11	1
MAP2K4	1
AACS	1
GTF2IRD2B	1
BTN2A1	1
NLRC3	1
MINK1	1
DYDC1	1
EFCAB14-AS1	1
TSC22D3	1
NET1	1
ATP5G2	1
TNFSF15	1
OR4P4	1
LAMTOR5	1
ALDOA	1
GRPR	1
ALDOB	1
CAND2	1
FMN1	1
ARX	1
TIA1	1
SLC2A4RG	1
BAZ1B	1
ABCC9	1
GATSL2	1
ABCC5	1
ABCC1	1
LEAP2	1
TMOD4	1
DNAH10	1
LOC100505676	1
C2CD4A	1
PSMF1	1
PGM5-AS1	1
APLP1	1
APLP2	1
HRG	1
RPL22L1	1
SUPT20HL2	1
RYR1	1
RYR2	1
GOLGA1	1
GOLGA4	1
GOLGA7	1
SLCO3A1	1
ENPP6	1
ENPP4	1
ENPP1	1
LOC286442	1
GIPC2	1
ELFN1	1
FLJ37453	1
LOC100507299	1
MEGF10	1
CD2AP	1
LOC653160	1
PTMS	1
KDM5A	1
KDM5C	1
COL8A2	1
PDGFC	1
UBE2L3	1
DNM2	1
ICT1	1
LOC440925	1
ZNF287	1
ZNF284	1
ZNF285	1
ZNF283	1
SMIM3	1
OR2B11	1
LOC729444	1
GYS1	1
STK24	1
KIAA0040	1
SERTAD3	1
EVPL	1
STT3A	1
PLAT	1
RFXAP	1
ETV3	1
ETV5	1
ETV7	1
FAM8A1	1
BTBD8	1
BTBD7	1
BTBD1	1
BTBD3	1
TUBA8	1
CFL1	1
C10orf2	1
IKZF4	1
IKZF1	1
IKZF2	1
IGLL3P	1
LOC100506655	1
C11orf71	1
C11orf73	1
IL4I1	1
SPATS1	1
NFIC	1
SPATS2	1
SLC13A1	1
SLC13A4	1
TCEAL4	1
RGS16	1
RGS14	1
RGS12	1
RGS10	1
PSPH	1
SELK	1
IFNA5	1
EMX2OS	1
PHF20L1	1
TIMM23	1
LOC284454	1
HMX2	1
CLEC16A	1
IGFL2	1
ANKAR	1
LOC100506241	1
ELF3	1
ELF5	1
ELF4	1
MIR3148	1
UPK3B	1
KIAA1875	1
PRPS1	1
KRBOX1	1
TTLL11	1
TTLL12	1
LDHA	1
DNASE2B	1
ODF2L	1
DDX10	1
ACAP1	1
CCDC37	1
OR10J5	1
ZNRF2P1	1
LUZP2	1
LINC00310	1
C8orf82	1
SLFN13	1
BCL6B	1
FP588	1
PLEKHG2	1
NFIB	1
H1FOO	1
PLEKHG1	1
PLEKHG6	1
PLEKHG5	1
SELE	1
APPL2	1
LINC00317	1
SELV	1
